label,air_temp,process_temp,rotational_speed,torque,tool_wear,power,temp_diff,type_H,type_L,type_M
0,0.99890715,0.6042704,-0.46060774,0.71830505,-0.84399724,0.85238713,-1.100842,0,0,1
0,-1.5052003,-1.1532751,-0.7755742,0.63845617,0.38226312,0.4803632,1.2996587,0,0,1
0,0.49808568,1.0774629,-1.0076548,0.5586069,0.46086955,0.18404083,0.599513,0,0,1
0,-0.5536425,-0.13930896,-0.7092655,1.6265866,-0.37235865,1.8988608,0.89957476,0,1,0
0,-1.4551151,-1.0180714,1.0700189,-1.1282016,-0.9068824,-1.0016876,1.399679,0,1,0
0,-0.85413843,-0.74768454,0.9208242,-0.8187871,-1.5671765,-0.56090546,0.599513,1,0,0
0,0.34784535,0.67187226,-1.5270733,1.2273419,-0.057932902,0.591816,0.2994503,0,0,1
0,-1.2047043,-0.6800827,-0.69821405,0.019626869,-0.8911611,-0.31171092,1.399679,1,0,0
0,1.9504648,2.159031,0.37930292,0.05955111,-0.45096508,0.5166126,-0.70075804,0,0,1
0,-1.35496,-0.95046955,-0.59875095,0.1992869,0.02067353,0.010489598,1.2996587,1,0,0
0,-0.5536425,0.063496664,-0.40535045,0.24919248,1.2469339,0.22562219,1.1996374,0,1,0
0,-1.054464,-0.95046955,0.8379383,-1.0383716,0.13072254,-0.97078025,0.6995333,0,1,0
0,-0.4033869,0.46908727,0.00355341,-0.36963683,1.0582784,-0.39965835,1.4997002,0,1,0
0,-0.80405325,-1.0856733,-0.13458979,0.009645524,1.1211636,0.07391622,-0.0006123865,0,1,0
0,0.19758973,-0.13930896,-0.6540082,0.71830505,-1.6929468,0.69106215,-0.6007378,0,0,1
0,-0.6537976,-0.071707085,0.42903444,-0.6990136,1.4984745,-0.64779836,1.1996374,0,1,0
0,-1.1546191,-0.8828677,-1.6044334,2.0358126,0.5551973,1.5082728,0.999596,0,1,0
0,-0.5536425,-0.00410521,0.13617088,-0.61916476,1.1840488,-0.6964106,1.0996172,0,1,0
0,-0.95429355,-0.8828677,0.15827379,-0.70899457,-1.5357338,-0.8210176,0.599513,0,1,0
0,2.0506353,2.159031,-0.58217376,1.0077572,-1.0169314,1.1570882,-0.9007995,0,1,0
0,1.2493179,0.7394741,0.17485097,-0.57924014,1.467032,-0.61193967,-1.4009037,0,1,0
0,-0.4033869,-0.8152864,2.0370212,-1.8668044,-0.057932902,-1.89002,-0.40069535,1,0,0
0,-0.20306134,0.13109854,-0.394299,0.7981539,-1.5514551,1.0223836,0.599513,0,1,0
0,0.49808568,1.4830534,-0.2782587,0.029607834,0.14644383,0.0011829655,1.1996374,1,0,0
0,-0.45347208,0.33388352,-0.83083147,2.1356237,-0.6867844,2.4696794,1.399679,0,1,0
1,1.1992327,0.13109854,-1.0408092,0.5087014,0.94822943,0.091356985,-2.2010705,0,1,0
0,-0.45347208,0.33388352,-0.040652413,-0.33969358,-0.71822697,-0.38313556,1.399679,0,1,0
0,0.29776013,-0.27449208,1.0313388,-0.9984471,0.6180824,-0.80218947,-1.0008208,0,1,0
0,0.8486668,0.80707604,0.27431408,-0.20993873,-0.5138502,0.02231561,-0.50071657,0,1,0
0,-1.6053706,-1.6940489,-1.0629121,1.4768697,-1.0169314,1.3496821,0.6995333,0,1,0
0,0.34784535,1.212646,-0.2948359,0.728286,-1.3942423,1.0051768,1.0996172,0,1,0
0,-0.20306134,0.67187226,-0.60427666,-0.1700145,0.25649282,-0.5103007,1.399679,0,1,0
0,-1.4551151,-1.1532751,-0.7534713,1.4070019,1.1211636,1.5534571,1.1996374,0,1,0
0,0.34784535,0.4014854,-0.106961146,0.5885506,0.60236114,0.95441633,-0.10063361,0,1,0
1,-0.5536425,-1.2208564,-0.92476887,2.355208,-1.2213081,2.6625073,-0.70075804,0,0,1
1,-0.6537976,-0.13930896,-1.024232,1.327153,1.6399661,1.188806,1.0996172,0,1,0
0,-0.15297614,-0.6124808,-1.0629121,1.5267754,0.49231213,1.4154522,-0.6007378,0,1,0
0,0.34784535,-0.34209394,-0.17326988,-0.0103164045,-0.7653908,0.017051915,-1.2008623,0,1,0
0,1.4997287,1.8886235,0.600332,-0.7888438,-0.057932902,-0.6927387,-0.20065387,0,0,1
0,0.19758973,1.1450647,1.6170659,-1.5773518,1.1211636,-1.5292847,1.2996587,0,0,1
0,0.99890715,0.7394741,-0.73689413,0.87800276,0.8067379,0.84160614,-0.9007995,0,0,1
0,-0.85413843,-1.2884582,-1.1789523,1.8361902,-0.27803093,1.7034638,-0.20065387,0,1,0
0,-0.5536425,0.19867977,-0.46060774,0.4088902,0.1621651,0.4116146,1.399679,0,1,0
0,-1.0043788,-1.0180714,0.89872134,-1.3278239,1.4984745,-1.420986,0.49949178,0,1,0
0,1.2994031,0.94225913,1.0976475,-1.417654,0.319378,-1.4798715,-1.2008623,0,1,0
0,-1.4551151,-1.2208564,-1.0629121,1.077625,-0.92260367,0.8235206,1.0996172,0,1,0
0,1.9003797,1.8210422,0.68874365,-1.068315,1.1054423,-1.0975742,-1.100842,0,1,0
0,-0.7038828,-0.13930896,0.539549,-0.5393159,1.5613596,-0.32757032,1.1996374,0,1,0
0,0.7985816,0.7394741,2.0314956,-1.846842,-0.08937548,-1.8548542,-0.50071657,0,1,0
0,1.1491475,0.80707604,-0.18984707,-0.3297122,-0.46668637,-0.4649405,-1.100842,0,0,1
0,-0.90420836,-0.6800827,-0.71479124,0.75822926,-0.49812892,0.6954371,0.79955447,0,0,1
0,-1.6053706,-1.4236621,0.9374014,-1.1581451,0.1621651,-1.1190193,1.0996172,0,1,0
0,-1.4050299,-1.1532751,1.3076252,-1.1980695,-1.0169314,-1.0025764,1.0996172,0,0,1
0,0.097434595,0.13109854,0.33509707,-0.8487304,-1.3313571,-0.93695277,-0.0006123865,0,1,0
0,0.49808568,0.46908727,-0.81978005,0.4987204,0.24077155,0.2539419,-0.3006751,0,1,0
0,-0.6537976,-0.4772977,-0.758997,0.5286637,1.2940978,0.34335414,0.599513,1,0,0
0,-0.95429355,-1.4236621,-0.23957862,-0.0003354402,-1.6929468,-0.015095786,-0.20065387,0,0,1
0,0.7484964,0.19867977,-0.6871626,0.15936227,-1.2527508,-0.110406466,-1.2008623,0,1,0
0,0.54817086,0.7394741,0.9484529,-1.0882771,0.979672,-0.99651223,-0.0006123865,0,1,0
0,-1.6053706,-1.4912639,0.68874365,-0.7189759,0.539476,-0.52883565,0.999596,0,0,1
0,-0.90420836,-1.0856733,-0.34456745,0.9877953,-0.56101406,1.3386178,0.1994291,0,1,0
0,-1.3048747,-0.6800827,-0.106961146,-0.29976895,0.6180824,-0.36665145,1.5997214,0,0,1
0,-0.5536425,-0.74768454,-0.28931016,-0.050241023,-1.2213081,-0.1228572,-0.0006123865,0,0,1
0,-0.35331696,-0.6124808,0.06433642,-0.090165645,0.6180824,0.063427985,-0.20065387,0,1,0
0,-0.85413843,-1.2208564,0.68321794,-1.1581451,-0.63962054,-1.2465951,-0.10063361,0,1,0
0,0.49808568,0.67187226,-0.64295673,-0.14007123,1.4355893,-0.49479327,-0.0006123865,0,0,1
0,0.7484964,0.7394741,-0.58217376,0.9578516,0.33509928,1.0870701,-0.40069535,0,1,0
0,0.24767493,1.0774629,-0.3500932,-0.090165645,1.4355893,-0.22294345,1.0996172,0,0,1
0,0.29776013,-0.00410521,-0.6319053,0.9478707,1.0425571,1.0295615,-0.6007378,0,1,0
0,0.648326,0.53666854,-0.46613345,0.11943804,-0.81255466,-0.004744611,-0.50071657,0,0,1
0,-1.4050299,-1.0856733,1.7883635,-1.3976917,0.036394816,-1.1285504,1.1996374,0,0,1
0,-0.6037277,-0.8152864,-0.09038396,0.43883386,-0.828276,0.7447719,-0.0006123865,0,1,0
0,0.19758973,-0.00410521,1.2689451,-1.3877106,-1.0955378,-1.3499426,-0.40069535,0,1,0
0,0.7985816,0.7394741,-0.72584265,0.43883386,-0.02649033,0.24614924,-0.50071657,0,1,0
0,-0.6537976,-0.27449208,-0.637431,1.0377009,-1.1898656,1.1498811,0.89957476,0,0,1
0,0.7484964,0.46908727,-0.576648,-0.15005219,1.8286215,-0.4635731,-0.8007793,0,1,0
0,-1.0043788,-1.2884582,0.06986214,-0.33969358,1.2940978,-0.31165266,0.09940883,0,0,1
0,1.0990776,1.0774629,0.29089126,-0.22990105,-0.45096508,0.0023258612,-0.6007378,0,0,1
0,0.29776013,0.26628166,-0.25063008,0.728286,0.1621651,1.0421293,-0.20065387,0,1,0
0,-1.2547895,-0.4096958,-0.5876995,0.82809716,0.49231213,0.9003059,1.8997831,0,0,1
0,-1.35496,-0.8828677,-0.26720726,0.019626869,0.067837395,-0.0055059344,1.399679,0,1,0
0,0.047349393,1.009861,3.749997,-2.2959924,0.24077155,-2.1765766,1.399679,0,1,0
0,0.99890715,0.6042704,0.7716296,-1.0982583,1.797179,-1.1038438,-1.100842,1,0,0
0,-0.4033869,-1.0856733,-0.8087286,0.8380785,-1.1427017,0.7252411,-0.8007793,0,1,0
1,1.0489924,0.46908727,-0.9689747,0.77819157,1.6556873,0.50825304,-1.4009037,0,0,1
0,-0.0027358106,-0.54487896,0.5284976,-0.75890017,-1.6300616,-0.6855904,-0.8007793,0,0,1
0,0.6984112,0.53666854,-0.59875095,0.4288525,-1.3627998,0.33189923,-0.6007378,0,1,0
0,0.39791524,0.19867977,-0.013023773,-0.66907036,-0.8754398,-0.8605773,-0.50071657,0,1,0
0,-0.15297614,-0.54487896,0.18037671,-0.7189759,0.539476,-0.82351744,-0.50071657,1,0,0
0,-1.6053706,-1.4236621,1.6778489,-1.4775406,0.13072254,-1.3233122,1.0996172,0,0,1
0,-1.0043788,-1.5588452,0.042233504,-0.31973127,1.2312126,-0.29930893,-0.3006751,1,0,0
0,0.49808568,0.6042704,0.7716296,-1.0184094,-0.6867844,-0.9726744,-0.10063361,0,1,0
0,-2.1562622,-2.6404133,-1.0850149,1.4369456,0.1778864,1.2758164,0.39947057,0,1,0
0,-0.35331696,0.46908727,-0.9137174,0.8879841,1.797179,0.7025266,1.399679,0,0,1
0,0.39791524,-0.2068902,-0.91924316,0.538645,1.1211636,0.22847351,-1.100842,0,1,0
0,-0.7038828,-0.2068902,0.48429173,-0.65908897,-0.13653934,-0.55201864,1.0996172,0,1,0
0,0.19758973,1.009861,-0.26168153,0.4587958,0.649525,0.63950074,1.0996172,0,1,0
0,0.19758973,0.33388352,4.8882966,-2.5455203,-1.5042913,-2.4263763,0.09940883,0,1,0
0,0.648326,0.33388352,-0.96344894,0.76821065,-0.59245664,0.49959117,-0.8007793,0,1,0
0,-0.0027358106,-0.27449208,0.8545155,-1.1282016,-0.21514577,-1.1109922,-0.40069535,0,1,0
0,0.6984112,0.19867977,3.667111,-2.3359168,0.96395075,-2.2875314,-1.100842,0,1,0
0,1.1992327,0.6042704,-0.38877326,-0.040260058,-0.34091607,-0.17794432,-1.500925,0,1,0
0,-1.35496,-0.95046955,0.24668543,-1.0583339,0.5237547,-1.3110075,1.2996587,0,0,1
0,2.1007204,2.4294178,-0.637431,0.36896595,0.68096757,0.21818063,-0.6007378,0,0,1
0,-0.5536425,-0.00410521,0.9926587,-1.2679373,-0.7811121,-1.2759402,1.0996172,0,1,0
0,-1.3048747,-0.54487896,0.44561163,-0.6790513,-1.2527508,-0.6064906,1.7997628,0,1,0
0,1.0489924,0.80707604,-0.47165918,0.6783804,-1.6929468,0.78637284,-0.9007995,0,1,0
0,0.94882196,0.6042704,-0.2948359,0.029607834,-1.598619,-0.010623467,-1.0008208,0,1,0
0,-1.4050299,-1.0180714,0.05881069,0.14938131,0.2722141,0.42288372,1.2996587,0,1,0
0,-1.0043788,-0.74768454,-1.1071179,1.137512,-0.6238992,0.86228937,0.89957476,0,0,1
0,0.097434595,1.0774629,2.5398624,-1.8967476,-1.3942423,-1.7592995,1.399679,0,1,0
0,-1.5552855,-1.3560601,0.036707778,-0.88865477,-1.5200126,-1.1634519,1.0996172,0,1,0
0,1.7501394,1.8886235,-0.7479456,1.5766809,-0.37235865,1.791822,-0.70075804,1,0,0
0,-1.4050299,-1.0180714,-0.25063008,-0.040260058,1.1526061,-0.08126626,1.2996587,0,1,0
0,1.0489924,1.009861,2.4735537,-1.9865776,-1.3627998,-1.9585437,-0.6007378,0,1,0
0,0.29776013,0.53666854,-0.8916145,1.1175497,0.1778864,1.0311338,0.1994291,0,1,0
0,1.2994031,1.6182365,-0.7811,0.15936227,-1.0640953,-0.17946742,-0.20065387,0,1,0
0,-0.6537976,-0.2068902,0.8710927,-1.0184094,-0.52957153,-0.9202929,0.999596,1,0,0
0,-1.6554406,-1.3560601,-0.48823637,1.0676441,1.4041468,1.3252783,1.2996587,0,1,0
0,0.24767493,1.2802478,-0.93582034,0.4787581,-1.378521,0.13490131,1.399679,0,0,1
0,0.648326,0.7394741,0.114067964,-0.469448,-0.828276,-0.4811022,-0.20065387,0,1,0
0,0.44800046,0.67187226,0.15274806,-0.56925917,0.35082054,-0.60999626,0.09940883,0,0,1
0,1.8503097,1.8210422,-0.79767716,1.3870399,0.24077155,1.4839468,-1.0008208,0,1,0
0,0.49808568,0.6042704,-0.24510434,-0.26982567,-1.3627998,-0.4131837,-0.10063361,1,0,0
0,1.8002245,1.8210422,3.5068648,-2.2361054,-1.1112591,-2.1222417,-0.9007995,0,0,1
0,-1.2547895,-0.6124808,0.00355341,-0.15005219,1.0739998,-0.068805516,1.5997214,0,0,1
0,-1.2047043,-1.0856733,0.16379952,-0.1700145,-0.23086706,0.009581656,0.79955447,0,0,1
0,1.1491475,1.1450647,3.484762,-2.1762187,-0.26230964,-2.0019705,-0.6007378,0,1,0
0,-1.0043788,-1.0180714,0.9595043,-1.4675597,0.25649282,-1.6264997,0.49949178,0,1,0
1,1.3494883,1.6182365,-0.34456745,0.62847483,2.2530963,0.8193702,-0.3006751,0,1,0
0,-1.4551151,-1.3560601,0.10854224,-0.12010892,1.907228,0.048301235,0.89957476,1,0,0
0,0.14750452,-0.54487896,0.60585773,-0.75890017,-0.9068824,-0.6412943,-1.100842,0,1,0
0,0.097434595,-0.2068902,-0.50481355,-0.31973127,-1.4728488,-0.6550833,-0.50071657,0,1,0
0,-0.85413843,-0.4096958,-1.0131805,0.538645,-0.1837032,0.15310387,1.0996172,0,1,0
0,0.8987367,0.46908727,0.3185199,-0.91859823,-0.52957153,-1.0553486,-1.100842,0,1,0
0,-0.50355726,0.13109854,-0.12906405,-0.469448,-0.08937548,-0.63277906,1.1996374,0,1,0
0,1.0990776,0.8746573,-0.16221842,-0.28978798,-1.5357338,-0.3880377,-0.9007995,0,0,1
0,-0.4033869,-1.0856733,-1.1568494,1.1175497,-0.81255466,0.7911384,-0.8007793,0,0,1
0,0.097434595,-0.34209394,-0.2174757,0.5685883,-0.2937522,0.8354732,-0.70075804,0,0,1
0,0.7985816,0.46908727,0.7937325,-1.0283904,0.36654183,-0.97746956,-0.9007995,0,1,0
0,-0.052821014,0.26628166,-0.6650597,0.5685883,1.1054423,0.4739862,0.49949178,0,1,0
0,-0.7038828,-0.6800827,-0.38877326,0.59853154,-1.6300616,0.74016255,0.39947057,0,1,0
0,0.44800046,0.67187226,3.8439343,-2.4157658,0.759574,-2.4102633,0.09940883,0,1,0
0,0.94882196,0.53666854,-0.7700485,1.8162279,-0.45096508,2.0981436,-1.100842,0,1,0
0,-0.90420836,-1.1532751,-0.50481355,0.32904133,1.4355893,0.26403943,0.09940883,0,0,1
0,-0.90420836,-0.74768454,-0.9523975,0.4987204,-0.35663736,0.14847536,0.6995333,0,1,0
0,-0.7038828,-0.6124808,0.26326263,-0.26982567,1.4984745,-0.07807299,0.49949178,0,0,1
0,0.24767493,-0.071707085,-0.32799026,-0.0003354402,0.6338037,-0.07759443,-0.6007378,0,1,0
0,0.39791524,0.13109854,1.716529,-1.7170876,-1.1741443,-1.7396713,-0.6007378,0,1,0
0,-0.95429355,-0.95046955,0.10301651,0.23921151,-1.4728488,0.59223586,0.49949178,0,1,0
0,-1.4551151,-1.2884582,-0.515865,-0.33969358,1.8757854,-0.6905121,0.999596,0,1,0
0,1.1491475,1.212646,-0.3556189,0.27913576,-1.0955378,0.3061868,-0.50071657,1,0,0
0,0.54817086,0.4014854,0.3958801,-0.47942898,-0.59245664,-0.32102713,-0.50071657,0,1,0
0,0.19758973,0.33388352,0.21353106,-0.7189759,-1.2841933,-0.804299,0.09940883,0,1,0
0,-1.35496,-1.0180714,0.9429271,-1.2280127,0.47659084,-1.2331381,1.1996374,0,0,1
0,1.2493179,0.33388352,-0.106961146,0.11943804,0.7281314,0.25677362,-2.001029,0,1,0
0,1.0990776,0.46908727,0.3406228,-0.6990136,0.9167869,-0.6993598,-1.500925,0,0,1
0,-1.4050299,-0.95046955,0.5340233,-0.8686927,1.3255403,-0.8581649,1.399679,0,1,0
0,-1.4551151,-1.4912639,0.5340233,-0.96850383,-0.27803093,-1.0179276,0.6995333,0,1,0
0,-1.9058514,-1.8968339,0.06986214,-0.51935357,-1.5671765,-0.5844596,0.999596,0,0,1
0,0.14750452,0.94225913,-1.2231581,1.2672665,-1.48857,0.92420197,1.0996172,0,1,0
0,-0.10290622,-0.54487896,-0.7700485,0.25917345,1.6085235,-0.034626555,-0.6007378,0,1,0
0,-0.7038828,-0.34209394,-0.6595339,1.0377009,-0.4038012,1.1301942,0.89957476,1,0,0
0,0.94882196,0.53666854,2.0259697,-1.8268797,-0.71822697,-1.8197283,-1.100842,0,1,0
0,1.0489924,0.53666854,0.1416966,-0.469448,-1.598619,-0.46386632,-1.3008834,0,1,0
0,1.1992327,0.7394741,2.0204442,-1.9067287,-0.48240766,-1.9706725,-1.3008834,0,1,0
0,-0.7038828,-0.13930896,-0.6650597,0.48873943,0.115001254,0.36312896,1.1996374,0,0,1
0,-1.5552855,-1.4912639,-1.4055072,1.2073796,-0.12081805,0.67908,0.89957476,0,1,0
0,-0.85413843,-1.0180714,0.68874365,-0.83874923,0.57091856,-0.7238319,0.1994291,0,1,0
0,-1.6053706,-1.4236621,-1.1181693,1.6465489,-1.6143403,1.5181258,1.0996172,0,1,0
0,1.0990776,0.80707604,0.843464,-1.1781071,0.22505026,-1.1992133,-1.0008208,1,0,0
0,-0.6537976,-0.071707085,-0.7479456,0.7083237,-0.6867844,0.5989935,1.1996374,0,1,0
1,-0.90420836,-1.626447,-0.1566927,-0.8986359,1.5928022,-1.2845042,-0.6007378,0,1,0
0,0.24767493,-0.2068902,0.22458252,0.27913576,1.3884255,0.74504554,-0.8007793,0,1,0
0,1.3995582,0.4014854,-0.7479456,0.3190604,1.4984745,0.06427764,-2.2010705,0,1,0
0,0.99890715,0.53666854,0.38482863,-0.47942898,-1.6300616,-0.32790226,-1.2008623,0,0,1
0,-0.4033869,-1.0180714,-0.455082,0.46877712,1.3727041,0.5012905,-0.70075804,0,1,0
0,-0.4033869,-1.0180714,1.1197504,-1.1082394,0.6652463,-0.942441,-0.70075804,0,0,1
0,1.4496434,0.67187226,-0.38877326,0.8680218,0.35082054,1.127489,-1.9010079,1,0,0
0,-1.1045492,-1.0180714,-0.50481355,-0.0003354402,1.3255403,-0.20259216,0.6995333,0,1,0
0,-1.4050299,-0.95046955,-1.1292208,1.2972097,-1.0798166,1.0508012,1.399679,0,1,0
0,-1.2547895,-0.95046955,-0.018549502,-0.13008988,-1.5828978,-0.053844962,1.0996172,1,0,0
0,1.8002245,1.6858385,0.37377718,-0.62914574,-1.4728488,-0.57017297,-1.100842,0,0,1
0,-1.6053706,-1.4236621,0.8766184,-0.91859823,-0.938325,-0.7515655,1.0996172,0,1,0
0,0.59825605,-0.13930896,0.9374014,-1.2978806,0.68096757,-1.3526672,-1.4009037,1,0,0
0,0.39791524,1.6182365,-0.96344894,0.4488148,0.33509928,0.073037416,1.5997214,0,1,0
0,-0.15297614,-0.27449208,0.07538787,-0.31973127,1.0425571,-0.2777469,-0.10063361,0,1,0
0,-0.95429355,-1.7616508,-1.1292208,1.6166055,1.2940978,1.4679804,-0.70075804,0,0,1
0,-1.4050299,-1.4236621,0.00355341,-0.28978798,0.8853443,-0.2793483,0.6995333,0,1,0
0,0.14750452,0.26628166,-1.3613014,0.967833,-1.1112591,0.41674125,0.09940883,0,0,1
0,-0.85413843,-0.6800827,-0.38324755,-0.16003315,-1.5357338,-0.34633932,0.6995333,1,0,0
0,0.047349393,-0.4096958,-0.47718492,0.75822926,-1.2527508,0.8953159,-0.70075804,0,1,0
0,-0.052821014,-0.6124808,-1.0739635,1.6764921,-1.5357338,1.6016692,-0.8007793,0,0,1
0,0.648326,0.67187226,-0.001972318,-0.3097499,1.5456383,-0.3130296,-0.3006751,0,1,0
0,-0.30323175,-0.95046955,-0.26168153,0.049570143,1.1526061,0.0421296,-0.8007793,0,1,0
0,-0.80405325,-0.4772977,-0.79767716,0.75822926,-1.3156358,0.62571174,0.89957476,0,1,0
0,1.1491475,1.009861,-0.84188294,0.728286,-1.6615041,0.547891,-0.8007793,0,1,0
0,0.44800046,0.6042704,-0.23405288,0.3190604,-0.71822697,0.45661372,-0.0006123865,0,1,0
0,-0.6037277,-1.0180714,1.086596,-1.0982583,-1.2055868,-0.9424214,-0.3006751,0,1,0
0,-1.1045492,-1.626447,0.37377718,-0.96850383,-0.71822697,-1.1037364,-0.20065387,0,1,0
0,-0.0027358106,-0.34209394,1.8767751,-1.757012,-0.45096508,-1.7484989,-0.50071657,0,0,1
0,-1.2547895,-0.74768454,1.0976475,-1.5973141,1.3727041,-1.7853734,1.399679,0,1,0
0,-1.2047043,-0.8152864,-0.8529344,0.43883386,1.1526061,0.14642453,1.1996374,1,0,0
0,1.0990776,0.7394741,-0.12906405,-0.62914574,0.7910166,-0.8696494,-1.100842,0,0,1
0,1.9003797,2.0238273,0.5174461,-0.70899457,1.5613596,-0.6121837,-0.8007793,0,1,0
0,0.29776013,0.46908727,-0.7866257,1.3670776,-0.4352438,1.4671896,0.09940883,0,1,0
0,-1.35496,-1.1532751,-1.4994446,2.0557745,0.1778864,1.6451061,0.999596,0,1,0
0,-1.2047043,-0.95046955,-0.057229597,0.5286637,-1.4571275,0.90516937,0.999596,0,1,0
0,0.097434595,0.67187226,4.5899076,-2.525558,0.57091856,-2.4565516,0.79955447,0,0,1
0,1.1992327,0.063496664,0.58375484,-0.83874923,-0.23086706,-0.7824633,-2.301092,0,1,0
0,1.8503097,1.6182365,0.89872134,-0.8786736,0.57091856,-0.6730518,-1.3008834,0,1,0
0,-0.10290622,-0.4772977,0.5561262,-0.88865477,1.6242448,-0.8779693,-0.50071657,0,0,1
0,-0.15297614,0.7394741,0.19142815,-0.3596555,0.429427,-0.2637626,1.399679,0,1,0
0,-1.2547895,-0.4096958,0.6113835,-0.5393159,0.539476,-0.28364533,1.8997831,0,1,0
0,0.7484964,-0.00410521,-0.6761111,0.4587958,-0.92260367,0.312847,-1.500925,0,0,1
0,-0.95429355,-1.2884582,-0.46060774,0.36896595,-0.4352438,0.35474074,-0.0006123865,0,0,1
0,-0.25314656,0.063496664,0.25221115,-0.47942898,-0.9068824,-0.41040066,0.599513,0,1,0
1,0.49808568,0.4014854,-0.2561558,-0.21992008,1.5456383,-0.34756964,-0.40069535,0,1,0
0,0.8486668,0.46908727,0.66111505,-1.0084282,-0.5452928,-1.0146756,-1.0008208,0,0,1
0,-1.35496,-1.0856733,-0.38877326,0.66839945,-0.67106307,0.8405807,1.0996172,0,1,0
0,1.0990776,0.063496664,-0.6540082,0.538645,-1.5514551,0.4412821,-2.10105,0,0,1
0,1.8002245,1.8886235,0.82688683,-0.6890327,-1.4414061,-0.3992777,-0.8007793,0,0,1
0,-0.753968,-0.27449208,0.2190568,-0.64910805,-0.26230964,-0.69315857,1.0996172,1,0,0
0,0.29776013,0.13109854,-1.2231581,1.0975873,-1.5671765,0.705398,-0.40069535,0,1,0
0,1.0489924,0.4014854,-0.12353833,-0.110127576,-1.6615041,-0.09602191,-1.500925,0,0,1
0,-1.4551151,-1.2208564,4.0207577,-2.4257467,1.1526061,-2.3830276,1.0996172,0,1,0
0,-0.30323175,-0.95046955,-0.6871626,1.6365678,1.0582784,1.9346703,-0.8007793,0,1,0
0,0.49808568,0.46908727,-1.3226212,1.7164167,1.0425571,1.4028449,-0.3006751,0,1,0
0,-1.054464,-1.0180714,-0.86398584,0.4587958,1.1997701,0.16476414,0.599513,1,0,0
0,0.94882196,0.53666854,-0.62085384,0.76821065,-0.24658835,0.7883941,-1.100842,0,1,0
0,-0.30323175,-0.4772977,-0.81978005,0.6584181,1.2154913,0.4712815,-0.10063361,0,1,0
0,-0.35331696,0.26628166,-0.16221842,0.548626,-1.268472,0.85060996,1.0996172,1,0,0
0,-0.0027358106,1.009861,-0.52139074,0.15936227,-0.4195225,0.011466295,1.4997002,0,1,0
0,-0.90420836,-0.6124808,0.15827379,-0.36963683,0.9167869,-0.30040264,0.89957476,0,1,0
0,0.44800046,1.2802478,3.3189902,-2.345898,-1.0169314,-2.4105563,0.999596,1,0,0
0,-0.20306134,0.6042704,-0.37219608,0.089494765,0.46086955,0.020528411,1.2996587,0,1,0
0,-0.753968,-0.27449208,-0.20642425,-0.06022199,-0.37235865,-0.07966484,1.0996172,0,0,1
0,0.29776013,-0.00410521,-0.46613345,0.039589178,1.0111146,-0.11841402,-0.6007378,0,1,0
0,-0.45347208,0.4014854,0.20800534,-0.28978798,-1.0012101,-0.14529848,1.4997002,0,1,0
0,1.2493179,0.19867977,0.8213611,-0.83874923,-0.6553418,-0.64977086,-2.2010705,0,1,0
0,-0.5536425,-0.00410521,-0.8916145,0.92790836,-1.4099636,0.77545476,1.0996172,0,1,0
0,-0.753968,-0.4772977,1.2247393,-1.2779183,-0.92260367,-1.1811664,0.79955447,0,0,1
0,-1.2547895,-1.2208564,-0.2782587,0.069532454,0.5237547,0.059345886,0.6995333,0,1,0
0,-1.1546191,-0.6800827,-0.04617814,0.23921151,-1.0955378,0.4804415,1.2996587,0,0,1
0,-1.3048747,-1.2208564,-0.9966033,0.68836176,1.4355893,0.36547303,0.79955447,1,0,0
0,0.8486668,0.4014854,0.66664076,-1.1282016,-0.6553418,-1.2062832,-1.100842,0,1,0
0,0.49808568,1.2802478,1.9320325,-1.6472197,1.4198681,-1.5237087,0.89957476,0,1,0
1,1.1491475,0.063496664,-1.0297577,1.0876064,-1.1269804,0.86649805,-2.2010705,0,1,0
0,-0.85413843,-0.6124808,0.42350873,-0.88865477,1.3727041,-0.9508588,0.79955447,0,1,0
0,-0.4033869,-0.6124808,-0.20089853,-0.52933455,-1.598619,-0.7656573,-0.10063361,0,0,1
0,-1.2547895,-1.3560601,0.114067964,-0.10014661,0.5237547,0.08255851,0.49949178,0,0,1
0,-0.20306134,-0.54487896,-0.6484825,-0.020297749,1.7500151,-0.33192563,-0.40069535,0,1,0
0,0.24767493,0.94225913,1.1252762,-1.2379938,-0.9697675,-1.1608934,0.89957476,0,0,1
0,-1.4050299,-1.4236621,0.5119204,-0.24986336,0.759574,0.11771417,0.6995333,0,0,1
0,0.047349393,-0.4772977,-1.1015922,1.5966432,0.35082054,1.4692498,-0.8007793,0,1,0
0,-1.0043788,-1.0180714,0.78820676,-0.6990136,-0.7811121,-0.43832967,0.49949178,0,0,1
0,-1.2047043,-0.27449208,-0.6650597,0.8181162,1.68713,0.8204152,1.9998044,1,0,0
0,0.34784535,0.6042704,0.6113835,-1.0583339,-0.08937548,-1.1215196,0.1994291,0,1,0
0,0.39791524,1.2802478,-0.22852716,-0.070203334,-1.3313571,-0.10968384,1.0996172,0,1,0
0,1.4997287,0.80707604,-0.8695116,1.0476818,1.4984745,0.95666254,-1.8009876,0,1,0
0,0.94882196,0.46908727,-0.1566927,-0.2398824,-0.59245664,-0.3106368,-1.2008623,0,0,1
0,-1.054464,-1.5588452,-0.4164019,0.3190604,-0.16798191,0.31739765,-0.20065387,1,0,0
0,0.6984112,0.4014854,-0.44403055,0.68836176,-1.268472,0.8234714,-0.8007793,0,0,1
0,-0.80405325,-1.1532751,-0.6484825,0.2691548,1.2312126,0.07078122,-0.10063361,0,1,0
0,-0.0027358106,-0.4772977,-0.69821405,0.069532454,0.14644383,-0.24271828,-0.70075804,0,0,1
0,0.24767493,-0.34209394,-1.2121067,0.9877953,-0.7653908,0.5735643,-1.0008208,0,0,1
0,0.14750452,0.8746573,-0.8971402,1.3770586,0.2722141,1.3757555,0.999596,0,0,1
0,0.29776013,-0.00410521,-0.5600708,1.3770586,-0.07365419,1.6962377,-0.6007378,0,1,0
0,-1.054464,-1.4912639,-0.22300144,-0.24986336,-0.46668637,-0.36933702,-0.10063361,0,1,0
0,-0.6037277,-0.27449208,-0.5379679,0.9977762,-0.057932902,1.1821463,0.79955447,0,1,0
0,-2.2063472,-2.7080152,0.16379952,0.039589178,1.0425571,0.3313428,0.39947057,0,1,0
0,-1.1546191,-0.54487896,1.0644932,-1.1182206,0.6966889,-0.9875767,1.4997002,0,0,1
0,0.14750452,1.009861,0.8600412,-1.4376162,-1.0169314,-1.6213143,1.1996374,0,1,0
0,0.097434595,1.0774629,-0.16221842,0.74824834,0.60236114,1.1455258,1.399679,0,0,1
0,-0.6037277,-0.00410521,-0.70373976,0.62847483,-0.010769043,0.5254794,1.1996374,0,1,0
0,-0.7038828,-0.4096958,-1.2397354,1.5467377,-1.2527508,1.268326,0.79955447,0,1,0
0,-1.1546191,-1.8292526,-0.96344894,0.9179274,-1.1269804,0.6995387,-0.40069535,0,0,1
0,-1.3048747,-1.2208564,0.55060047,-0.61916476,-1.0798166,-0.44885662,0.79955447,0,1,0
0,1.2493179,1.009861,-0.32246453,0.10945669,1.68713,0.08540027,-1.0008208,0,0,1
0,-0.0027358106,-0.27449208,-0.48271063,0.59853154,-0.8911611,0.6637971,-0.40069535,0,1,0
0,-1.7055258,-1.6940489,1.0755446,-1.2978806,-0.9068824,-1.2867504,0.89957476,0,0,1
1,1.2994031,1.5506347,-0.47165918,1.4768697,2.2845387,1.9222878,-0.3006751,0,0,1
0,-0.90420836,-0.8152864,-1.3115698,2.0358126,-1.158423,1.8208834,0.599513,0,1,0
0,-2.106192,-2.3700264,0.15827379,-0.4894103,0.052116103,-0.48414886,0.6995333,0,1,0
1,-1.3048747,-1.0856733,-0.94134605,1.0576627,1.7657363,0.9059211,0.999596,0,1,0
0,0.59825605,0.4014854,-1.0352834,1.1973985,-0.60817796,1.0067592,-0.6007378,1,0,0
0,0.39791524,1.212646,2.1475358,-1.8168987,1.5928022,-1.7542803,0.999596,0,1,0
0,0.39791524,0.46908727,2.125433,-1.757012,-1.1269804,-1.6500638,-0.10063361,0,0,1
0,0.8486668,0.13109854,0.44561163,-0.91859823,-1.0326527,-0.9861706,-1.500925,1,0,0
0,0.99890715,0.67187226,-0.6595339,0.5885506,0.57091856,0.5061831,-1.0008208,0,1,0
0,0.19758973,1.1450647,-0.14564124,-0.0003354402,-0.8911611,0.05130919,1.2996587,0,1,0
0,0.29776013,1.1450647,-0.024075229,-0.66907036,-0.24658835,-0.86708087,1.0996172,1,0,0
0,-1.4050299,-1.1532751,-1.1789523,1.7164167,-0.12081805,1.5480765,1.0996172,0,0,1
0,-0.50355726,-1.0180714,0.10854224,-0.18997681,1.356983,-0.058269016,-0.50071657,0,1,0
0,1.1992327,1.212646,0.09749078,-0.8487304,-0.92260367,-1.0692254,-0.6007378,0,0,1
0,-1.4551151,-1.3560601,0.8324126,-1.4376162,0.8067379,-1.6338137,0.89957476,0,0,1
0,-0.35331696,-1.0180714,0.27431408,-0.7289569,-0.52957153,-0.7845825,-0.8007793,0,1,0
0,-0.6037277,-0.74768454,-0.068281054,-0.75890017,1.2783765,-1.0273026,0.09940883,0,1,0
0,-1.2547895,-1.0180714,-0.30588734,0.46877712,-1.0640953,0.61914945,0.999596,0,0,1
0,-0.85413843,-1.2884582,1.6612718,-1.846842,-0.30947348,-1.9955256,-0.20065387,0,1,0
0,0.54817086,-0.00410521,-0.5876995,0.80813485,-1.4728488,0.87231815,-1.100842,0,0,1
0,1.0489924,0.80707604,-0.43850482,0.68836176,1.4198681,0.8280517,-0.9007995,0,1,0
0,0.39791524,-0.071707085,2.771943,-2.0764077,1.356983,-2.0319312,-0.9007995,1,0,0
0,0.39791524,1.2802478,-0.59875095,0.8480595,-1.2999146,0.9188213,1.0996172,1,0,0
0,0.34784535,0.26628166,-0.95792323,1.2572851,1.5299171,1.1578887,-0.3006751,0,1,0
0,0.99890715,0.80707604,-0.58217376,0.48873943,-1.4571275,0.4288992,-0.8007793,0,1,0
0,-0.10290622,-0.00410521,0.5119204,-0.62914574,1.0111146,-0.48789904,0.1994291,0,0,1
0,-0.10290622,0.8746573,1.0368645,-0.9984471,-1.3156358,-0.79926026,1.4997002,0,1,0
0,0.54817086,0.8746573,1.6391689,-1.7170876,-1.2055868,-1.7708423,0.1994291,0,0,1
0,-1.2547895,-0.74768454,-0.82530576,0.73826736,1.2469339,0.57532233,1.399679,0,1,0
0,0.19758973,-0.4096958,-0.9800261,0.20926785,1.1683275,-0.25921196,-1.0008208,0,0,1
0,0.8486668,0.67187226,-1.2618383,0.6783804,0.4451483,0.1328309,-0.70075804,0,0,1
0,-0.90420836,-1.1532751,-0.758997,1.0975873,0.5237547,1.1237489,0.09940883,0,1,0
0,-0.30323175,-1.0180714,1.6889004,-1.7071065,-0.49812892,-1.7327867,-0.9007995,0,1,0
0,0.39791524,0.26628166,-0.1180126,-0.39958012,-0.7653908,-0.52211714,-0.40069535,0,0,1
0,-1.5552855,-1.4236621,-0.8529344,0.4787581,0.57091856,0.20052494,0.999596,0,0,1
0,0.14750452,-0.071707085,-0.8087286,1.6066242,-1.5042913,1.772691,-0.40069535,0,1,0
0,-0.95429355,-0.6800827,-0.5655966,-0.3796178,-0.19942449,-0.7788111,0.89957476,0,1,0
0,0.097434595,0.94225913,-0.24510434,0.35898462,-0.19942449,0.50657374,1.1996374,0,1,0
0,-0.5536425,-0.071707085,0.2798398,-0.8686927,-0.15226063,-0.998768,0.999596,0,1,0
0,0.8987367,0.46908727,0.5782291,-0.65908897,-0.6238992,-0.49657091,-1.100842,0,1,0
0,0.14750452,-0.27449208,-0.6650597,0.24919248,0.46086955,0.030557664,-0.70075804,0,0,1
0,-0.90420836,-1.1532751,2.8272004,-2.0764077,-0.27803093,-2.0131812,0.09940883,0,1,0
0,-1.2547895,-0.27449208,-1.2563125,1.0676441,-1.6929468,0.6370788,2.0998256,0,1,0
0,-0.0027358106,-0.54487896,0.14722234,-0.55927783,-1.4099636,-0.5980532,-0.8007793,0,1,0
0,1.8002245,1.7534404,-0.20642425,-0.050241023,-0.07365419,-0.06499708,-1.0008208,0,1,0
0,0.24767493,-0.4096958,0.6390121,-0.7888438,-1.1112591,-0.67079556,-1.100842,0,0,1
0,1.2493179,1.3478497,-1.0076548,0.1992869,1.1211636,-0.2930198,-0.50071657,1,0,0
0,1.1992327,0.94225913,0.7495267,-1.0383716,0.319378,-1.0170293,-1.0008208,0,0,1
0,-1.3048747,-1.0180714,0.843464,-0.56925917,-0.38807994,-0.19130345,1.0996172,0,1,0
0,-0.10290622,-0.4772977,0.68321794,-0.47942898,1.577081,-0.14228097,-0.50071657,0,0,1
0,-0.50355726,-0.95046955,-1.1623752,2.0457935,0.19360769,1.9931165,-0.40069535,0,1,0
0,0.94882196,0.46908727,-0.37219608,0.69834274,-0.5452928,0.8973863,-1.2008623,0,0,1
0,0.047349393,-0.6124808,0.06433642,-0.62914574,1.6714087,-0.75446606,-1.0008208,0,1,0
0,-0.90420836,-0.74768454,-1.123695,0.4987204,-0.6553418,0.012247198,0.6995333,0,1,0
0,-0.7038828,-0.54487896,-1.2618383,0.6584181,-1.0012101,0.10722593,0.599513,0,0,1
0,-0.20306134,-0.4772977,0.07538787,-0.75890017,0.067837395,-0.9450382,-0.3006751,0,0,1
0,-0.95429355,-0.74768454,-0.6761111,-0.080184296,-0.67106307,-0.43438464,0.79955447,0,0,1
0,-0.7038828,-0.6800827,-0.46060774,0.76821065,-1.6929468,0.9234794,0.39947057,0,1,0
0,-0.25314656,0.063496664,-0.9966033,2.10568,-0.63962054,2.2499866,0.599513,0,0,1
0,0.49808568,1.0774629,-0.43297908,0.05955111,0.7281314,-0.06620827,0.599513,0,1,0
0,0.19758973,-0.071707085,-0.902666,0.34900364,-0.52957153,-0.013533525,-0.50071657,0,1,0
0,1.0990776,0.94225913,-0.5932252,0.5286637,-1.1741443,0.47606617,-0.8007793,0,0,1
0,0.6984112,0.4014854,-0.44403055,-0.4993913,-0.32519478,-0.8720126,-0.8007793,0,0,1
0,-0.30323175,-0.4772977,-0.95792323,0.8380785,0.13072254,0.59762657,-0.10063361,0,1,0
0,-0.6537976,-0.13930896,0.036707778,0.089494765,0.02067353,0.316089,1.0996172,0,1,0
0,-0.6037277,-0.2068902,-0.32799026,-0.18997681,0.7752953,-0.3521986,0.89957476,0,0,1
0,-0.85413843,-1.2884582,-0.18984707,0.6085125,-0.4352438,0.9165751,-0.20065387,0,1,0
0,1.2493179,0.94225913,0.49534318,-0.8287681,1.8443428,-0.8159297,-1.100842,0,0,1
0,-1.0043788,-0.74768454,-0.73689413,0.089494765,-0.48240766,-0.24307981,0.89957476,0,1,0
0,-1.1045492,-0.54487896,-0.7700485,1.6864735,-1.158423,1.9204128,1.399679,0,1,0
0,-1.3048747,-1.0180714,-0.83083147,-0.080184296,-0.84399724,-0.5415696,1.0996172,0,1,0
0,0.99890715,0.8746573,1.0258131,-1.2280127,-1.3313571,-1.192563,-0.70075804,0,0,1
0,-0.4033869,-1.0856733,-0.5711223,0.17932458,-1.2527508,0.0029505836,-0.8007793,0,1,0
0,-0.90420836,-1.626447,-0.94134605,1.4469265,-0.4038012,1.4273075,-0.6007378,0,1,0
0,-0.85413843,-0.27449208,0.78268105,-1.2878995,1.356983,-1.4100779,1.2996587,0,0,1
0,0.34784535,0.7394741,-0.62085384,1.0277195,0.46086955,1.1507112,0.39947057,0,1,0
0,0.6984112,0.53666854,0.8766184,-1.0383716,-0.13653934,-0.95054597,-0.6007378,0,1,0
0,-1.5552855,-1.5588452,0.6279607,-0.40956107,1.0897211,-0.063659295,0.79955447,0,1,0
0,-2.2063472,-2.6404133,0.6169092,-1.1880883,0.036394816,-1.3282439,0.49949178,0,0,1
0,-0.753968,-0.95046955,1.9762383,-1.9765965,-0.9068824,-2.1166756,0.09940883,0,0,1
0,-1.054464,-1.4236621,-0.73689413,1.8461711,-0.23086706,2.1734354,-0.0006123865,1,0,0
0,0.59825605,0.4014854,1.5010257,-1.5973141,-0.37235865,-1.614283,-0.6007378,0,1,0
0,0.49808568,1.4830534,-0.16221842,-0.0103164045,-0.73394823,0.024845006,1.1996374,0,1,0
0,-0.90420836,-0.8152864,0.58375484,-1.1781071,-0.7811121,-1.3286442,0.599513,0,0,1
0,-1.054464,-0.8828677,1.169482,-1.337805,0.052116103,-1.3103241,0.79955447,0,0,1
0,-0.0027358106,0.94225913,-0.035126686,0.25917345,1.1368849,0.5186634,1.399679,0,0,1
0,0.7985816,-0.13930896,0.26878834,-0.60918343,-0.2937522,-0.6016859,-1.8009876,0,1,0
0,1.1491475,0.6042704,0.48429173,-0.7688815,-1.6929468,-0.72679067,-1.4009037,0,0,1
0,0.14750452,1.1450647,0.06433642,-0.3596555,-0.37235865,-0.3455188,1.399679,0,0,1
0,-2.2063472,-2.6404133,-0.6705854,0.61849385,-1.3156358,0.5387606,0.49949178,0,0,1
0,0.29776013,1.212646,0.6224349,-1.2779183,-0.8754398,-1.4706919,1.1996374,0,1,0
0,-0.0027358106,-0.27449208,-0.59875095,0.76821065,-1.0798166,0.8070265,-0.40069535,0,1,0
0,-1.3048747,-0.74768454,-0.2174757,0.62847483,0.46086955,0.9233624,1.4997002,0,0,1
0,-1.1045492,-1.4236621,1.0313388,-1.2679373,-1.1427017,-1.2572782,0.09940883,0,0,1
0,-0.10290622,0.80707604,3.3300416,-2.3359168,0.57091856,-2.3864162,1.399679,0,1,0
0,0.44800046,-0.00410521,-0.68163687,0.6584181,1.467032,0.5850488,-0.9007995,0,0,1
0,-1.35496,-1.0856733,1.7938893,-1.6871442,-0.27803093,-1.6538918,1.0996172,1,0,0
0,-0.753968,-1.2208564,-0.52691644,0.049570143,0.979672,-0.1477104,-0.3006751,0,1,0
0,-1.2547895,-0.95046955,-1.0187062,1.8860958,0.47659084,1.9350117,1.0996172,1,0,0
0,-1.3048747,-1.0856733,-1.0960665,1.2173609,-0.92260367,0.97709167,0.999596,0,1,0
0,0.54817086,1.6182365,1.4899743,-1.4875218,0.2879354,-1.4246483,1.2996587,0,0,1
0,-0.35331696,-1.0180714,-0.7479456,0.9378897,-0.23086706,0.91433895,-0.8007793,0,0,1
0,-0.052821014,-0.00410521,-0.51033926,0.5885506,0.85390174,0.6272062,0.09940883,0,1,0
0,-1.2547895,-0.74768454,-0.37772182,-0.22990105,1.4041468,-0.44314396,1.399679,1,0,0
0,-1.2047043,-0.95046955,0.68874365,-0.98846596,-0.4195225,-0.9675769,0.999596,0,1,0
0,-0.0027358106,1.009861,1.1584306,-1.1681262,-0.38807994,-1.0251639,1.4997002,0,1,0
0,-0.85413843,-1.2884582,-0.062755324,-0.60918343,-0.4038012,-0.80031484,-0.20065387,0,1,0
0,-1.054464,-0.6800827,0.12511942,-0.41954243,-1.0640953,-0.39793992,1.0996172,0,1,0
0,-0.753968,-0.8152864,-1.145798,1.9060577,0.115001254,1.8287352,0.2994503,0,1,0
0,-1.3048747,-0.8828677,-0.09590969,0.62847483,0.60236114,1.022833,1.2996587,1,0,0
0,0.047349393,-0.4772977,0.42350873,-0.7988248,1.4355893,-0.8088301,-0.8007793,0,1,0
0,-0.10290622,-0.4096958,-0.43850482,-0.25984433,-1.2999146,-0.5264137,-0.40069535,0,1,0
0,-1.8056961,-1.6940489,-1.1513237,0.77819157,-0.13653934,0.35421345,1.0996172,0,1,0
0,-0.35331696,-0.8152864,0.5948063,-0.70899457,1.0111146,-0.5672042,-0.50071657,0,1,0
0,0.097434595,1.0774629,-0.1566927,-0.42952338,0.82245916,-0.59099275,1.399679,0,1,0
0,-0.50355726,-0.6124808,-0.09038396,-0.14007123,1.0897211,-0.117847584,0.09940883,0,1,0
0,-0.6537976,-0.13930896,-0.576648,0.87800276,-0.5767354,0.97980636,1.0996172,0,0,1
0,-2.0060217,-2.3024244,0.48981747,-0.31973127,0.20932898,-0.0082211085,0.599513,0,0,1
0,-1.1045492,-1.8968339,-1.0408092,1.6265866,1.0425571,1.5689842,-0.6007378,0,1,0
0,0.648326,0.53666854,-0.25063008,-0.469448,-0.84399724,-0.70861727,-0.50071657,0,0,1
0,0.7484964,0.33388352,0.3958801,-0.61916476,0.57091856,-0.5412768,-1.0008208,0,1,0
0,-0.35331696,-0.6800827,1.0644932,-1.0283904,0.5237547,-0.835353,-0.3006751,1,0,0
0,2.1007204,2.294214,0.5782291,-0.8287681,-1.3313571,-0.7694949,-0.8007793,0,1,0
0,-0.15297614,-0.6124808,-0.31141308,0.10945669,1.577081,0.093427405,-0.6007378,0,1,0
0,1.8002245,1.5506347,0.5008689,-0.75890017,1.8129002,-0.70141065,-1.3008834,0,0,1
0,0.24767493,-0.00410521,-0.48823637,0.85804045,1.577081,1.0277156,-0.50071657,0,1,0
0,-0.7038828,0.13109854,0.16379952,-0.36963683,-1.5357338,-0.29685783,1.5997214,0,1,0
0,-0.6537976,-0.27449208,-1.5768048,1.7064353,0.25649282,1.133651,0.89957476,0,0,1
0,-0.6037277,-0.27449208,0.19695388,-0.55927783,0.649525,-0.5678193,0.79955447,0,0,1
0,-0.753968,-0.4772977,0.06986214,-0.31973127,0.39798442,-0.28134042,0.79955447,0,0,1
0,0.94882196,0.26628166,0.35167426,-0.2398824,-0.60817796,0.027169047,-1.500925,0,1,0
0,-0.0027358106,-0.6124808,-0.7645228,0.4488148,-1.6929468,0.22947936,-0.9007995,0,1,0
0,0.94882196,0.53666854,0.13064516,-0.080184296,-1.0798166,0.12451098,-1.100842,0,0,1
0,-1.4050299,-1.4236621,-1.2728897,0.9578516,0.9325082,0.4816131,0.6995333,0,1,0
0,-2.1562622,-2.5052302,-0.27273297,-0.56925917,-0.16798191,-0.867911,0.599513,0,1,0
0,-0.80405325,-0.34209394,-0.14011551,-0.12010892,0.319378,-0.12220288,1.0996172,0,0,1
0,-0.052821014,0.33388352,-0.001972318,-0.7189759,1.6556873,-0.9292184,0.599513,0,1,0
0,1.4496434,1.5506347,-0.16774416,0.6783804,1.0582784,1.0377347,-0.6007378,1,0,0
0,1.1491475,0.8746573,-0.5545451,0.17932458,-0.1837032,0.015196416,-1.0008208,0,1,0
0,-1.2547895,-0.95046955,-0.018549502,-0.10014661,1.4827532,-0.008845831,1.0996172,0,1,0
0,-1.1045492,-1.1532751,-0.34456745,0.4787581,0.979672,0.60301685,0.49949178,0,1,0
0,-1.5552855,-1.4912639,-0.62637955,1.0676441,0.35082054,1.2015013,0.89957476,0,0,1
0,-0.85413843,-1.0856733,-0.27273297,0.16934362,0.979672,0.20882572,0.09940883,0,1,0
0,1.4496434,1.6858385,2.0093927,-1.8767853,-1.3313571,-1.9190035,-0.40069535,0,0,1
0,0.34784535,-0.071707085,-0.86398584,0.4488148,1.0739998,0.15125838,-0.8007793,0,1,0
0,0.6984112,0.80707604,1.0368645,-1.3477862,-1.0169314,-1.3895317,-0.20065387,0,0,1
0,0.19758973,-0.27449208,0.13064516,-0.59920245,-1.598619,-0.6691846,-0.8007793,0,0,1
0,0.94882196,0.6042704,0.2798398,-0.56925917,-0.02649033,-0.5329569,-1.0008208,1,0,0
0,-1.3048747,-1.0856733,-0.36114463,0.35898462,-1.6300616,0.41716152,0.999596,0,1,0
0,-0.90420836,-0.6800827,-1.0297577,1.0277195,0.6652463,0.7872225,0.79955447,0,0,1
0,1.0990776,0.7394741,-1.0408092,0.85804045,0.036394816,0.55311555,-1.100842,0,1,0
0,0.94882196,0.33388352,-0.37219608,-0.030278714,1.2469339,-0.15196826,-1.4009037,1,0,0
0,-0.10290622,-0.54487896,-0.5545451,-0.38959914,1.4984745,-0.78579366,-0.6007378,0,1,0
0,-1.0043788,-1.626447,-0.37219608,0.66839945,0.13072254,0.85426223,-0.40069535,0,0,1
0,-0.6037277,-0.8828677,0.020130593,-0.17999546,-1.0012101,-0.10273085,-0.10063361,0,0,1
0,-0.50355726,0.26628166,-1.1071179,0.9578516,-0.21514577,0.62692297,1.399679,0,1,0
0,1.3494883,1.4830534,-0.902666,1.2772474,0.8853443,1.2361296,-0.50071657,0,1,0
0,0.94882196,0.33388352,0.2798398,0.029607834,0.35082054,0.39866573,-1.4009037,0,0,1
0,1.1491475,0.53666854,-0.41087618,0.37894693,-1.5828978,0.40745464,-1.500925,0,1,0
0,-1.054464,-1.626447,1.147379,-1.4675597,0.4451483,-1.5424973,-0.3006751,0,1,0
0,-2.2564325,-2.6404133,0.18590243,-0.4894103,0.33509928,-0.4670109,0.599513,0,1,0
0,-1.3048747,-1.0856733,-0.6540082,0.59853154,0.25649282,0.5245418,0.999596,0,1,0
0,0.59825605,0.6042704,-0.69821405,1.0077572,0.5237547,1.054346,-0.3006751,0,1,0
0,-0.50355726,0.4014854,0.26326263,-0.57924014,0.5237547,-0.5585031,1.5997214,0,0,1
0,1.7501394,1.9562253,0.18037671,0.46877712,-0.37235865,1.0032827,-0.6007378,0,0,1
0,0.097434595,-0.2068902,-0.72584265,0.39890924,0.57091856,0.19115001,-0.50071657,0,0,1
0,1.0990776,1.009861,-0.333516,-0.050241023,-1.1269804,-0.1537163,-0.70075804,0,0,1
0,0.6984112,0.53666854,0.39035437,-0.5393159,1.2469339,-0.4187989,-0.6007378,0,1,0
0,-1.2547895,-1.1532751,0.744001,-0.9984471,-0.84399724,-0.9545306,0.79955447,1,0,0
0,0.8486668,0.7394741,0.43456018,-0.3297122,0.115001254,-0.059958316,-0.6007378,0,0,1
0,0.19758973,1.212646,-0.5876995,0.2192492,-1.4728488,0.046680234,1.399679,0,1,0
0,-0.10290622,-0.27449208,-0.07380678,0.16934362,-0.35663736,0.3554242,-0.20065387,0,1,0
0,0.14750452,0.19867977,0.49534318,-0.5892215,-0.8754398,-0.43414012,-0.0006123865,0,1,0
0,-0.30323175,-0.54487896,0.45113736,-0.54929686,-0.938325,-0.39746135,-0.20065387,0,1,0
0,1.0489924,0.063496664,-0.51033926,0.6584181,0.96395075,0.72611994,-2.001029,0,1,0
0,-0.15297614,0.67187226,-0.18432134,0.2691548,-0.35663736,0.4210478,1.2996587,0,0,1
0,-1.0043788,-1.5588452,-0.26168153,-0.13008988,1.4827532,-0.22013083,-0.3006751,0,1,0
0,-0.90420836,-1.1532751,-0.44955626,0.17932458,0.38226312,0.09275351,0.09940883,0,1,0
0,1.9003797,2.091429,-0.09038396,-0.020297749,0.6652463,0.060625385,-0.70075804,0,1,0
0,-0.5536425,0.13109854,-0.52139074,-0.0003354402,0.33509928,-0.21431072,1.2996587,0,1,0
0,-0.5536425,-1.0856733,1.5894374,-1.3877106,-1.6143403,-1.2021133,-0.50071657,0,0,1
0,0.8987367,0.13109854,-0.5655966,0.22923017,-1.6929468,0.07719737,-1.6009462,0,0,1
0,-0.45347208,-1.0856733,0.8489898,-0.83874923,-0.67106307,-0.6343413,-0.70075804,0,1,0
1,-0.6037277,-0.74768454,-0.46613345,0.129419,1.577081,0.009464179,0.09940883,0,1,0
1,1.2994031,0.26628166,-0.96344894,2.6746042,-0.4352438,3.0455859,-2.2010705,0,1,0
0,0.047349393,-0.34209394,-1.0297577,1.0876064,-1.158423,0.86649805,-0.6007378,0,1,0
0,0.8987367,0.7394741,-0.24510434,-0.3097499,1.4041468,-0.4715811,-0.70075804,0,1,0
0,-1.2047043,-1.1532751,0.600332,-1.0882771,0.4137057,-1.1755416,0.6995333,0,0,1
0,0.94882196,-0.2068902,0.9926587,-0.80880594,-1.6929468,-0.5037484,-2.2010705,0,1,0
0,1.649969,1.8210422,0.57270336,-0.9285792,0.539476,-0.9330369,-0.6007378,0,1,0
0,1.649969,1.0774629,-0.30588734,0.4587958,1.8129002,0.6046574,-1.7009664,0,1,0
0,-0.50355726,0.19867977,0.67769223,-0.6391271,-0.63962054,-0.4054006,1.2996587,0,0,1
0,-1.3048747,-1.1532751,1.738632,-1.8168987,-1.3156358,-1.911816,0.89957476,0,1,0
0,-0.5536425,0.33388352,-0.60980237,-0.0103164045,-1.3942423,-0.29076406,1.5997214,1,0,0
0,0.94882196,0.6042704,-0.46060774,0.35898462,-0.98548883,0.34052238,-1.0008208,0,0,1
0,0.49808568,0.46908727,-0.4164019,0.57856923,1.1997701,0.68910927,-0.3006751,0,1,0
0,-0.4033869,-0.8828677,-0.14011551,0.18930593,1.3884255,0.33612794,-0.50071657,0,1,0
0,-1.4050299,-0.95046955,-0.52691644,0.10945669,-0.81255466,-0.06310287,1.399679,0,0,1
0,-0.4033869,-0.6124808,-0.394299,0.5586069,-1.6615041,0.6783282,-0.10063361,0,1,0
0,0.19758973,-0.27449208,0.020130593,-0.18997681,1.5928022,-0.11779886,-0.8007793,0,1,0
0,1.1992327,0.7394741,0.21353106,-0.7688815,1.3884255,-0.88134843,-1.3008834,1,0,0
0,0.648326,0.33388352,-0.82530576,0.57856923,-0.70250565,0.35813892,-0.8007793,0,1,0
0,1.1992327,1.212646,-0.50481355,0.33902267,0.5237547,0.27817947,-0.6007378,0,1,0
0,-1.35496,-1.3560601,-0.1180126,-0.39958012,-0.7653908,-0.52211714,0.6995333,0,1,0
0,-0.90420836,-0.6800827,-0.17326988,0.049570143,1.3255403,0.1054096,0.79955447,0,0,1
0,-1.1546191,-1.1532751,0.042233504,-0.31973127,-0.52957153,-0.29930893,0.599513,0,0,1
0,0.14750452,1.212646,-0.31141308,0.5087014,1.1526061,0.672713,1.4997002,0,0,1
0,-0.25314656,-0.6124808,-1.123695,0.20926785,1.7185725,-0.36610457,-0.40069535,0,1,0
0,0.39791524,-0.4096958,-0.36114463,0.069532454,-0.057932902,-0.00027183618,-1.4009037,1,0,0
0,0.19758973,-0.13930896,-1.0905406,1.2473042,-0.6238992,1.0215048,-0.6007378,0,1,0
0,-0.6537976,0.063496664,0.5782291,-0.5892215,-0.9697675,-0.3841901,1.399679,0,0,1
0,0.648326,0.7394741,-0.19537279,-0.090165645,-1.6615041,-0.116031244,-0.20065387,0,1,0
0,-2.1562622,-2.5052302,0.9539786,-1.1481639,-1.0169314,-1.0939808,0.599513,0,0,1
0,0.19758973,0.46908727,0.64453787,-0.36963683,0.3036567,0.011544158,0.2994503,1,0,0
0,1.8503097,1.6858385,-0.106961146,-0.43950474,0.7281314,-0.57445997,-1.2008623,1,0,0
0,0.047349393,-0.6124808,-1.0297577,1.8661335,-0.34091607,1.8970832,-1.0008208,0,1,0
0,-0.90420836,-0.74768454,0.9374014,-1.1880883,-0.4195225,-1.1690868,0.6995333,0,1,0
0,-0.95429355,-1.4912639,-0.20089853,0.46877712,-0.84399724,0.7020872,-0.3006751,0,0,1
0,1.8002245,1.6858385,-0.59875095,0.8979651,0.85390174,0.9886932,-1.100842,0,1,0
0,0.34784535,1.2802478,-0.95792323,1.506813,-1.1269804,1.4913783,1.1996374,0,0,1
0,1.8503097,1.5506347,-0.8584601,0.5885506,0.20932898,0.34481895,-1.4009037,0,1,0
0,0.34784535,0.53666854,-0.23957862,0.63845617,-0.27803093,0.9198859,0.09940883,0,1,0
0,-0.6537976,0.063496664,-0.5876995,1.4569074,-0.6553418,1.7819194,1.399679,0,1,0
0,0.44800046,1.3478497,-0.5434936,0.37894693,1.6085235,0.3048003,1.0996172,0,1,0
0,-0.5536425,0.063496664,0.20800534,0.13940035,-0.4352438,0.51690537,1.1996374,0,1,0
0,-1.9559366,-1.9644357,1.981764,-1.7270685,-1.378521,-1.6513332,0.999596,0,1,0
0,-1.1546191,-0.4096958,-0.43297908,0.36896595,0.539476,0.37607828,1.6997416,0,0,1
0,-0.6037277,0.13109854,0.23010825,-0.24986336,-0.5138502,-0.06905003,1.399679,0,0,1
0,1.649969,1.1450647,-0.17326988,-0.4494857,1.7185725,-0.63090396,-1.6009462,0,1,0
0,-1.35496,-1.4912639,-0.007498046,0.7981539,0.99539334,1.3505021,0.49949178,0,0,1
0,-1.2547895,-0.8152864,-1.2563125,1.0277195,0.8067379,0.58582973,1.2996587,0,1,0
0,0.19758973,-0.34209394,0.020130593,-0.110127576,-1.1112591,0.002745682,-0.9007995,0,1,0
0,-1.054464,-0.6124808,-0.1787956,-0.3097499,-1.48857,-0.42833957,1.1996374,0,1,0
0,0.7985816,0.80707604,-0.72584265,0.2891171,-0.2937522,0.039903,-0.40069535,0,1,0
0,0.648326,-0.00410521,-0.5600708,0.089494765,-1.5828978,-0.11526946,-1.3008834,0,1,0
0,1.2994031,0.67187226,0.39035437,-0.080184296,0.6966889,0.30442917,-1.6009462,0,1,0
0,0.24767493,0.94225913,0.7716296,-1.247975,-0.7653908,-1.3497863,0.89957476,1,0,0
0,-0.95429355,-1.0180714,-0.8695116,1.4469265,-1.4256848,1.4964955,0.39947057,0,0,1
0,0.7484964,0.4014854,0.26326263,-0.62914574,0.22505026,-0.63599193,-0.9007995,0,1,0
0,1.0990776,0.8746573,-0.8695116,0.63845617,-0.21514577,0.4033334,-0.9007995,0,1,0
0,1.2493179,1.2802478,-0.48271063,0.73826736,-0.48240766,0.8623089,-0.6007378,0,1,0
0,-0.95429355,-1.1532751,-0.47718492,0.14938131,1.5141958,0.029776305,0.1994291,0,0,1
0,0.24767493,-0.2068902,-0.79767716,2.095699,0.7752953,2.4511645,-0.8007793,0,1,0
0,1.8503097,1.8886235,-0.5655966,1.1275307,-1.0326527,1.3401605,-0.9007995,0,1,0
0,-1.4050299,-1.4236621,-0.2561558,-0.16003315,0.60236114,-0.26009122,0.6995333,0,1,0
0,0.94882196,0.6042704,-0.6540082,0.61849385,-1.2841933,0.5522955,-1.0008208,0,0,1
0,0.8486668,0.67187226,0.25221115,-0.40956107,1.2154913,-0.30205324,-0.70075804,0,1,0
0,-0.5536425,-0.13930896,-0.029600957,0.20926785,-1.3313571,0.44792226,0.89957476,0,1,0
0,0.24767493,0.53666854,0.5063946,-0.9485415,0.38226312,-1.0008675,0.2994503,1,0,0
0,-1.35496,-0.95046955,-0.18984707,-0.64910805,-1.4728488,-0.9352434,1.2996587,0,1,0
0,-0.5536425,0.063496664,-0.30588734,0.039589178,-0.73394823,-0.004002412,1.1996374,0,0,1
0,-0.10290622,0.7394741,1.5507572,-1.5074841,1.0425571,-1.4332318,1.2996587,0,1,0
0,-0.20306134,-0.54487896,0.3185199,-0.36963683,-1.1427017,-0.19760212,-0.40069535,1,0,0
0,-1.1045492,-1.4912639,0.4566631,-0.7888438,-1.4099636,-0.77424085,-0.0006123865,0,0,1
0,-0.6037277,-1.0856733,-0.30588734,-0.080184296,-1.5671765,-0.17790516,-0.40069535,0,1,0
0,0.49808568,1.4154516,0.68874365,-1.1581451,0.94822943,-1.2438216,1.0996172,0,0,1
0,-0.85413843,-0.00410521,-0.5379679,0.38892826,0.036394816,0.323159,1.6997416,0,1,0
0,1.3494883,1.4830534,-0.74241984,1.137512,0.7752953,1.1935716,-0.50071657,0,1,0
1,0.34784535,0.13109854,-0.9689747,2.5248873,1.577081,2.8392618,-0.50071657,1,0,0
0,0.54817086,0.13109854,0.6500636,-0.5892215,-0.8754398,-0.34089985,-0.9007995,0,1,0
0,0.44800046,0.94225913,2.9487665,-1.8568232,-0.04221162,-1.52657,0.49949178,0,1,0
0,1.8002245,1.7534404,0.36825144,-0.6391271,1.1997701,-0.58914685,-1.0008208,0,1,0
0,0.34784535,0.19867977,0.67769223,-0.55927783,-0.7968334,-0.27555946,-0.40069535,0,1,0
0,-0.7038828,-1.0856733,-1.267364,1.9659446,-1.0640953,1.7785212,-0.20065387,0,1,0
0,1.8002245,1.8210422,-0.60980237,0.76821065,1.4198681,0.7977103,-0.9007995,0,1,0
0,0.19758973,-0.2068902,-0.8584601,0.5087014,0.8067379,0.23669599,-0.70075804,0,1,0
0,1.0990776,0.94225913,2.9874465,-2.0764077,-1.2055868,-1.9588072,-0.8007793,0,1,0
0,-1.054464,-0.8152864,-0.007498046,-0.2398824,-0.84399724,-0.2114981,0.89957476,0,0,1
0,-0.80405325,-1.2208564,-0.42192763,-0.2398824,1.2626551,-0.48688316,-0.20065387,0,0,1
0,-1.1546191,-0.74768454,0.19695388,-0.0103164045,-1.5042913,0.27811116,1.1996374,0,1,0
0,1.7501394,1.8886235,1.8657237,-1.7669932,-0.1837032,-1.7712039,-0.70075804,0,1,0
0,-0.20306134,-0.54487896,0.18037671,-0.65908897,-1.378521,-0.7314096,-0.40069535,0,1,0
0,0.99890715,-0.071707085,0.36825144,-0.54929686,0.759574,-0.4479974,-2.10105,1,0,0
0,-1.2047043,-1.2884582,-0.8860888,1.736379,0.22505026,1.8710588,0.49949178,0,0,1
0,0.34784535,0.8746573,-0.9137174,1.3071907,-0.6553418,1.2660704,0.599513,1,0,0
0,-1.0043788,-0.8828677,-0.018549502,-0.040260058,-0.13653934,0.08115243,0.6995333,1,0,0
0,2.00055,2.159031,-0.12353833,0.30907902,-0.1837032,0.5261728,-0.8007793,1,0,0
0,1.7000542,1.1450647,-0.3500932,0.22923017,1.1368849,0.23829742,-1.7009664,0,1,0
0,0.59825605,1.6182365,-0.61532813,-0.33969358,-0.13653934,-0.7548467,1.1996374,0,0,1
0,0.94882196,0.4014854,-0.39982474,-0.070203334,-1.1898656,-0.22865611,-1.3008834,0,1,0
0,0.6984112,0.4014854,-1.0629121,1.327153,-0.057932902,1.1523713,-0.8007793,0,1,0
0,-1.0043788,-0.54487896,-0.068281054,-0.050241023,-0.35663736,0.031436466,1.1996374,0,1,0
0,-0.7038828,-0.27449208,-0.035126686,0.069532454,-0.02649033,0.23422533,0.999596,0,1,0
0,-0.80405325,-0.8152864,-0.44955626,0.009645524,0.052116103,-0.14929225,0.39947057,0,1,0
0,1.0990776,0.94225913,-0.22300144,-0.22990105,-0.828276,-0.3400602,-0.8007793,0,1,0
0,-1.1546191,-1.1532751,-0.28378445,0.09947573,-0.105096765,0.098964304,0.599513,1,0,0
0,0.39791524,0.53666854,-0.7313684,0.5087014,-0.8911611,0.337993,-0.0006123865,0,1,0
0,-0.95429355,-1.626447,2.9100862,-2.0764077,0.6652463,-1.985057,-0.50071657,0,0,1
0,-0.0027358106,-0.27449208,1.0976475,-1.1282016,-0.8911611,-0.9876741,-0.40069535,0,1,0
0,1.649969,0.94225913,0.843464,-1.2080506,-0.828276,-1.2487825,-1.9010079,1,0,0
0,-1.6554406,-1.6940489,0.37377718,-0.6391271,-1.0955378,-0.5858657,0.79955447,1,0,0
0,1.3494883,1.1450647,1.351831,-1.4875218,1.0897211,-1.4859262,-1.0008208,0,0,1
0,0.19758973,-0.2068902,0.24668543,-0.7389382,-0.5767354,-0.81601757,-0.70075804,0,1,0
0,1.1491475,0.8746573,0.41245726,-0.5892215,0.33509928,-0.4840906,-1.0008208,0,1,0
0,-1.35496,-1.0856733,0.81030965,-0.54929686,-0.16798191,-0.1784716,1.0996172,0,0,1
0,-1.054464,-0.6800827,-0.8860888,0.728286,-1.2527508,0.51093864,1.0996172,0,1,0
0,-1.5052003,-1.4236621,-1.0463349,0.76821065,0.94822943,0.42971972,0.89957476,0,1,0
0,-0.6037277,-0.6124808,-1.0463349,1.2473042,0.052116103,1.0625197,0.2994503,0,1,0
0,-0.90420836,-1.626447,-0.26168153,-0.27980664,1.1054423,-0.4386812,-0.6007378,0,1,0
0,-0.7038828,-0.27449208,-0.82530576,1.0277195,1.3884255,0.9689666,0.999596,0,1,0
0,1.0489924,0.6042704,2.081227,-1.6871442,-0.8911611,-1.5365893,-1.2008623,0,0,1
0,0.29776013,0.67187226,0.13064516,0.069532454,-0.32519478,0.35346124,0.39947057,0,1,0
0,1.1992327,0.6042704,-0.52691644,0.069532454,1.0425571,-0.11950774,-1.500925,1,0,0
0,-1.054464,-0.6800827,5.06512,-2.605407,-0.4038012,-2.5249681,1.0996172,0,0,1
0,-0.7038828,-0.6800827,-0.32246453,0.079513416,-1.598619,0.042012576,0.39947057,0,0,1
0,0.99890715,-0.13930896,-0.46060774,1.8062465,0.5866399,2.4022002,-2.2010705,0,1,0
0,0.097434595,-0.00410521,-0.2561558,0.728286,1.0111146,1.0375103,-0.20065387,0,1,0
0,-1.35496,-0.8152864,0.2577369,-0.7289569,0.36654183,-0.79416233,1.4997002,0,0,1
0,-1.3048747,-0.95046955,-0.5545451,0.63845617,0.09927996,0.6616096,1.1996374,0,1,0
0,-1.054464,-0.071707085,-0.37219608,0.4987204,1.1840488,0.609892,1.9998044,0,1,0
0,-1.3048747,-0.95046955,0.38482863,-0.3796178,0.13072254,-0.17077641,1.1996374,0,1,0
0,0.29776013,-0.34209394,-0.37772182,0.9578516,-1.2370294,1.2662853,-1.100842,0,1,0
0,-0.45347208,-1.0856733,-1.145798,1.1674553,-0.5767354,0.86617565,-0.70075804,0,0,1
0,0.19758973,0.53666854,-1.0573864,1.5966432,0.60236114,1.5129992,0.39947057,0,1,0
0,-0.20306134,0.13109854,-0.36667037,0.2691548,-0.4195225,0.28344315,0.599513,0,1,0
0,0.39791524,0.8746573,-0.18984707,0.548626,0.5237547,0.82839364,0.49949178,0,1,0
0,1.9003797,1.8210422,-0.6926883,0.16934362,1.2940978,-0.10066043,-1.100842,0,1,0
0,0.29776013,-0.00410521,-1.2507868,1.2872288,-0.23086706,0.9241141,-0.6007378,0,1,0
0,0.49808568,1.4154516,0.7495267,-0.9285792,1.4513106,-0.83710104,1.0996172,0,1,0
0,0.097434595,0.94225913,-0.4937621,-0.15005219,-0.6238992,-0.4071778,1.1996374,0,0,1
0,1.5498139,1.6858385,-0.47718492,0.90794605,0.5080334,1.1081536,-0.6007378,0,1,0
0,-0.50355726,0.063496664,-0.18984707,0.129419,-0.35663736,0.21112062,1.0996172,0,1,0
0,0.39791524,0.26628166,-0.4937621,-0.06022199,-0.71822697,-0.279739,-0.40069535,0,0,1
0,-1.1546191,-0.27449208,0.31299418,-0.47942898,1.0268359,-0.37258857,1.8997831,0,0,1
0,0.19758973,-0.13930896,-1.0131805,0.43883386,0.4451483,0.020684592,-0.6007378,0,0,1
0,-0.80405325,0.063496664,-0.46613345,0.2192492,-0.21514577,0.13734238,1.6997416,0,1,0
0,-0.15297614,0.6042704,-0.26720726,0.009645524,1.3727041,-0.020066245,1.1996374,0,1,0
0,-0.5536425,-0.071707085,-0.7479456,-0.020297749,-0.71822697,-0.40188497,0.999596,0,1,0
0,0.34784535,0.7394741,4.6285877,-2.5654826,0.429427,-2.539353,0.39947057,0,1,0
0,1.0489924,0.8746573,-0.1566927,0.4987204,1.5141958,0.78127533,-0.8007793,0,0,1
0,-1.054464,-0.27449208,-0.13458979,-0.12010892,0.25649282,-0.11841402,1.6997416,0,0,1
0,0.19758973,0.33388352,0.5782291,-0.85871154,-1.0483739,-0.8176581,0.09940883,0,0,1
0,-0.0027358106,-0.13930896,-0.36114463,0.05955111,-0.46668637,-0.014665948,-0.20065387,0,1,0
0,0.047349393,-0.6124808,-0.035126686,-0.19995777,-1.2841933,-0.16997547,-1.0008208,0,0,1
1,1.7501394,1.3478497,-0.95792323,1.4469265,-1.2213081,1.4113411,-1.500925,0,1,0
0,0.8987367,0.53666854,0.09749078,-0.66907036,1.2940978,-0.79553926,-1.0008208,0,1,0
0,-0.15297614,0.19867977,-0.18984707,-0.22990105,-1.6300616,-0.3179709,0.599513,0,1,0
0,1.8503097,2.0238273,0.8545155,-1.1980695,-1.0012101,-1.2267907,-0.70075804,0,1,0
0,0.14750452,1.212646,0.06433642,-0.27980664,-1.5514551,-0.22434953,1.4997002,0,1,0
0,1.0489924,0.53666854,1.2855222,-1.2878995,1.9701132,-1.169253,-1.3008834,0,1,0
1,0.94882196,0.4014854,-1.1513237,2.8542638,-0.35663736,3.0577536,-1.3008834,0,1,0
0,0.49808568,0.67187226,-0.5655966,1.5966432,-1.1741443,1.9997079,-0.0006123865,0,1,0
0,-1.2547895,-0.74768454,-0.024075229,-0.22990105,-1.5042913,-0.20752347,1.399679,0,0,1
0,-1.2547895,-1.0180714,-0.91924316,-0.0103164045,0.036394816,-0.5089629,0.999596,0,1,0
0,0.7484964,0.7394741,1.0589675,-1.2080506,-0.105096765,-1.1425247,-0.40069535,0,1,0
1,1.3995582,1.5506347,-1.532599,3.0439053,1.9858344,2.8296723,-0.50071657,0,0,1
0,-1.2547895,-1.0856733,-0.062755324,-0.0103164045,0.82245916,0.094980106,0.89957476,0,1,0
0,0.6984112,0.53666854,-0.9800261,1.317172,-1.6300616,1.2171453,-0.6007378,0,1,0
1,1.2493179,0.6042704,-1.1568494,1.6864735,-0.16798191,1.5314558,-1.6009462,0,1,0
0,-1.0043788,-0.27449208,0.5174461,-0.51935357,-1.0483739,-0.30919155,1.5997214,0,1,0
0,0.34784535,0.063496664,-0.31141308,0.019626869,0.85390174,-0.03691189,-0.6007378,0,0,1
0,1.9003797,1.9562253,-0.8916145,0.5586069,1.1997701,0.27755475,-0.9007995,1,0,0
0,-0.45347208,0.26628166,-0.94134605,1.4469265,-0.057932902,1.4273075,1.2996587,1,0,0
0,0.14750452,-0.071707085,0.00355341,-0.0103164045,1.4984745,0.14173684,-0.40069535,0,1,0
0,1.9504648,1.8210422,-0.062755324,-0.16003315,1.0897211,-0.12884352,-1.2008623,0,1,0
0,0.24767493,-0.2068902,-1.0960665,1.0876064,0.46086955,0.80685073,-0.8007793,0,0,1
0,-0.35331696,0.6042704,1.5839115,-1.4875218,-1.6615041,-1.382979,1.5997214,0,0,1
0,-0.85413843,-1.3560601,-0.2948359,0.22923017,-0.34091607,0.2796056,-0.3006751,0,1,0
0,-0.45347208,0.13109854,0.8600412,-1.0383716,-1.5671765,-0.95921785,1.0996172,0,1,0
0,0.14750452,-0.4096958,0.4014058,-0.6890327,0.6652463,-0.64816946,-0.9007995,0,0,1
0,1.1992327,1.212646,-0.8584601,1.0876064,-0.13653934,1.0205868,-0.6007378,0,1,0
0,-0.95429355,-0.34209394,-0.39982474,0.17932458,-0.938325,0.129491,1.399679,0,1,0
0,0.29776013,1.3478497,0.14722234,-0.98846596,0.319378,-1.2556376,1.399679,0,1,0
0,0.24767493,1.1450647,-0.47165918,1.0277195,1.0582784,1.2833358,1.1996374,1,0,0
0,-1.6053706,-1.626447,-1.3005184,0.8680218,0.539476,0.34278768,0.79955447,0,1,0
0,-1.35496,-1.1532751,0.30746844,-0.7788625,-1.2370294,-0.84330225,0.999596,0,0,1
0,-0.4033869,0.19867977,-0.60980237,0.009645524,-1.3313571,-0.26285464,1.0996172,0,1,0
0,1.8002245,1.9562253,0.26878834,-0.80880594,-0.85971856,-0.91183597,-0.70075804,0,1,0
0,1.9504648,2.159031,-0.32246453,-0.0003354402,-0.12081805,-0.073688544,-0.70075804,0,1,0
0,-0.5536425,0.13109854,-0.040652413,-0.22990105,0.9167869,-0.21856858,1.2996587,1,0,0
0,-1.3048747,-1.0180714,-1.3502499,1.2073796,0.35082054,0.729958,1.0996172,0,1,0
0,1.0990776,0.53666854,-0.86398584,0.68836176,-0.98548883,0.47539273,-1.4009037,0,1,0
0,0.94882196,0.6042704,1.2357907,-1.1581451,-0.07365419,-0.9692567,-1.0008208,0,0,1
0,-1.1546191,-0.6800827,-0.19537279,0.039589178,-1.1427017,0.074902475,1.2996587,0,0,1
0,-0.7038828,-0.4772977,0.89872134,-1.2379938,0.5551973,-1.2713991,0.6995333,0,1,0
0,-1.1045492,-1.0856733,-0.1180126,-0.7489192,1.2940978,-1.0409545,0.599513,0,1,0
0,0.24767493,0.4014854,-0.22300144,0.5186827,-1.5671765,0.7578187,0.09940883,0,1,0
0,0.6984112,0.4014854,0.1416966,-0.38959914,0.036394816,-0.3416029,-0.8007793,0,0,1
0,-1.2547895,-0.95046955,-0.48271063,-0.10014661,-0.56101406,-0.3287615,1.0996172,0,1,0
0,0.94882196,0.26628166,0.39035437,-0.51935357,-0.5767354,-0.38735425,-1.500925,0,1,0
0,-0.052821014,0.80707604,0.2190568,-0.4494857,0.85390174,-0.3847661,1.2996587,0,0,1
0,-1.2047043,-0.6124808,-0.4992878,0.90794605,1.0425571,1.0889744,1.4997002,0,1,0
1,1.8002245,1.8886235,6.186843,-2.854935,-1.2841933,-2.898574,-0.8007793,0,0,1
0,-0.5536425,0.4014854,-0.11248688,-0.12010892,1.6556873,-0.10325813,1.6997416,1,0,0
0,0.29776013,1.1450647,1.0755446,-1.0084282,-0.56101406,-0.7956859,1.0996172,0,1,0
0,-1.4050299,-1.3560601,1.8215178,-1.4575785,0.869623,-1.2228261,0.79955447,0,1,0
0,0.24767493,0.13109854,0.17485097,-0.5393159,1.8915067,-0.5505734,-0.3006751,0,0,1
0,-0.80405325,-0.6124808,-0.39982474,0.24919248,0.49231213,0.2297726,0.6995333,0,1,0
0,0.34784535,0.4014854,2.5785427,-2.0863888,-0.08937548,-2.1171443,-0.10063361,0,0,1
0,-0.10290622,0.13109854,2.0535984,-1.6472197,0.9167869,-1.4732213,0.39947057,0,1,0
0,-0.80405325,-1.2208564,1.716529,-1.2978806,1.356983,-0.9808969,-0.20065387,0,1,0
0,-0.20306134,0.13109854,0.44561163,-0.9984471,-0.59245664,-1.1127306,0.599513,0,0,1
0,1.1992327,0.26628166,-0.10143542,-0.15005219,0.539476,-0.14023969,-2.001029,0,1,0
0,-2.2564325,-2.7080152,-0.46060774,-0.080184296,0.9325082,-0.28509057,0.49949178,0,1,0
0,-1.2047043,-0.95046955,-0.6871626,0.728286,0.96395075,0.6772245,0.999596,0,1,0
0,-0.4033869,-1.0856733,-0.16774416,-0.06022199,-1.6929468,-0.052731663,-0.8007793,0,1,0
0,0.8987367,0.46908727,-0.60980237,0.78817296,-0.85971856,0.8256202,-1.100842,0,0,1
0,1.8002245,1.8210422,1.2468421,-1.247975,0.115001254,-1.1188339,-0.9007995,0,0,1
1,1.2994031,1.009861,-0.5379679,1.9759256,0.96395075,2.5621583,-1.100842,0,1,0
0,0.6984112,0.33388352,0.17485097,-0.60918343,1.577081,-0.65796417,-0.9007995,0,1,0
0,-1.35496,-1.3560601,-0.51033926,0.8979651,-0.73394823,1.065254,0.6995333,0,1,0
0,1.1491475,1.009861,-0.1787956,-0.24986336,-0.828276,-0.34004062,-0.8007793,0,1,0
0,0.24767493,0.33388352,0.8600412,-1.3278239,-1.2527508,-1.4392377,-0.0006123865,0,1,0
0,0.49808568,0.6042704,-0.26168153,-0.3297122,1.4355893,-0.5115315,-0.10063361,0,1,0
0,0.648326,0.7394741,0.76610386,-0.9285792,-1.158423,-0.82810724,-0.20065387,0,0,1
0,0.7484964,0.4014854,0.1416966,0.38892826,0.539476,0.85046333,-0.9007995,0,1,0
0,-0.052821014,-0.27449208,-1.3557756,0.967833,0.2879354,0.42159468,-0.3006751,0,1,0
0,0.8486668,-0.071707085,0.37377718,-0.22990105,-0.23086706,0.057549126,-1.8009876,0,1,0
0,-1.4050299,-1.1532751,-0.6650597,-0.030278714,0.115001254,-0.3574427,1.0996172,0,1,0
0,0.34784535,0.80707604,1.8712494,-1.5673709,-1.3156358,-1.4022366,0.49949178,0,1,0
0,-1.054464,-1.3560601,-0.27273297,0.61849385,-1.598619,0.863598,0.09940883,0,1,0
0,-1.3048747,-1.0180714,0.54507476,-0.7788625,-0.37235865,-0.70808995,1.0996172,0,0,1
0,0.097434595,-0.2068902,-1.4607645,2.0657558,-1.4571275,1.6989815,-0.50071657,0,1,0
0,-1.0043788,-1.4912639,0.4566631,-0.66907036,0.20932898,-0.5841668,-0.20065387,0,1,0
0,0.8486668,0.13109854,-0.576648,0.80813485,-1.5042913,0.8817127,-1.500925,0,1,0
0,0.648326,0.8746573,-0.16774416,0.24919248,1.6556873,0.40408516,-0.0006123865,0,1,0
0,1.1491475,1.2802478,-0.17326988,0.22923017,0.8067379,0.37048265,-0.40069535,0,0,1
0,0.39791524,0.53666854,0.13617088,-0.3796178,-1.2055868,-0.3298552,-0.0006123865,0,1,0
0,-0.90420836,-0.74768454,0.41245726,-0.4494857,-1.4571275,-0.26343066,0.6995333,0,0,1
0,-0.6037277,0.19867977,0.07538787,-0.31973127,-0.16798191,-0.2777469,1.4997002,0,1,0
0,-0.6537976,-0.2068902,-0.8087286,0.5685883,-0.13653934,0.35795358,0.999596,0,1,0
0,0.19758973,1.1450647,0.08643933,-0.13008988,-1.6143403,0.017960312,1.2996587,0,0,1
0,-0.7038828,-0.4772977,-0.013023773,-0.2398824,1.0582784,-0.21516994,0.6995333,0,1,0
1,0.34784535,1.2802478,-0.7755742,1.0177386,1.797179,0.9995129,1.1996374,0,1,0
0,-0.052821014,-0.34209394,-0.70373976,1.7862846,-0.7653908,2.1249793,-0.40069535,0,0,1
0,-1.0043788,-0.6800827,-0.5545451,-0.15005219,-1.158423,-0.4485347,0.999596,0,0,1
0,1.0990776,0.6042704,-0.18432134,-0.59920245,-0.92260367,-0.8584386,-1.3008834,0,1,0
0,-1.2047043,-0.27449208,0.29089126,-0.41954243,-0.7968334,-0.29305896,1.9998044,0,0,1
0,-1.1045492,-0.4772977,3.8881402,-2.4257467,-1.1269804,-2.419824,1.4997002,0,0,1
0,-0.95429355,-1.4236621,0.16379952,-0.29976895,-1.2370294,-0.18960413,-0.20065387,0,0,1
0,-1.6053706,-1.6940489,-0.12906405,-0.3297122,0.429427,-0.4255174,0.6995333,0,0,1
1,-1.0043788,-0.8828677,-1.4994446,2.934113,1.2783765,2.734772,0.6995333,0,1,0
0,-0.90420836,-0.6800827,1.3297281,-1.068315,-0.26230964,-0.76566684,0.79955447,0,1,0
0,1.3995582,1.4154516,2.3133078,-1.9666156,-0.81255466,-1.9772252,-0.70075804,0,1,0
0,-0.6037277,-0.13930896,0.09749078,-0.27980664,0.49231213,-0.202553,0.999596,0,1,0
0,1.7501394,1.6182365,-0.32246453,0.36896595,-1.378521,0.46142802,-1.100842,0,1,0
0,-0.753968,-0.4772977,-0.37772182,0.46877712,0.1778864,0.5624026,0.79955447,0,1,0
0,-0.7038828,-1.2208564,-0.82530576,1.137512,0.94822943,1.1182803,-0.40069535,0,1,0
0,0.59825605,0.46908727,2.3354106,-1.7470309,-1.2527508,-1.5477805,-0.50071657,0,0,1
0,0.29776013,1.212646,-0.21194997,0.4787581,1.8600641,0.70801485,1.1996374,0,1,0
0,1.1491475,1.1450647,0.80478394,-0.91859823,0.35082054,-0.7906662,-0.6007378,0,0,1
0,0.49808568,0.80707604,-0.1566927,0.2891171,-1.2841933,0.47140807,0.1994291,0,1,0
0,-1.5552855,-1.0856733,-0.4937621,0.68836176,1.2312126,0.7822516,1.4997002,0,0,1
0,-0.753968,-0.2068902,-0.5655966,0.25917345,0.19360769,0.11929601,1.1996374,0,1,0
0,1.5498139,0.80707604,-0.576648,0.009645524,1.7500151,-0.2393588,-1.9010079,0,1,0
0,-0.5536425,0.063496664,0.34614855,-0.17999546,-0.7811121,0.11736265,1.1996374,0,1,0
0,0.39791524,-0.2068902,1.169482,-1.2080506,1.1840488,-1.0880336,-1.100842,0,0,1
0,-0.753968,-0.34209394,0.04775923,0.4488148,0.38226312,0.86828524,0.999596,0,1,0
0,0.19758973,-0.27449208,0.7495267,-0.4494857,0.8853443,-0.051960323,-0.8007793,0,0,1
0,0.8486668,0.7394741,0.5782291,-0.7189759,1.5456383,-0.592897,-0.6007378,0,1,0
0,1.649969,1.7534404,-0.7866257,0.7083237,0.46086955,0.5667971,-0.70075804,0,0,1
1,1.7000542,1.2802478,-1.3336728,2.3851516,-0.7653908,2.2409337,-1.500925,0,1,0
0,-1.4050299,-0.95046955,-0.2948359,0.6584181,-0.15226063,0.90359706,1.399679,1,0,0
0,1.2994031,0.26628166,0.025656322,-0.4894103,-1.2999146,-0.5664132,-2.2010705,0,0,1
0,0.99890715,0.26628166,0.30746844,-0.70899457,0.429427,-0.73427093,-1.6009462,0,0,1
0,-2.106192,-2.4376283,-1.1292208,1.1674553,-0.60817796,0.881322,0.599513,0,0,1
0,-1.2047043,-0.95046955,-0.42192763,0.66839945,-0.35663736,0.8132177,0.999596,1,0,0
0,-0.15297614,0.67187226,2.4514508,-1.8967476,1.467032,-1.7921116,1.2996587,0,1,0
0,0.29776013,0.94225913,-0.394299,0.039589178,-0.828276,-0.06712623,0.79955447,0,0,1
0,1.7000542,1.212646,-0.81978005,0.2691548,1.4041468,-0.05848348,-1.6009462,0,0,1
0,1.2994031,0.33388352,-0.08485824,-0.62914574,1.5141958,-0.84332186,-2.10105,0,0,1
0,2.00055,1.8886235,0.014604866,0.2691548,1.4198681,0.5711619,-1.2008623,0,1,0
0,-2.2063472,-2.5728114,-1.3944558,1.4768697,-0.92260367,1.0285944,0.599513,0,1,0
0,-0.80405325,0.063496664,-0.035126686,-0.47942898,-0.24658835,-0.58914685,1.6997416,0,1,0
0,1.3995582,1.6858385,-0.6484825,0.6085125,-1.6300616,0.5429206,-0.3006751,1,0,0
0,-0.90420836,-0.4096958,-0.7811,1.2872288,-0.45096508,1.363217,1.1996374,0,1,0
0,0.14750452,0.7394741,0.7550524,-1.1381828,0.7910166,-1.1778073,0.79955447,0,1,0
0,-0.95429355,-0.00410521,0.07538787,0.089494765,-0.92260367,0.3440476,1.8997831,0,1,0
1,-0.35331696,-1.0856733,0.014604866,-0.24986336,1.4984745,-0.2118692,-0.9007995,0,0,1
0,-1.0043788,-0.8152864,-0.23957862,0.48873943,1.1211636,0.70074946,0.79955447,0,1,0
0,0.7484964,0.33388352,-0.7921514,0.4488148,0.14644383,0.20775114,-1.0008208,0,1,0
0,-0.10290622,0.33388352,-0.23957862,-0.12010892,1.68713,-0.19040507,0.6995333,0,1,0
0,-0.85413843,0.063496664,-0.09038396,0.5885506,-0.13653934,0.9678633,1.7997628,0,1,0
0,-0.90420836,-0.8152864,-0.5379679,0.69834274,-1.4099636,0.75969374,0.599513,0,1,0
0,0.6984112,0.80707604,-0.3500932,-0.34967452,-1.2999146,-0.5977017,-0.20065387,0,0,1
0,-1.4050299,-1.1532751,-0.59875095,0.36896595,-0.9697675,0.24805346,1.0996172,0,0,1
0,-1.6053706,-1.2884582,-0.26168153,0.36896595,1.797179,0.5083705,1.2996587,1,0,0
0,1.7501394,1.6858385,-1.0297577,1.0975873,1.0111146,0.87971056,-1.0008208,0,0,1
0,-0.90420836,-0.6800827,-0.08485824,-0.090165645,-0.12081805,-0.03966577,0.79955447,1,0,0
0,-0.25314656,0.67187226,-0.48823637,0.32904133,0.4451483,0.27672467,1.4997002,0,0,1
0,0.39791524,0.53666854,-0.2948359,0.5685883,0.60236114,0.77299416,-0.0006123865,0,1,0
0,-1.054464,-0.6800827,-0.20642425,0.019626869,-1.2213081,0.0376764,1.0996172,0,1,0
0,-0.95429355,-0.071707085,0.81030965,-1.0882771,-0.74966955,-1.0675558,1.7997628,1,0,0
0,-0.4033869,-0.6124808,0.36272573,-0.56925917,-0.010769043,-0.48271364,-0.10063361,0,1,0
0,0.8987367,0.19867977,-0.41087618,0.64843714,-0.74966955,0.7937261,-1.500925,0,0,1
0,-1.3048747,-0.8152864,0.18590243,-0.60918343,0.24077155,-0.6513431,1.399679,0,0,1
0,-0.20306134,-0.4772977,0.10301651,-0.51935357,0.115001254,-0.56406915,-0.3006751,0,1,0
0,0.34784535,-0.34209394,-0.5545451,0.37894693,-1.0483739,0.29624587,-1.2008623,0,0,1
0,0.34784535,1.5506347,-0.6595339,1.3770586,-0.63962054,1.6016692,1.5997214,0,1,0
0,0.24767493,1.0774629,-0.3500932,0.16934362,-0.16798191,0.1518148,1.0996172,1,0,0
0,1.9504648,2.091429,-1.267364,2.2853405,0.35082054,2.1878877,-0.8007793,0,1,0
0,1.7501394,1.9562253,-0.19537279,0.4787581,0.052116103,0.7211395,-0.6007378,0,1,0
0,1.7501394,1.9562253,-0.21194997,0.39890924,0.319378,0.59075147,-0.6007378,0,1,0
0,-0.10290622,0.13109854,0.18590243,-0.66907036,0.94822943,-0.74350923,0.39947057,1,0,0
0,0.59825605,0.67187226,0.18590243,-0.7189759,-0.7968334,-0.8203141,-0.20065387,0,1,0
0,-1.8056961,-1.6940489,0.79925823,-0.85871154,-0.56101406,-0.69500446,1.0996172,0,0,1
0,-0.90420836,-0.74768454,-1.1789523,1.4369456,-0.5138502,1.1855053,0.6995333,0,0,1
0,-1.1546191,-0.8828677,-0.36114463,0.6783804,1.2626551,0.8777772,0.999596,0,1,0
0,-0.10290622,-0.6124808,0.4014058,-0.45946667,1.5299171,-0.28610596,-0.70075804,0,1,0
0,0.54817086,-0.00410521,-0.38324755,0.009645524,-1.3313571,-0.10230101,-1.100842,1,0,0
0,-0.753968,-0.34209394,-0.31141308,0.4787581,-0.24658835,0.62926656,0.999596,0,0,1
0,0.047349393,0.26628166,-0.32799026,-0.28978798,-0.48240766,-0.4967271,0.2994503,0,0,1
0,-1.35496,-1.0180714,-0.23405288,0.74824834,-1.268472,1.0852242,1.1996374,0,1,0
0,1.8002245,1.212646,1.086596,-0.70899457,-0.13653934,-0.28126255,-1.8009876,0,1,0
0,-0.5536425,-0.13930896,2.2525246,-1.8268797,-0.04221162,-1.732845,0.89957476,0,0,1
0,-1.2547895,-1.0180714,0.4014058,-0.9984471,0.869623,-1.1361673,0.999596,0,0,1
0,1.1491475,1.009861,0.1416966,-0.43950474,-1.0483739,-0.41801754,-0.8007793,0,1,0
0,-0.95429355,-1.2884582,0.42350873,-0.7189759,-0.67106307,-0.68258244,-0.0006123865,0,1,0
0,-0.15297614,-0.54487896,0.44561163,-0.9984471,0.94822943,-1.1127306,-0.50071657,0,1,0
0,-0.85413843,-0.6800827,-0.18984707,0.129419,-0.23086706,0.21112062,0.6995333,0,0,1
0,0.648326,0.063496664,-0.04617814,0.15936227,-1.5514551,0.36083406,-1.2008623,0,1,0
0,0.047349393,1.0774629,-0.05170387,-0.33969358,-0.52957153,-0.39028388,1.4997002,0,1,0
0,-0.85413843,-1.0856733,0.296417,-0.29976895,1.0425571,-0.10288703,0.09940883,0,1,0
0,1.9504648,2.0238273,-0.12353833,-0.39958012,0.539476,-0.5256328,-0.9007995,1,0,0
0,0.097434595,0.19867977,-0.14011551,-0.13008988,-0.938325,-0.13698813,0.09940883,0,1,0
0,-0.35331696,-1.0180714,1.2855222,-1.3877106,-0.8754398,-1.342296,-0.8007793,0,1,0
0,-0.25314656,0.46908727,-0.28378445,-0.050241023,-0.19942449,-0.11900004,1.1996374,0,0,1
0,0.34784535,0.8746573,-0.09590969,-0.47942898,-0.938325,-0.6269589,0.599513,0,1,0
0,0.7484964,0.7394741,-0.44403055,0.5087014,-0.16798191,0.567012,-0.40069535,0,1,0
0,0.39791524,0.33388352,0.23563398,-0.88865477,1.3412616,-1.0541183,-0.3006751,1,0,0
0,-0.5536425,-0.27449208,0.27431408,-0.57924014,1.4041468,-0.5518233,0.6995333,0,1,0
0,0.19758973,0.13109854,-0.057229597,-0.3796178,-1.5357338,-0.45358345,-0.20065387,0,1,0
0,-0.753968,-0.34209394,-0.93582034,1.2373232,0.08355868,1.1516778,0.999596,0,1,0
0,-1.0043788,-0.6124808,0.19142815,-0.51935357,-1.0640953,-0.50969553,1.0996172,0,0,1
0,-1.0043788,-0.54487896,1.0589675,-1.1282016,-1.0955378,-1.0072932,1.1996374,0,1,0
0,-0.753968,-0.27449208,-0.5434936,0.8181162,-0.010769043,0.9239675,1.0996172,0,0,1
0,-0.10290622,-0.2068902,-1.2121067,2.165567,0.4137057,2.0946283,-0.10063361,0,0,1
0,-1.0043788,-0.8828677,1.2799965,-1.3777294,1.5456383,-1.3275504,0.6995333,0,1,0
0,-1.3048747,-0.95046955,-0.38877326,0.25917345,-0.4352438,0.2524183,1.1996374,0,0,1
0,-0.7038828,-1.1532751,-0.6484825,0.039589178,1.1211636,-0.2486067,-0.3006751,0,1,0
0,0.49808568,0.33388352,-0.60980237,-0.06022199,-0.15226063,-0.3605381,-0.50071657,0,1,0
0,0.39791524,0.19867977,1.8159921,-1.5474086,-0.19942449,-1.3894826,-0.50071657,0,0,1
0,0.59825605,0.19867977,0.04775923,-0.14007123,-0.7653908,-0.023611499,-0.9007995,0,1,0
0,1.0990776,0.94225913,0.478766,-0.83874923,-0.71822697,-0.84109527,-0.8007793,0,0,1
0,-1.5552855,-1.626447,-0.576648,0.4987204,0.1778864,0.44729754,0.6995333,0,1,0
0,-0.85413843,-0.54487896,-0.2948359,0.23921151,-1.4414061,0.2941167,0.89957476,1,0,0
0,-0.6037277,-0.2068902,1.108699,-1.1481639,0.6966889,-1.0160526,0.89957476,0,1,0
0,-0.5536425,-0.2068902,-0.7313684,0.85804045,0.8381804,0.81889164,0.79955447,1,0,0
0,-1.1546191,-1.9644357,1.7441577,-1.7470309,-1.5828978,-1.7828833,-0.6007378,1,0,0
0,-1.1045492,-0.13930896,1.4291912,-1.4475974,1.4984745,-1.3813776,1.9998044,0,0,1
0,-0.90420836,-1.3560601,2.3740907,-1.8268797,-1.1898656,-1.6862248,-0.20065387,0,0,1
0,-0.35331696,-1.0856733,-0.394299,0.2192492,-0.38807994,0.19091596,-0.9007995,0,0,1
0,0.648326,0.67187226,0.22458252,-0.33969358,1.1997701,-0.21157642,-0.3006751,1,0,0
0,-0.5536425,-0.95046955,-0.08485824,0.039589178,0.36654183,0.15380691,-0.3006751,0,0,1
0,0.14750452,0.13109854,-0.94134605,0.87800276,-1.1269804,0.6652815,-0.10063361,0,1,0
1,-0.10290622,-0.4772977,-1.328147,2.5049248,1.6399661,2.3993971,-0.50071657,0,1,0
0,0.24767493,0.80707604,0.06433642,-0.33969358,1.5299171,-0.31522658,0.6995333,0,0,1
0,1.4997287,1.5506347,-0.2948359,0.23921151,0.067837395,0.2941167,-0.70075804,0,1,0
0,0.44800046,1.212646,1.6778489,-1.5474086,-1.2999146,-1.4492961,0.89957476,0,0,1
0,2.00055,2.226612,1.6833746,-1.2878995,-0.30947348,-0.97870946,-0.70075804,0,0,1
0,0.34784535,1.3478497,-0.7645228,1.1075684,-0.9068824,1.1324499,1.2996587,0,1,0
0,1.4997287,0.80707604,1.0810703,-1.3877106,1.356983,-1.4366009,-1.8009876,0,1,0
0,0.29776013,1.009861,-0.44403055,0.69834274,-0.70250565,0.8377194,0.89957476,0,1,0
0,-0.25314656,-0.4772977,-0.18432134,0.14938131,-0.48240766,0.24456695,-0.20065387,0,0,1
1,0.8987367,0.4014854,6.2586775,-2.8150105,0.25649282,-2.779729,-1.2008623,0,1,0
0,0.24767493,1.3478497,-0.3390417,-0.10014661,0.71241015,-0.22973981,1.4997002,0,1,0
0,0.648326,0.67187226,-0.758997,0.74824834,1.4041468,0.6445591,-0.3006751,0,0,1
0,-1.2547895,-1.0180714,-0.7645228,1.0476818,-1.598619,1.0503618,0.999596,0,0,1
0,0.7484964,0.80707604,0.88766986,-1.1182206,-1.0798166,-1.077575,-0.3006751,0,1,0
0,0.34784535,0.7394741,-0.91924316,0.9877953,-0.1837032,0.831831,0.39947057,0,0,1
0,0.7484964,0.46908727,-0.43850482,-0.14007123,-1.4728488,-0.35532355,-0.8007793,0,0,1
0,-0.6037277,-0.2068902,1.169482,-1.0383716,0.82245916,-0.797346,0.89957476,0,1,0
0,-1.1045492,-0.8828677,-0.7479456,0.41887155,-0.71822697,0.20138416,0.89957476,0,1,0
0,-0.0027358106,-0.2068902,0.6224349,-1.1381828,0.067837395,-1.244837,-0.3006751,0,0,1
0,0.19758973,-0.00410521,0.114067964,0.22923017,1.2312126,0.58528286,-0.40069535,0,0,1
0,-1.2547895,-1.0180714,0.09749078,-0.090165645,-0.95404625,0.086337805,0.999596,1,0,0
0,0.24767493,0.13109854,1.2413164,-1.4076729,-1.268472,-1.3971391,-0.3006751,0,1,0
0,1.7000542,1.009861,-0.637431,1.077625,0.319378,1.205505,-1.9010079,0,1,0
0,-0.5536425,0.063496664,0.22458252,-0.26982567,-0.12081805,-0.10357049,1.1996374,0,1,0
0,1.1992327,0.063496664,-0.60980237,0.36896595,-0.057932902,0.23951817,-2.301092,0,1,0
0,-0.85413843,-1.0856733,-0.30588734,0.33902267,1.0111146,0.4307547,0.09940883,0,1,0
0,1.1992327,1.212646,-1.0021291,1.0576627,0.39798442,0.8515666,-0.6007378,0,0,1
0,1.1992327,1.009861,0.2798398,-0.0103164045,-0.7811121,0.3365573,-0.9007995,0,1,0
0,1.5498139,0.7394741,0.3019427,-0.4494857,-1.48857,-0.33276525,-2.001029,0,0,1
0,-1.3048747,-1.4236621,-0.82530576,1.1973985,0.36654183,1.1997241,0.49949178,1,0,0
0,-1.3048747,-0.6800827,-0.394299,0.13940035,0.759574,0.07623069,1.5997214,1,0,0
0,-0.0027358106,-0.27449208,0.43456018,-0.3796178,-0.85971856,-0.13896064,-0.40069535,0,0,1
0,1.1992327,1.2802478,0.7274238,-1.0084282,1.5141958,-0.97963744,-0.50071657,0,1,0
0,1.9504648,2.0238273,0.478766,-0.85871154,1.5928022,-0.87285227,-0.9007995,0,1,0
0,1.2994031,0.26628166,-0.14011551,0.2691548,-0.5138502,0.4544067,-2.2010705,0,1,0
0,0.19758973,0.80707604,-0.2782587,0.5286637,1.1368849,0.7282195,0.79955447,1,0,0
0,1.2994031,1.4830534,-1.0297577,1.6465489,0.94822943,1.6064056,-0.40069535,0,0,1
0,-0.6537976,-1.0856733,-0.5932252,0.27913576,1.4041468,0.12646392,-0.3006751,1,0,0
1,-1.6554406,-1.4912639,-1.5547018,2.8941884,-0.04221162,2.6178596,1.0996172,0,0,1
0,-0.50355726,-0.8152864,-0.8695116,1.8461711,1.4355893,2.0363288,-0.20065387,1,0,0
0,-0.15297614,-0.27449208,-0.9966033,1.0676441,0.8381804,0.8697792,-0.10063361,0,1,0
0,-0.20306134,0.063496664,-0.46613345,0.6085125,-0.49812892,0.691482,0.49949178,0,0,1
0,1.1992327,0.7394741,1.9209809,-1.757012,1.4041468,-1.7309995,-1.3008834,0,0,1
0,-0.4033869,0.26628166,-1.184478,1.1973985,-1.158423,0.86965215,1.1996374,0,0,1
0,-0.45347208,0.4014854,-0.4992878,0.3190604,-0.4352438,0.25411764,1.4997002,0,0,1
0,1.4496434,1.4830534,1.0479159,-1.6372385,-0.1837032,-1.8740044,-0.70075804,0,1,0
0,1.7501394,1.4154516,0.744001,-0.91859823,-1.6929468,-0.8237519,-1.4009037,0,1,0
0,-0.5536425,0.13109854,-0.9800261,1.2972097,1.2154913,1.1905445,1.2996587,0,1,0
0,0.14750452,-0.54487896,0.6113835,-0.47942898,1.3884255,-0.18696728,-1.100842,0,1,0
0,1.3995582,1.4830534,-0.16774416,-0.34967452,-0.8754398,-0.4800768,-0.6007378,0,1,0
0,-0.4033869,-1.0180714,-0.5600708,0.6584181,-0.70250565,0.68516374,-0.70075804,0,1,0
0,-1.9058514,-1.8292526,1.8878266,-1.5673709,-1.0640953,-1.3951174,1.0996172,0,1,0
0,-0.753968,-0.4772977,0.4621888,-0.6890327,0.02067353,-0.61261356,0.79955447,0,1,0
0,1.9003797,1.6182365,0.3185199,-0.65908897,1.4984745,-0.6498683,-1.4009037,0,0,1
0,0.047349393,-0.6124808,-0.7700485,0.66839945,-0.48240766,0.5259092,-1.0008208,0,1,0
0,-1.2547895,-1.2208564,0.5948063,-0.8686927,-1.6457828,-0.8245428,0.6995333,0,1,0
0,-2.2564325,-2.7080152,0.3185199,-0.27980664,-1.4414061,-0.057243597,0.49949178,0,1,0
0,-0.25314656,-0.8152864,2.3519878,-1.9566344,0.8853443,-1.9441595,-0.70075804,0,1,0
0,-0.6037277,-0.2068902,0.27431408,-0.469448,0.649525,-0.38113344,0.89957476,0,0,1
0,-1.054464,-1.0856733,0.58928055,0.05955111,1.0582784,0.6672736,0.49949178,0,1,0
0,-0.4033869,-1.0180714,1.556283,-1.3877106,-0.60817796,-1.2174062,-0.70075804,0,1,0
0,1.3995582,0.6042704,0.5340233,-0.4993913,-1.0955378,-0.26704374,-1.9010079,0,1,0
0,0.34784535,0.53666854,-0.38877326,0.63845617,-0.5138502,0.79754454,0.09940883,0,0,1
0,1.3494883,1.3478497,-0.30588734,0.14938131,-0.67106307,0.15540878,-0.70075804,1,0,0
0,-0.5536425,0.063496664,-0.9855519,1.1674553,1.3255403,1.0125889,1.1996374,0,1,0
0,2.00055,2.159031,0.5119204,-0.93856037,0.20932898,-0.98195195,-0.8007793,0,1,0
0,1.7501394,1.6858385,-0.455082,0.63845617,0.94822943,0.7431705,-1.0008208,0,1,0
0,0.14750452,-0.2068902,0.23563398,-0.91859823,0.57091856,-1.1004652,-0.6007378,1,0,0
0,-0.5536425,-0.95046955,1.2799965,-1.587333,1.6556873,-1.6907368,-0.3006751,0,1,0
0,-1.4050299,-1.0856733,-0.43850482,0.20926785,-1.0483739,0.14369023,1.1996374,0,1,0
0,-0.15297614,-0.54487896,-1.3115698,1.5467377,-0.32519478,1.1978686,-0.50071657,1,0,0
0,0.648326,0.6042704,0.31299418,-0.60918343,0.7752953,-0.57520217,-0.40069535,0,1,0
0,-0.80405325,-0.74768454,0.9208242,-1.0483527,-0.010769043,-0.94408154,0.49949178,0,1,0
0,0.7484964,0.7394741,-0.758997,-0.0003354402,-0.21514577,-0.38227588,-0.40069535,0,0,1
0,-1.054464,-0.6800827,-0.8695116,0.38892826,0.13072254,0.0659378,1.0996172,0,1,0
0,-1.4050299,-1.0180714,-1.0297577,0.64843714,1.2154913,0.28514248,1.2996587,0,0,1
0,1.2493179,1.3478497,-0.7092655,0.41887155,1.0897211,0.2315985,-0.50071657,0,1,0
0,-0.90420836,-0.8152864,-0.5711223,1.1874176,0.71241015,1.4192898,0.599513,1,0,0
0,-0.5536425,-0.34209394,0.58375484,-0.88865477,0.96395075,-0.8627843,0.599513,0,1,0
0,1.599899,0.80707604,0.8213611,-0.80880594,-1.1741443,-0.60031855,-2.001029,0,0,1
0,0.24767493,1.2802478,-0.59875095,0.9378897,-1.1112591,1.0445904,1.399679,0,1,0
0,-1.054464,-1.4912639,-0.7866257,0.4987204,-0.057932902,0.28030863,-0.10063361,0,1,0
1,0.8486668,-0.071707085,-1.228684,0.8979651,1.2469339,0.44319585,-1.8009876,0,1,0
0,-0.45347208,0.33388352,-0.6650597,0.87800276,-0.49812892,0.9035579,1.399679,0,1,0
0,-0.95429355,-1.3560601,2.125433,-1.9167099,-1.2370294,-1.9506826,-0.10063361,0,0,1
0,1.3494883,0.46908727,-0.7811,1.7663223,-1.3942423,2.018516,-2.001029,0,1,0
0,1.8503097,2.091429,1.0037102,-0.51935357,-0.9068824,-0.01013489,-0.6007378,0,1,0
0,-0.90420836,-1.5588452,-0.20089853,-0.1700145,-0.32519478,-0.23726927,-0.50071657,0,1,0
0,0.49808568,0.80707604,-0.9745004,0.62847483,-0.71822697,0.30393106,0.1994291,0,1,0
0,-0.30323175,-0.4772977,0.025656322,-0.39958012,1.4041468,-0.4307128,-0.10063361,0,1,0
0,1.2493179,1.009861,1.4512941,-1.3577673,1.3255403,-1.213041,-1.0008208,0,1,0
0,0.14750452,-0.071707085,0.76057816,-0.98846596,0.35082054,-0.92936504,-0.40069535,1,0,0
0,0.648326,0.33388352,-1.1181693,1.2672665,-0.02649033,1.0219834,-0.8007793,0,1,0
0,0.34784535,-0.00410521,0.7329495,-1.0283904,1.0739998,-1.0093732,-0.70075804,0,1,0
0,-1.1045492,-1.6940489,-0.50481355,1.1175497,-0.010769043,1.3811268,-0.3006751,0,1,0
0,-0.50355726,-0.00410521,0.70532084,-0.9984471,-0.85971856,-0.97503763,0.999596,0,0,1
0,-0.6537976,-0.071707085,-0.58217376,1.2972097,0.57091856,1.5631932,1.1996374,0,0,1
0,-0.052821014,-0.34209394,-1.0518606,1.1275307,1.0739998,0.8993101,-0.40069535,0,1,0
0,0.8486668,0.4014854,-0.73689413,0.59853154,0.067837395,0.4571606,-1.100842,0,1,0
0,0.7484964,0.26628166,-0.28378445,0.10945669,0.68096757,0.11349547,-1.100842,0,1,0
0,1.2994031,1.3478497,-0.51033926,0.548626,1.0268359,0.57068384,-0.6007378,0,1,0
0,-0.50355726,-0.071707085,-0.7092655,0.46877712,-0.21514577,0.30049372,0.89957476,0,1,0
1,1.7000542,1.4830534,-1.1181693,2.934113,-0.8754398,3.2023995,-1.2008623,0,1,0
0,-0.85413843,-0.95046955,-0.22300144,-0.1700145,0.539476,-0.2522298,0.2994503,0,1,0
0,-1.054464,-1.4912639,-0.4937621,0.34900364,-0.02649033,0.3008161,-0.10063361,0,0,1
0,-1.3048747,-1.0180714,0.14722234,-0.85871154,-0.49812892,-1.056833,1.0996172,0,0,1
0,-0.4033869,-0.74768454,0.9539786,-1.3577673,-0.19942449,-1.4450674,-0.3006751,1,0,0
0,-1.3048747,-1.0180714,-0.3556189,0.71830505,-0.60817796,0.93996346,1.0996172,0,1,0
0,-0.6037277,-1.2208564,-0.5324422,1.3371344,-1.3627998,1.6661403,-0.6007378,0,1,0
0,0.7985816,0.53666854,0.13617088,-0.5892215,0.6652463,-0.6505909,-0.8007793,0,1,0
0,0.59825605,0.19867977,-0.23405288,0.5685883,-0.49812892,0.82208496,-0.9007995,0,1,0
0,0.44800046,0.7394741,-0.6761111,0.069532454,-1.3156358,-0.22682019,0.1994291,0,1,0
0,0.34784535,0.53666854,0.3185199,-0.9485415,-1.0955378,-1.102135,0.09940883,0,1,0
0,1.0990776,0.063496664,0.18037671,-0.5393159,-1.4256848,-0.54719484,-2.10105,0,0,1
0,0.24767493,0.19867977,0.7937325,-0.8487304,-1.5671765,-0.6816353,-0.20065387,0,1,0
0,-0.90420836,-0.8828677,-0.51033926,0.8380785,-0.8911611,0.9804707,0.49949178,0,1,0
0,1.1491475,0.94225913,-0.2174757,0.019626869,-1.2213081,0.029825026,-0.9007995,0,0,1
0,-1.054464,-0.13930896,0.8489898,-1.0084282,-1.1427017,-0.9154003,1.8997831,0,0,1
0,1.649969,0.94225913,1.0644932,-1.4376162,1.9543918,-1.5288162,-1.9010079,0,1,0
0,0.8987367,0.19867977,-0.31693882,0.13940035,-0.70250565,0.1328309,-1.500925,0,1,0
0,-0.6037277,-0.00410521,-0.062755324,-0.3297122,0.6180824,-0.38251036,1.1996374,0,1,0
0,-1.35496,-1.1532751,-0.30588734,0.38892826,-1.48857,0.5032143,0.999596,0,1,0
0,1.4496434,1.7534404,-0.80320287,0.63845617,-0.4038012,0.45770743,-0.3006751,0,0,1
0,-0.85413843,-0.6124808,-0.84740865,0.5286637,1.6399661,0.27257428,0.79955447,0,1,0
0,-0.5536425,-0.00410521,1.4070883,-1.2779183,0.09927996,-1.0935122,1.0996172,0,1,0
0,-1.054464,-1.6940489,0.5948063,-0.91859823,1.6399661,-0.9049613,-0.40069535,0,0,1
0,-0.25314656,-0.8828677,-0.515865,0.5685883,1.0268359,0.594482,-0.8007793,0,1,0
0,0.8486668,0.53666854,2.2912047,-1.8368609,1.4198681,-1.7370932,-0.9007995,0,0,1
0,-1.5552855,-1.1532751,-0.14564124,-0.12010892,1.2783765,-0.1259922,1.399679,0,1,0
0,0.29776013,0.6042704,-0.37772182,-0.20993873,-0.34091607,-0.41441402,0.2994503,0,1,0
0,0.49808568,0.063496664,0.10301651,-0.7389382,-1.6929468,-0.89878917,-0.9007995,0,1,0
0,-0.90420836,-1.4236621,-0.60980237,0.9378897,0.5237547,1.0349423,-0.3006751,0,1,0
0,1.8503097,1.8886235,-0.09038396,0.069532454,-0.7653908,0.19448033,-0.9007995,0,1,0
0,1.9504648,2.226612,-0.80320287,1.1574739,0.20932898,1.1655838,-0.6007378,0,1,0
0,-0.35331696,-0.6800827,-0.12906405,-0.13008988,-0.6867844,-0.12942953,-0.3006751,0,1,0
0,1.4496434,1.6182365,-0.515865,0.16934362,1.3884255,0.029649267,-0.50071657,0,1,0
0,-1.4551151,-1.4236621,-0.23957862,0.46877712,-0.30947348,0.67153144,0.79955447,0,1,0
0,-1.2547895,-0.4772977,0.13617088,-0.24986336,-1.378521,-0.1313046,1.7997628,0,1,0
0,-0.35331696,-0.95046955,-0.36114463,0.9578516,1.3098191,1.280816,-0.70075804,0,1,0
0,-0.50355726,-0.95046955,-0.40535045,0.63845617,0.067837395,0.7839509,-0.40069535,0,1,0
0,0.59825605,0.7394741,0.19142815,-0.56925917,-1.6300616,-0.5865496,-0.10063361,0,0,1
0,-0.95429355,-1.4236621,1.2136878,-1.1381828,1.0739998,-0.94599533,-0.20065387,0,0,1
1,0.8987367,-0.2068902,-0.5379679,0.5286637,1.9701132,0.52030396,-2.10105,0,1,0
0,0.6984112,0.53666854,1.0976475,-0.96850383,-0.057932902,-0.7161171,-0.6007378,0,0,1
0,-0.45347208,-0.95046955,-0.22300144,0.5087014,1.2154913,0.74318004,-0.50071657,0,0,1
0,-0.5536425,-0.95046955,0.114067964,-0.7788625,0.1621651,-0.9533586,-0.3006751,0,1,0
1,1.7501394,1.0774629,-0.9855519,0.64843714,-0.71822697,0.32146972,-1.9010079,0,1,0
0,-0.10290622,0.7394741,-0.70373976,0.24919248,1.1526061,0.0015053441,1.2996587,0,1,0
0,0.7484964,0.33388352,-0.880563,0.8680218,0.82245916,0.70422596,-1.0008208,0,1,0
0,0.54817086,0.80707604,-0.8584601,0.9378897,-0.938325,0.81785667,0.09940883,0,0,1
0,1.8503097,1.8886235,0.10301651,-0.22990105,1.5456383,-0.12284764,-0.9007995,0,0,1
0,-0.753968,-0.4772977,-0.15116698,-0.18997681,0.979672,-0.23313844,0.79955447,0,0,1
0,-0.45347208,-1.0180714,-0.46613345,-0.020297749,0.5866399,-0.2036663,-0.6007378,0,1,0
0,-0.85413843,-0.74768454,-0.82530576,0.967833,-1.3313571,0.88752323,0.599513,0,0,1
0,-0.20306134,0.13109854,-0.38877326,0.69834274,-1.4571275,0.8836169,0.599513,0,1,0
0,0.14750452,1.009861,0.5229718,-0.80880594,-1.1269804,-0.76853776,1.1996374,0,1,0
0,-0.95429355,-0.8152864,0.48981747,-0.2398824,-1.5042913,0.11896407,0.6995333,0,0,1
0,1.1992327,1.009861,1.3573568,-1.5174652,-0.98548883,-1.5357692,-0.9007995,0,1,0
0,-1.0043788,-0.54487896,0.10301651,0.16934362,-1.1427017,0.48573434,1.1996374,0,0,1
0,1.9504648,2.0238273,1.9983412,-1.7470309,0.036394816,-1.6818112,-0.9007995,0,0,1
0,0.648326,0.063496664,0.10301651,-0.36963683,1.1997701,-0.33585107,-1.2008623,0,1,0
0,0.24767493,-0.00410521,-0.6871626,0.34900364,-0.15226063,0.15213719,-0.50071657,0,0,1
0,-0.10290622,-0.34209394,-0.47718492,0.3190604,0.71241015,0.27099243,-0.3006751,0,0,1
0,-1.2547895,-1.2884582,0.5063946,-0.93856037,0.60236114,-0.9849399,0.599513,0,1,0
0,-1.3048747,-1.2884582,1.0755446,-1.2280127,-0.59245664,-1.1682175,0.6995333,0,0,1
0,-0.95429355,-1.2884582,1.3905112,-1.2679373,-0.70250565,-1.0839907,-0.0006123865,0,1,0
0,-1.3048747,-1.0180714,0.33509707,0.20926785,1.2940978,0.71926486,1.0996172,0,0,1
0,0.19758973,0.80707604,-1.0408092,2.1955101,-1.4099636,2.320991,0.79955447,0,1,0
0,-0.80405325,-0.34209394,0.031182049,-0.33969358,0.14644383,-0.3366716,1.0996172,0,1,0
0,-0.6537976,-0.071707085,0.009079138,-0.15005219,1.577081,-0.0650458,1.1996374,0,1,0
0,-0.052821014,-0.4096958,1.9320325,-1.3976917,-1.598619,-1.0625361,-0.50071657,0,0,1
0,1.8503097,1.8886235,-0.9689747,0.62847483,-1.0012101,0.30845255,-0.9007995,0,1,0
0,-0.80405325,-0.00410521,0.10854224,0.41887155,-1.3313571,0.87041396,1.5997214,0,1,0
1,1.1992327,0.19867977,-0.9137174,1.1175497,0.869623,1.011134,-2.10105,0,1,0
0,-0.0027358106,-0.4772977,1.9209809,-1.7370497,0.19360769,-1.694145,-0.70075804,0,1,0
0,-1.2547895,-0.95046955,0.31299418,-0.28978798,-1.2213081,-0.07646201,1.0996172,0,1,0
0,0.7484964,0.33388352,0.89872134,-1.1282016,0.429427,-1.088571,-1.0008208,0,1,0
0,0.29776013,1.1450647,0.07538787,-0.020297749,-1.6929468,0.17722443,1.0996172,0,1,0
0,-0.80405325,-0.27449208,-0.333516,-0.21992008,0.57091856,-0.39924857,1.1996374,0,1,0
0,0.6984112,0.26628166,1.0921218,-0.80880594,-0.1837032,-0.44767502,-1.0008208,0,1,0
0,-0.052821014,0.26628166,-0.23405288,0.69834274,0.6652463,1.0121298,0.49949178,0,1,0
0,-0.50355726,-0.4096958,1.4291912,-1.4475974,-0.2937522,-1.3813776,0.39947057,0,1,0
0,-0.10290622,-0.00410521,-0.7866257,0.80813485,0.8853443,0.7032201,0.1994291,0,0,1
0,-0.30323175,-0.8828677,-0.28931016,1.2572851,1.5299171,1.7794195,-0.70075804,0,0,1
0,0.097434595,0.94225913,-0.42192763,-0.24986336,0.5866399,-0.5011703,1.1996374,0,1,0
0,-0.95429355,-1.4912639,0.1416966,-0.469448,0.1778864,-0.46386632,-0.3006751,0,1,0
0,1.9003797,2.0238273,-0.14011551,0.4987204,0.08355868,0.79445875,-0.8007793,0,0,1
0,0.6984112,0.67187226,-1.1347466,1.327153,0.7752953,1.0847069,-0.40069535,0,1,0
0,-0.45347208,0.26628166,-0.11248688,0.5286637,-0.24658835,0.860932,1.2996587,0,1,0
0,0.6984112,0.46908727,-0.16774416,-0.1700145,-0.19942449,-0.21482798,-0.70075804,0,1,0
0,1.4997287,0.80707604,0.3406228,-0.70899457,-0.60817796,-0.71499425,-1.8009876,0,1,0
0,0.7484964,0.26628166,-0.8916145,1.5267754,0.02067353,1.5828611,-1.100842,0,0,1
0,1.2994031,0.19867977,0.5948063,-0.57924014,-1.4728488,-0.3581166,-2.301092,0,1,0
0,-0.35331696,-0.54487896,-1.1347466,0.62847483,-1.2055868,0.17281085,-0.10063361,0,0,1
0,0.54817086,0.53666854,1.3960369,-1.417654,0.20932898,-1.3438196,-0.3006751,1,0,0
1,1.8503097,1.3478497,6.2089458,-2.854935,-0.5767354,-2.8941212,-1.7009664,0,0,1
0,0.44800046,0.8746573,0.7108466,-1.1082394,1.1840488,-1.1512845,0.39947057,1,0,0
0,1.8503097,1.7534404,-0.14011551,-0.4494857,0.47659084,-0.6101037,-1.100842,1,0,0
0,0.7985816,0.4014854,-1.206581,2.0757368,-0.5452928,1.9845525,-1.0008208,0,1,0
0,-1.3048747,-0.6800827,0.2411597,-0.7988248,0.9167869,-0.911953,1.5997214,0,1,0
0,0.097434595,1.0774629,-0.14564124,0.079513416,0.7752953,0.16951011,1.399679,0,0,1
0,-0.7038828,-1.1532751,0.98160726,-1.1282016,-1.2370294,-1.0465305,-0.3006751,0,0,1
0,0.99890715,0.53666854,1.3463053,-1.6871442,1.2940978,-1.8366126,-1.2008623,0,0,1
0,1.1491475,0.67187226,-0.70373976,0.69834274,0.8853443,0.62200123,-1.3008834,0,1,0
0,0.047349393,0.8746573,-0.024075229,0.22923017,-0.24658835,0.48201334,1.1996374,0,1,0
0,-0.85413843,-1.4912639,-1.1568494,1.5367566,0.09927996,1.3366352,-0.50071657,0,0,1
0,-1.6053706,-1.4236621,-0.6705854,0.78817296,0.3036567,0.77416617,1.0996172,0,0,1
0,-1.0043788,-1.4912639,1.655746,-1.7270685,-0.45096508,-1.7821215,-0.20065387,0,1,0
0,1.1491475,1.212646,-0.576648,0.4787581,-0.15226063,0.41927063,-0.50071657,0,1,0
0,0.648326,-0.00410521,0.86556697,-0.75890017,1.4827532,-0.49258626,-1.3008834,0,0,1
0,-1.0043788,-1.3560601,-0.333516,1.0676441,-0.59245664,1.4639083,-0.0006123865,1,0,0
0,0.047349393,-0.34209394,0.66664076,-0.7289569,-0.7968334,-0.55785835,-0.6007378,0,1,0
0,-1.6053706,-1.3560601,0.119593695,-0.1700145,-1.5514551,-0.020339902,1.1996374,0,1,0
0,-0.4033869,-1.0180714,-0.8750373,2.0557745,-0.7653908,2.313823,-0.70075804,0,1,0
0,0.14750452,-0.6124808,-0.94687176,0.59853154,0.99539334,0.28646067,-1.2008623,0,1,0
0,1.0990776,1.1450647,-0.69821405,0.64843714,0.6180824,0.55759794,-0.50071657,1,0,0
0,-0.6537976,-0.13930896,0.8600412,-1.0982583,0.5866399,-1.0585324,1.0996172,0,1,0
0,0.097434595,0.8746573,-0.28931016,-0.3097499,-0.5767354,-0.5004085,1.0996172,0,1,0
0,0.648326,-0.071707085,0.1416966,-0.39958012,1.6556873,-0.35688582,-1.4009037,0,0,1
0,-1.054464,-1.0180714,-0.4992878,0.079513416,0.7752953,-0.08548496,0.599513,0,0,1
0,1.0990776,0.46908727,1.2689451,-1.5074841,-0.26230964,-1.5572433,-1.500925,0,1,0
0,0.44800046,1.4154516,1.7220547,-1.6971253,0.759574,-1.7012928,1.1996374,0,0,1
0,-1.1045492,-0.6800827,-0.46060774,0.11943804,-1.6929468,-0.00072125375,1.1996374,0,1,0
0,0.047349393,-0.2068902,3.3797731,-2.2460866,1.0268359,-2.1827776,-0.40069535,0,1,0
0,-0.6037277,0.13109854,0.92634994,-1.2379938,-0.81255466,-1.257923,1.399679,1,0,0
0,-1.3048747,-1.1532751,1.2799965,-1.2579561,-0.12081805,-1.1200155,0.89957476,1,0,0
0,0.8987367,0.19867977,0.6997951,-0.7289569,-1.3942423,-0.5386987,-1.500925,0,0,1
0,-1.054464,-1.8292526,-0.20642425,-0.3297122,-1.5042913,-0.47569236,-0.6007378,0,1,0
0,-0.95429355,-1.3560601,0.020130593,0.18930593,-0.5452928,0.45478737,-0.10063361,0,0,1
0,0.19758973,-0.13930896,1.0258131,-0.9585227,1.3727041,-0.73773783,-0.6007378,0,0,1
0,0.34784535,1.2802478,-0.6650597,0.76821065,1.1211636,0.7511293,1.1996374,0,1,0
0,1.8503097,1.6182365,0.98713297,-1.3477862,0.35082054,-1.4128222,-1.3008834,0,1,0
0,1.0489924,0.8746573,-0.34456745,0.35898462,1.3884255,0.42993462,-0.8007793,0,1,0
0,-1.2547895,-1.2884582,0.04775923,-0.17999546,0.14644383,-0.08407888,0.599513,1,0,0
0,0.99890715,0.33388352,1.5065514,-1.5573897,0.47659084,-1.5411594,-1.500925,1,0,0
0,0.54817086,0.33388352,0.35167426,-0.7389382,0.20932898,-0.7555306,-0.6007378,0,0,1
0,0.29776013,1.009861,-1.4220843,2.0158503,-1.3156358,1.6778785,0.89957476,1,0,0
0,0.19758973,1.212646,-0.9800261,0.75822926,1.2626551,0.47231647,1.399679,0,0,1
0,-1.054464,-1.626447,-0.32246453,-0.19995777,-1.0640953,-0.36294043,-0.3006751,0,1,0
0,1.1491475,1.212646,1.8767751,-1.6971253,0.25649282,-1.6384035,-0.50071657,0,0,1
0,-1.1546191,-0.74768454,0.67769223,-1.1880883,-1.3942423,-1.2980586,1.1996374,0,1,0
0,-1.0043788,-1.6940489,-0.08485824,-0.36963683,-0.15226063,-0.45637605,-0.50071657,0,0,1
0,-1.4050299,-0.95046955,-0.2782587,0.019626869,1.6714087,-0.013357765,1.399679,0,1,0
0,1.1491475,0.53666854,1.0147616,-1.3677485,1.6556873,-1.4335346,-1.500925,0,1,0
0,-0.30323175,-0.74768454,-0.455082,0.14938131,1.467032,0.045986757,-0.50071657,0,0,1
0,0.14750452,-0.54487896,-0.27273297,0.78817296,0.869623,1.1109562,-1.100842,0,0,1
0,-1.6053706,-1.4236621,-0.2782587,-0.65908897,0.24077155,-1.002127,1.0996172,0,1,0
0,0.29776013,1.1450647,1.1308019,-1.3078618,0.052116103,-1.2774146,1.0996172,0,1,0
0,-0.90420836,-1.626447,-1.2231581,1.5667,-1.6929468,1.3103273,-0.6007378,1,0,0
0,-0.7038828,-0.00410521,-0.12353833,0.11943804,-0.6867844,0.24470355,1.399679,0,1,0
0,-1.3048747,-1.0180714,-0.2948359,0.85804045,-0.5138502,1.1938257,1.0996172,0,1,0
1,1.9003797,2.091429,-1.5657533,1.8661335,1.6556873,1.3410493,-0.70075804,0,1,0
0,-0.30323175,0.53666854,-0.637431,0.76821065,0.02067353,0.7744198,1.399679,0,1,0
0,-0.0027358106,0.8746573,-0.2561558,0.13940035,-1.2527508,0.17730275,1.2996587,0,1,0
0,0.8486668,0.13109854,-0.37772182,1.1075684,-1.5671765,1.4817594,-1.500925,0,1,0
0,-0.15297614,-0.54487896,-1.0187062,0.4787581,0.3036567,0.0692777,-0.50071657,1,0,0
0,-0.35331696,-0.8828677,-1.3834043,1.147493,1.2154913,0.6239054,-0.6007378,0,0,1
0,0.7985816,0.53666854,-0.81425434,0.23921151,-1.6457828,-0.09509439,-0.8007793,0,1,0
0,0.7484964,0.46908727,-1.1955296,0.967833,-0.45096508,0.5623439,-0.8007793,0,1,0
0,-1.0043788,-0.95046955,-1.5768048,1.5766809,-0.67106307,0.9744548,0.599513,0,0,1
0,-1.4551151,-1.2208564,-0.758997,1.1175497,1.2312126,1.151131,1.0996172,0,1,0
0,1.1491475,0.6042704,0.99818444,-1.1880883,1.1054423,-1.1389016,-1.4009037,0,1,0
0,-0.25314656,-0.4772977,2.2193704,-1.7470309,-1.4099636,-1.593922,-0.20065387,0,1,0
0,-1.4551151,-1.4912639,-0.73689413,2.0358126,0.39798442,2.4343088,0.6995333,0,1,0
0,-1.6053706,-1.4236621,-0.6595339,0.538645,-0.59245664,0.43684846,1.0996172,0,1,0
0,1.3494883,1.1450647,1.2136878,-1.0084282,-1.6143403,-0.72268945,-1.0008208,0,0,1
0,-1.2547895,-0.4772977,-0.38324755,-0.12010892,1.4041468,-0.28891858,1.7997628,0,1,0
0,-0.90420836,-0.74768454,1.0921218,-1.4475974,-1.2841933,-1.533279,0.6995333,0,1,0
0,-1.4050299,-1.0180714,-0.515865,0.36896595,0.99539334,0.31206563,1.2996587,0,1,0
0,-2.106192,-2.3024244,-0.17326988,0.64843714,-0.13653934,0.98898596,0.79955447,0,1,0
0,1.649969,1.009861,-0.70373976,1.5567186,-0.63962054,1.8078371,-1.8009876,0,1,0
0,-0.85413843,-0.6124808,-0.013023773,0.29909807,0.24077155,0.59534127,0.79955447,0,1,0
0,0.39791524,1.3478497,-1.4662902,2.7245097,0.8067379,2.5141704,1.1996374,0,0,1
0,-0.95429355,-1.0180714,-0.42192763,0.5885506,-1.6457828,0.6989231,0.39947057,0,0,1
0,1.8002245,1.6858385,-1.3999815,2.2354348,-0.105096765,1.9776778,-1.100842,0,1,0
0,0.8486668,0.67187226,-0.068281054,0.2192492,0.57091856,0.43405542,-0.70075804,0,1,0
0,-0.10290622,0.13109854,-0.7092655,0.967833,0.8381804,0.989445,0.39947057,1,0,0
0,1.2493179,1.3478497,0.7384752,-1.0084282,-1.0326527,-0.97379774,-0.50071657,0,1,0
0,1.8503097,1.5506347,-1.0518606,1.0975873,-0.04221162,0.85978913,-1.4009037,0,1,0
0,-0.50355726,-0.00410521,2.816149,-2.0464644,0.052116103,-1.956903,0.999596,0,0,1
0,-0.85413843,-0.34209394,0.014604866,-0.3297122,0.4137057,-0.3323354,1.1996374,0,1,0
1,-0.15297614,-0.54487896,0.80478394,-1.1082394,1.1211636,-1.103307,-0.50071657,0,0,1
0,-1.6053706,-1.4912639,0.1416966,-0.050241023,0.25649282,0.17801581,0.999596,0,1,0
0,-0.95429355,-1.3560601,0.16932525,-0.469448,0.8067379,-0.44663048,-0.10063361,1,0,0
0,0.19758973,0.26628166,-1.3999815,1.6764921,-0.9697675,1.2744099,-0.0006123865,0,1,0
0,-0.90420836,-1.4236621,-0.7755742,1.4868511,0.49231213,1.6416196,-0.3006751,0,1,0
0,-0.15297614,0.13109854,-0.44955626,0.33902267,-1.2527508,0.32056177,0.49949178,0,1,0
0,0.34784535,-0.13930896,-1.1568494,1.4369456,0.99539334,1.2067549,-0.9007995,0,1,0
0,0.99890715,0.4014854,-0.333516,0.049570143,-1.3156358,-0.009285231,-1.4009037,0,0,1
0,1.0990776,0.8746573,1.1584306,-1.078296,-1.6143403,-0.8714462,-0.9007995,1,0,0
0,-0.15297614,-0.4772977,-0.25063008,-0.21992008,1.6714087,-0.3438782,-0.40069535,1,0,0
0,1.8002245,2.0238273,0.19695388,-0.1700145,-0.84399724,0.032022484,-0.6007378,0,1,0
0,-0.7038828,-0.27449208,-0.4992878,0.24919248,-1.4414061,0.15506682,0.999596,1,0,0
0,1.649969,1.212646,1.6723232,-1.5474086,-0.63962054,-1.4516884,-1.500925,0,1,0
0,-1.1546191,-0.74768454,0.18590243,-0.4894103,-1.5514551,-0.4670109,1.1996374,0,0,1
0,1.1992327,0.19867977,-0.333516,-0.3796178,0.115001254,-0.63033754,-2.10105,0,1,0
0,-0.7038828,-0.34209394,0.22458252,-0.60918343,-0.59245664,-0.62816966,0.89957476,0,0,1
0,-0.20306134,-0.6124808,0.56165195,-0.41954243,-0.4195225,-0.121753916,-0.50071657,0,1,0
0,-0.753968,-0.4772977,0.5008689,-0.66907036,0.13072254,-0.5581516,0.79955447,0,1,0
0,-0.90420836,-1.1532751,2.8603547,-2.196181,0.94822943,-2.2429814,0.09940883,0,1,0
0,1.2493179,1.212646,2.6724799,-2.0863888,-0.52957153,-2.0854359,-0.70075804,0,0,1
0,0.54817086,0.4014854,-0.60980237,1.2672665,-1.1427017,1.4954505,-0.50071657,0,0,1
0,1.7000542,1.2802478,-0.26720726,-0.17999546,-1.2841933,-0.29671124,-1.500925,0,1,0
0,0.8987367,0.063496664,1.0976475,-1.1980695,-0.7811121,-1.1064807,-1.7009664,0,1,0
0,0.54817086,0.8746573,3.689214,-2.3359168,-1.0169314,-2.281047,0.1994291,1,0,0
0,-2.2564325,-2.775617,0.014604866,-0.3796178,-1.5042913,-0.40762722,0.39947057,0,1,0
0,-0.90420836,-1.626447,-0.43850482,0.85804045,1.5141958,1.0704298,-0.6007378,1,0,0
0,1.1992327,0.7394741,0.5229718,-0.57924014,1.1997701,-0.40153342,-1.3008834,0,1,0
0,1.8503097,1.9562253,-0.52691644,1.2672665,-0.9697675,1.5726465,-0.8007793,0,0,1
0,-0.90420836,-0.6800827,0.39035437,-0.8287681,0.74385273,-0.8747469,0.79955447,0,1,0
0,-0.95429355,-0.6800827,-0.035126686,-0.38959914,1.2783765,-0.45441353,0.89957476,0,0,1
0,0.19758973,0.80707604,1.6115402,-1.6572008,0.39798442,-1.674692,0.79955447,0,0,1
0,-0.90420836,-0.8152864,-0.46060774,0.11943804,0.6652463,-0.00072125375,0.599513,0,0,1
0,0.94882196,0.53666854,-0.11248688,-0.10014661,-0.27803093,-0.07359065,-1.100842,0,1,0
0,-0.052821014,-0.34209394,2.5895941,-1.9566344,0.9010656,-1.858497,-0.40069535,0,1,0
1,1.0489924,0.80707604,-0.47165918,1.916039,0.71241015,2.5470412,-0.9007995,0,1,0
0,-1.3048747,-1.2208564,-1.3391985,1.2073796,1.6242448,0.7401334,0.79955447,0,1,0
0,0.097434595,-0.27449208,0.09196506,-0.41954243,-1.1269804,-0.41891593,-0.6007378,0,0,1
0,0.34784535,1.1450647,1.7938893,-1.6372385,-0.95404625,-1.5628777,0.999596,1,0,0
0,-1.8557814,-1.9644357,0.114067964,-0.6790513,1.2312126,-0.8010179,0.79955447,0,1,0
0,0.29776013,0.19867977,-0.6926883,1.0576627,-1.2999146,1.1282799,-0.3006751,0,1,0
0,-1.1546191,-0.8152864,-0.38877326,0.36896595,-0.1837032,0.4102181,1.0996172,1,0,0
0,-2.2063472,-2.6404133,-0.36114463,0.11943804,0.759574,0.07169918,0.49949178,0,1,0
0,-0.85413843,-0.6124808,0.58928055,-0.9784848,0.2722141,-1.0044123,0.79955447,1,0,0
0,-0.95429355,-0.8152864,-0.80320287,0.78817296,-0.59245664,0.6619024,0.6995333,0,0,1
0,-0.95429355,-1.2884582,-0.48271063,0.079513416,-0.81255466,-0.073532365,-0.0006123865,0,0,1
0,1.9504648,1.8886235,-0.6650597,0.78817296,1.3884255,0.7788434,-1.100842,0,1,0
0,0.6984112,0.4014854,-0.4164019,0.85804045,-0.1837032,1.0894138,-0.8007793,0,0,1
0,0.8486668,0.33388352,-0.09038396,-0.52933455,1.1526061,-0.697885,-1.2008623,0,1,0
0,1.1992327,0.13109854,-0.81425434,1.5766809,0.5551973,1.7264324,-2.2010705,0,0,1
0,0.59825605,0.53666854,-0.7921514,0.73826736,-1.6143403,0.6030952,-0.40069535,0,0,1
0,-2.2063472,-2.5728114,0.24668543,-0.6391271,-0.4195225,-0.6613332,0.599513,0,0,1
0,-1.1546191,-1.626447,-0.007498046,-0.1700145,-0.70250565,-0.10636353,-0.10063361,1,0,0
0,0.59825605,0.46908727,0.06433642,0.11943804,-0.4038012,0.3814977,-0.50071657,0,1,0
0,0.8486668,0.4014854,0.031182049,0.20926785,-0.6238992,0.49314633,-1.100842,0,1,0
0,-0.5536425,-1.0180714,-0.84188294,1.7263976,0.7281314,1.9023569,-0.40069535,0,1,0
0,-1.4551151,-1.4236621,-0.96344894,1.3970209,1.0425571,1.3393695,0.79955447,1,0,0
0,1.649969,1.212646,0.843464,-0.93856037,-1.4099636,-0.80265844,-1.500925,0,1,0
0,0.54817086,-0.13930896,-0.2561558,-0.110127576,0.649525,-0.18719222,-1.3008834,0,1,0
1,0.8486668,0.13109854,-1.1513237,2.1156614,-0.95404625,2.095917,-1.500925,0,1,0
0,0.44800046,0.6042704,-0.36114463,-0.42952338,1.0582784,-0.7199843,-0.0006123865,1,0,0
0,0.047349393,0.7394741,0.44008592,-0.65908897,1.2312126,-0.5781122,0.999596,0,1,0
0,-0.5536425,0.33388352,0.98160726,-1.3078618,-1.4256848,-1.3483411,1.5997214,0,1,0
0,-0.85413843,-1.5588452,-0.106961146,0.13940035,-1.5357338,0.28646067,-0.6007378,0,0,1
0,-1.6053706,-1.4236621,0.98713297,-1.4775406,0.6338037,-1.6309232,1.0996172,0,1,0
1,1.1992327,0.13109854,-1.1513237,0.548626,-0.85971856,0.055264246,-2.2010705,0,1,0
0,-0.5536425,-0.54487896,0.23010825,-0.3297122,-0.105096765,-0.19256291,0.2994503,0,0,1
0,0.6984112,0.6042704,-0.2782587,-0.110127576,1.1211636,-0.20238726,-0.50071657,0,0,1
0,0.047349393,-0.6124808,0.114067964,-0.45946667,-1.4728488,-0.465868,-1.0008208,1,0,0
0,0.097434595,-0.13930896,-0.32246453,0.18930593,-0.02649033,0.20110093,-0.40069535,0,1,0
0,-0.45347208,-1.0180714,-0.9302946,1.5467377,0.8067379,1.571836,-0.6007378,0,1,0
0,-0.753968,-0.4096958,0.114067964,-0.20993873,-1.1112591,-0.08501642,0.89957476,0,1,0
0,-0.90420836,-0.4096958,-0.51033926,0.7083237,1.2154913,0.7967728,1.1996374,0,1,0
0,-2.1562622,-2.4376283,-0.84188294,0.009645524,-0.4195225,-0.42732418,0.6995333,0,0,1
0,0.097434595,-0.13930896,-0.7645228,0.92790836,0.869623,0.88618547,-0.40069535,0,1,0
0,-0.7038828,-0.071707085,0.13617088,-0.28978798,-1.2213081,-0.19239718,1.2996587,0,1,0
0,-1.4551151,-1.2884582,0.24668543,-0.31973127,1.68713,-0.1663428,0.999596,0,1,0
0,1.8002245,2.091429,-0.74241984,-0.1700145,-0.7811121,-0.60380507,-0.50071657,0,1,0
0,1.3995582,1.4830534,-0.38877326,-0.3097499,0.5551973,-0.5652703,-0.6007378,0,0,1
0,-0.7038828,-0.13930896,-1.145798,0.63845617,-0.49812892,0.17677547,1.1996374,0,1,0
0,-1.054464,-1.626447,-0.6705854,0.29909807,1.5613596,0.09564398,-0.3006751,1,0,0
0,-1.35496,-1.2884582,1.0589675,-1.2280127,-1.0326527,-1.1763326,0.79955447,0,0,1
0,0.7484964,0.33388352,0.27431408,-0.3297122,0.1621651,-0.16389172,-1.0008208,0,1,0
0,-0.4033869,-0.8828677,-0.26168153,-0.21992008,-0.26230964,-0.35126105,-0.50071657,0,1,0
0,0.94882196,0.4014854,-1.5436504,2.584774,-1.2370294,2.2498982,-1.3008834,0,0,1
0,0.7985816,0.46908727,0.7716296,-1.0483527,-1.5357338,-1.0218631,-0.9007995,0,1,0
0,-0.6537976,-0.54487896,-0.4992878,0.22923017,1.1683275,0.12676673,0.49949178,1,0,0
0,0.19758973,1.0774629,-0.12353833,-0.10014661,-0.98548883,-0.08120798,1.1996374,0,1,0
0,0.24767493,1.0774629,-0.07933251,-0.2398824,1.3098191,-0.25923154,1.0996172,0,1,0
0,1.4997287,0.7394741,-0.61532813,-0.020297749,1.1526061,-0.30860555,-1.9010079,0,0,1
0,-0.7038828,-0.34209394,-0.4937621,0.41887155,-0.70250565,0.39993522,0.89957476,0,1,0
0,0.59825605,0.19867977,-0.48823637,-0.030278714,0.24077155,-0.23338251,-0.9007995,0,1,0
0,-1.3048747,-0.54487896,-1.4662902,1.4269642,0.20932898,0.89681983,1.7997628,0,1,0
0,-0.95429355,-1.626447,-0.43850482,0.64843714,0.5551973,0.7710216,-0.50071657,0,1,0
1,0.94882196,-0.071707085,-0.9137174,0.8480595,1.1368849,0.6488561,-2.001029,0,1,0
0,1.0990776,1.009861,-0.31693882,0.25917345,-1.4414061,0.3064996,-0.70075804,1,0,0
0,0.24767493,0.94225913,-0.52139074,0.14938131,-0.6553418,-0.0026450525,0.89957476,0,1,0
0,0.29776013,0.53666854,-0.9081917,1.317172,1.1211636,1.2846831,0.1994291,0,1,0
0,0.29776013,1.1450647,-0.1787956,0.548626,-0.52957153,0.83728,1.0996172,0,1,0
0,-1.0043788,-0.8828677,0.44008592,0.009645524,-0.98548883,0.4811737,0.6995333,0,1,0
0,-0.5536425,0.13109854,-1.1513237,0.8979651,0.20932898,0.51018685,1.2996587,0,0,1
0,-0.80405325,-0.2068902,-0.1180126,-0.020297749,0.9010656,0.04119206,1.2996587,0,1,0
0,0.59825605,0.46908727,-0.62637955,0.6085125,-0.63962054,0.5609278,-0.50071657,0,0,1
0,0.54817086,1.1450647,1.5286543,-1.5474086,-1.5828978,-1.5138943,0.599513,0,1,0
0,0.19758973,-0.00410521,-0.64295673,0.41887155,1.2783765,0.28339446,-0.40069535,0,1,0
0,-1.2047043,-1.0856733,-0.7313684,1.5167943,-0.34091607,1.7257293,0.79955447,0,1,0
0,0.648326,0.4014854,-0.62637955,0.069532454,-0.84399724,-0.19104937,-0.70075804,0,1,0
0,-0.5536425,0.33388352,0.5561262,-1.078296,1.3727041,-1.1822602,1.5997214,0,1,0
0,-0.30323175,-0.4096958,0.89319557,-0.8786736,1.4355893,-0.67609847,-0.0006123865,0,1,0
1,0.648326,0.063496664,-1.4939189,1.6764921,1.3727041,1.180115,-1.2008623,0,1,0
0,-0.10290622,0.7394741,3.341093,-2.2261243,1.2940978,-2.1528661,1.2996587,0,1,0
0,2.2509608,2.4970198,0.721898,-0.70899457,-1.5828978,-0.49330887,-0.8007793,0,1,0
0,-0.50355726,-0.00410521,-0.84188294,0.5186827,0.036394816,0.26345342,0.999596,1,0,0
0,-1.3048747,-0.95046955,1.9983412,-1.7869554,-0.4195225,-1.7560675,1.1996374,0,0,1
0,-0.0027358106,-0.2068902,0.014604866,0.7083237,-1.2999146,1.2337273,-0.3006751,0,1,0
0,0.34784535,0.19867977,-0.37772182,0.019626869,-0.7653908,-0.084020145,-0.40069535,0,0,1
0,0.99890715,0.4014854,0.2411597,-0.110127576,-0.21514577,0.15469572,-1.4009037,0,1,0
0,1.5498139,0.80707604,0.478766,-0.7688815,-1.3627998,-0.72994524,-1.9010079,0,1,0
0,0.44800046,0.19867977,-0.68163687,1.0876064,0.6966889,1.179646,-0.6007378,0,0,1
0,-2.1562622,-2.5728114,1.1031733,-1.4076729,-0.21514577,-1.46037,0.49949178,0,0,1
0,-1.2547895,-1.0856733,-0.18984707,-0.27980664,1.68713,-0.39145547,0.89957476,0,0,1
0,0.39791524,1.0774629,-0.12906405,-0.43950474,-1.4728488,-0.5883659,0.79955447,0,1,0
0,-0.85413843,-0.6124808,-0.30588734,-0.29976895,-1.2527508,-0.4967271,0.79955447,1,0,0
0,0.59825605,1.009861,-0.22852716,0.9478707,-1.6457828,1.3824353,0.2994503,0,0,1
0,0.34784535,1.4154516,-0.15116698,-0.3097499,0.71241015,-0.41032234,1.399679,0,1,0
0,1.0990776,0.53666854,0.12511942,-0.18997681,-0.46668637,-0.047106884,-1.4009037,0,0,1
0,0.7985816,0.46908727,-0.6926883,1.1674553,1.4041468,1.2801716,-0.9007995,1,0,0
0,0.54817086,0.7394741,-0.17326988,0.14938131,1.1997701,0.2526724,-0.0006123865,0,1,0
0,-1.35496,-1.0180714,-0.7811,2.0358126,-1.5042913,2.3871222,1.1996374,0,1,0
0,-1.35496,-0.8828677,0.20800534,-0.43950474,0.39798442,-0.37629956,1.399679,0,0,1
0,-0.5536425,-0.8828677,-1.0131805,1.0676441,1.2154913,0.8549261,-0.20065387,0,1,0
0,0.34784535,0.063496664,0.32404563,-0.7189759,-0.45096508,-0.74023765,-0.6007378,0,1,0
0,-1.4050299,-0.8828677,0.7163723,-0.9285792,-0.56101406,-0.8550891,1.4997002,0,1,0
0,0.49808568,1.009861,0.05881069,-0.50937223,0.85390174,-0.5761201,0.49949178,0,0,1
0,-0.10290622,-0.34209394,0.031182049,-0.7788625,-1.4099636,-1.0005256,-0.3006751,0,1,0
0,0.097434595,0.94225913,-0.5876995,-0.20993873,-1.1269804,-0.55505574,1.1996374,0,1,0
0,-0.7038828,-0.34209394,0.8158354,-1.068315,-0.95404625,-1.0317653,0.89957476,0,1,0
0,1.1491475,1.0774629,0.025656322,-0.56925917,-1.6929468,-0.6870356,-0.70075804,0,1,0
0,0.49808568,0.6042704,0.19695388,-0.5393159,0.6652463,-0.5370581,-0.10063361,0,0,1
0,-1.2047043,-1.1532751,-0.637431,1.3870399,0.38226312,1.6365904,0.6995333,0,1,0
0,1.0990776,1.2802478,0.3185199,-0.41954243,0.82245916,-0.27557904,-0.3006751,1,0,0
1,1.3494883,0.33388352,-1.5270733,2.7744153,1.4041468,2.5035455,-2.2010705,0,1,0
0,-0.15297614,-0.27449208,-0.15116698,-0.3796178,1.0111146,-0.51367974,-0.10063361,0,1,0
0,0.29776013,0.67187226,-0.7645228,1.4569074,-0.21514577,1.6112977,0.39947057,0,0,1
0,0.047349393,0.8746573,0.7550524,-0.96850383,0.68096757,-0.8995705,1.1996374,0,1,0
0,-1.6554406,-1.4912639,-0.013023773,-0.36963683,1.9701132,-0.41029322,1.0996172,0,0,1
0,1.2493179,0.33388352,-0.42192763,0.29909807,1.2783765,0.28460518,-2.001029,0,1,0
1,0.94882196,0.26628166,-0.91924316,0.7981539,-0.5452928,0.57707995,-1.500925,0,0,1
0,-1.2547895,-1.0180714,-0.05170387,-0.15005219,-0.23086706,-0.10640269,0.999596,0,1,0
0,-1.054464,-1.4236621,0.00355341,-0.020297749,-1.0955378,0.12669842,-0.0006123865,0,0,1
0,-1.6053706,-1.626447,-0.94687176,1.1973985,0.5080334,1.0880077,0.79955447,0,1,0
0,-1.4050299,-1.1532751,0.16379952,-0.8786736,-0.70250565,-1.078278,1.0996172,0,1,0
0,-1.2047043,-1.2208564,2.5177596,-1.9466532,-1.5357338,-1.8649126,0.599513,0,0,1
0,-1.2547895,-0.95046955,-1.0518606,1.147493,-1.3627998,0.9256573,1.0996172,0,0,1
0,-1.0043788,-1.626447,-1.3170955,1.8461711,0.74385273,1.5735935,-0.40069535,0,0,1
0,0.097434595,-0.13930896,-0.18432134,0.17932458,0.8381804,0.2886873,-0.40069535,0,1,0
0,-1.1045492,-0.4096958,-0.52139074,0.8181162,-1.5357338,0.9427957,1.5997214,1,0,0
0,0.8486668,0.063496664,-0.758997,1.0077572,-1.6457828,1.0005288,-1.6009462,0,1,0
0,-0.5536425,0.13109854,3.0924354,-1.9965588,-0.15226063,-1.7592021,1.2996587,0,0,1
0,-0.85413843,-0.4096958,-0.16774416,-0.57924014,0.5237547,-0.81900597,1.0996172,0,0,1
0,0.14750452,0.94225913,0.0809136,-0.56925917,-0.13653934,-0.65354013,1.0996172,0,0,1
0,-1.2047043,-1.1532751,0.15274806,-0.5393159,-0.5767354,-0.56408876,0.6995333,0,0,1
0,-0.15297614,-0.6800827,0.58375484,-0.80880594,0.74385273,-0.73427093,-0.70075804,0,0,1
0,0.8486668,0.063496664,-0.8584601,1.0476818,-1.0955378,0.96652555,-1.6009462,0,1,0
0,-0.30323175,-0.74768454,1.230265,-1.068315,-0.26230964,-0.81717,-0.50071657,1,0,0
0,1.7501394,1.0774629,0.20800534,-0.18997681,0.067837395,0.0087024,-1.9010079,0,1,0
0,-1.0043788,-1.3560601,0.417983,-1.0483527,-1.4571275,-1.2062346,-0.0006123865,0,1,0
0,0.097434595,1.0774629,0.36825144,-0.8986359,1.4355893,-0.9969125,1.399679,0,1,0
0,1.3995582,1.5506347,-0.84740865,1.7763033,1.0111146,1.9644357,-0.50071657,0,1,0
0,-0.90420836,-0.8828677,-0.61532813,1.4868511,-0.98548883,1.7970948,0.49949178,0,1,0
0,1.2994031,1.4154516,-0.36667037,-0.26982567,1.1997701,-0.4933189,-0.50071657,0,1,0
0,-0.0027358106,0.94225913,-0.40535045,-0.10014661,0.2722141,-0.27544245,1.399679,0,0,1
0,-0.052821014,0.8746573,-0.9302946,1.2273419,0.9325082,1.1434066,1.399679,0,1,0
0,0.24767493,1.009861,0.67216647,-0.40956107,0.036394816,-0.035612814,0.999596,0,1,0
0,0.44800046,0.46908727,-0.30036163,0.09947573,1.1526061,0.08695297,-0.20065387,0,0,1
0,1.4997287,0.80707604,-0.43850482,0.38892826,-0.07365419,0.4003259,-1.8009876,0,0,1
0,-0.6537976,-0.34209394,-0.28931016,-0.6391271,1.1840488,-0.9796078,0.79955447,0,0,1
0,2.1507905,2.4294178,0.25221115,-0.7888438,1.4827532,-0.8902252,-0.70075804,0,0,1
0,0.34784535,-0.27449208,0.15827379,-0.47942898,-0.4038012,-0.46883678,-1.100842,0,0,1
0,0.24767493,-0.071707085,-0.40535045,1.317172,1.0111146,1.7574472,-0.6007378,0,0,1
0,-1.6554406,-1.4236621,-0.6595339,1.0077572,0.47659084,1.0885932,1.1996374,0,1,0
0,-0.95429355,-0.74768454,-0.44403055,1.0277195,0.115001254,1.3078958,0.79955447,0,0,1
0,-0.85413843,-0.34209394,-0.10143542,-0.28978798,-0.37235865,-0.3481848,1.1996374,1,0,0
0,-1.054464,-0.6800827,-0.05170387,0.089494765,-1.0326527,0.25218427,1.0996172,0,0,1
0,-0.6537976,-0.00410521,-0.11248688,-0.18997681,1.4198681,-0.20709409,1.2996587,0,0,1
0,-1.2547895,-0.74768454,-0.6650597,1.0676441,-1.5828978,1.1668438,1.399679,1,0,0
0,-1.2047043,-0.6800827,1.5618087,-1.4575785,1.4827532,-1.3394055,1.399679,0,1,0
0,0.14750452,-0.13930896,0.42903444,0.079513416,0.7910166,0.5838768,-0.50071657,0,0,1
0,-1.054464,-1.626447,-1.8641427,2.694566,0.33509928,2.005763,-0.3006751,0,0,1
0,-0.80405325,-0.54487896,-0.26720726,1.1175497,-1.48857,1.5961223,0.79955447,0,0,1
0,-0.5536425,-0.95046955,-0.6319053,0.9578516,-1.1427017,1.043477,-0.3006751,0,0,1
0,-2.2564325,-2.6404133,1.5618087,-1.5673709,0.8853443,-1.5351244,0.599513,0,0,1
0,-0.7038828,-0.2068902,0.90424705,-1.3877106,-1.6143403,-1.5181618,1.0996172,0,1,0
0,1.1992327,1.2802478,0.21353106,-1.0084282,-1.0012101,-1.2511849,-0.50071657,0,1,0
0,-0.85413843,-0.6800827,-0.11248688,-0.3097499,-1.0483739,-0.38509852,0.6995333,0,1,0
0,1.0489924,0.80707604,-0.94134605,1.077625,0.8853443,0.932659,-0.9007995,0,1,0
0,1.2493179,1.2802478,0.07538787,0.009645524,1.2469339,0.2227217,-0.6007378,0,1,0
0,-1.0043788,-0.8828677,0.478766,-0.3297122,1.6085235,-0.031287115,0.6995333,0,1,0
0,0.34784535,-0.34209394,0.21353106,-0.45946667,-1.158423,-0.403643,-1.2008623,0,1,0
0,-0.7038828,-0.13930896,-0.38877326,0.27913576,1.5299171,0.2811091,1.1996374,0,1,0
1,0.49808568,0.67187226,-0.7755742,1.7962656,1.2940978,2.0651362,-0.0006123865,0,1,0
1,0.097434595,0.67187226,-1.571279,3.17366,0.649525,2.9408028,0.79955447,0,1,0
0,0.29776013,0.7394741,-0.37772182,0.069532454,-1.2841933,-0.01219529,0.49949178,0,1,0
0,-1.9058514,-1.9644357,-0.5434936,0.16934362,-1.6457828,0.009288419,0.89957476,0,1,0
0,-0.45347208,-0.8152864,-0.20642425,0.66839945,1.4041468,0.991076,-0.3006751,0,1,0
0,0.19758973,0.80707604,-0.37772182,0.64843714,0.8853443,0.8209716,0.79955447,0,1,0
0,-0.753968,-1.0856733,0.4014058,-0.38959914,1.0425571,-0.17591307,-0.10063361,1,0,0
0,0.19758973,1.2802478,1.8159921,-1.8668044,-0.24658835,-1.9732214,1.4997002,0,1,0
0,-0.85413843,-1.4912639,2.0259697,-1.7869554,-0.057932902,-1.7452766,-0.50071657,0,1,0
0,-0.30323175,0.53666854,-0.81978005,0.8879841,0.49231213,0.78370684,1.399679,0,1,0
0,-0.95429355,-1.2208564,0.6334864,-0.469448,0.74385273,-0.15706575,0.09940883,0,0,1
0,-1.35496,-1.0180714,-0.19537279,0.1992869,0.539476,0.30989778,1.1996374,0,1,0
1,0.99890715,0.063496664,-0.9855519,0.538645,1.0425571,0.1752715,-1.9010079,0,1,0
0,-1.2047043,-0.8152864,-0.47718492,-0.030278714,-0.60817796,-0.22562857,1.1996374,0,0,1
0,-1.054464,-0.6800827,-0.07933251,-0.15005219,0.08355868,-0.12520127,1.0996172,0,0,1
0,-1.6554406,-1.4912639,-0.47718492,0.59853154,-1.1741443,0.66828895,1.0996172,0,1,0
0,-1.2547895,-0.95046955,-1.1734266,1.2073796,-1.3156358,0.89276737,1.0996172,0,0,1
0,-1.1546191,-1.7616508,1.2413164,-1.0982583,0.49231213,-0.8631258,-0.3006751,0,1,0
0,0.24767493,0.46908727,0.6334864,-1.1381828,0.8381804,-1.2392515,0.1994291,1,0,0
0,1.7000542,1.2802478,-0.6650597,1.0876064,-1.0798166,1.1945579,-1.500925,0,0,1
0,1.9504648,2.159031,0.2798398,-0.80880594,-1.6143403,-0.90560555,-0.70075804,0,1,0
0,0.8486668,0.80707604,-0.31693882,0.35898462,0.7281314,0.451223,-0.50071657,0,1,0
1,0.54817086,0.6042704,-1.4220843,2.7843962,-1.5357338,2.6418633,-0.20065387,0,1,0
0,-0.5536425,0.26628166,0.036707778,-0.22990105,0.8067379,-0.16702625,1.4997002,0,1,0
0,-1.054464,-1.7616508,0.36825144,-0.4494857,-1.4728488,-0.29116476,-0.50071657,0,1,0
0,-1.5052003,-1.2884582,-0.71479124,0.75822926,-0.45096508,0.6954371,1.0996172,1,0,0
0,1.1992327,0.46908727,-0.10143542,0.039589178,0.6966889,0.14197133,-1.7009664,0,0,1
0,-0.90420836,-1.0856733,-0.3390417,0.2891171,1.1840488,0.33315912,0.1994291,0,1,0
0,-0.90420836,-1.1532751,-1.3005184,0.9778139,-0.98548883,0.482863,0.09940883,0,1,0
0,0.24767493,-0.071707085,-0.31141308,0.92790836,0.25649282,1.2809626,-0.6007378,0,0,1
0,-0.6037277,-0.95046955,0.92634994,-1.1880883,-0.07365419,-1.174575,-0.20065387,0,0,1
0,0.24767493,1.3478497,1.3242024,-1.2280127,-0.9697675,-1.0464914,1.4997002,0,0,1
0,1.7000542,1.4830534,0.119593695,-0.17999546,-0.98548883,-0.035583675,-1.2008623,0,0,1
0,1.8503097,1.8210422,0.7163723,-0.8287681,0.19360769,-0.692104,-1.0008208,0,0,1
0,0.29776013,1.2802478,-0.69821405,0.129419,-1.0169314,-0.15992709,1.2996587,0,1,0
0,-1.5552855,-1.4912639,0.36272573,-0.29976895,-0.37235865,-0.059528477,0.89957476,0,1,0
0,0.94882196,-0.2068902,0.15827379,-0.24986336,0.429427,-0.11665642,-2.2010705,0,0,1
0,0.8987367,0.4014854,-0.48823637,1.0676441,0.0049522435,1.3252783,-1.2008623,0,1,0
0,1.1992327,0.063496664,2.0259697,-1.8767853,0.036394816,-1.9127927,-2.301092,0,1,0
0,0.6984112,0.26628166,-1.1347466,0.3190604,0.39798442,-0.23102887,-1.0008208,0,1,0
0,0.097434595,1.0774629,0.042233504,-0.22990105,1.7185725,-0.16334485,1.399679,1,0,0
0,0.99890715,-0.071707085,-0.83635724,1.137512,1.1840488,1.1082414,-2.10105,0,1,0
0,-0.4033869,-1.0856733,-1.0463349,1.1275307,-0.1837032,0.9043197,-0.8007793,0,1,0
0,-1.3048747,-0.6800827,0.16932525,-0.20993873,0.7281314,-0.048005264,1.5997214,0,1,0
0,-0.50355726,0.063496664,-0.9081917,0.8879841,-0.7653908,0.7073022,1.0996172,0,1,0
0,-0.85413843,-0.95046955,0.16932525,-0.51935357,1.0582784,-0.5232887,0.2994503,0,1,0
0,-0.80405325,-1.2208564,2.4735537,-2.0165212,1.4198681,-2.0167558,-0.20065387,1,0,0
0,-2.2063472,-2.6404133,-1.5657533,2.2254536,0.539476,1.7826033,0.49949178,1,0,0
0,-1.6554406,-1.7616508,-0.035126686,-0.7489192,1.1683275,-0.9933481,0.6995333,0,0,1
1,1.1491475,0.6042704,-0.8971402,0.6783804,0.9167869,0.43446568,-1.4009037,0,1,0
0,0.648326,0.67187226,-0.42192763,1.0177386,1.6714087,1.313257,-0.3006751,0,0,1
0,-0.85413843,-1.0180714,-0.58217376,0.61849385,0.6338037,0.61094654,0.1994291,0,0,1
0,0.14750452,0.26628166,-1.123695,1.4369456,-0.8754398,1.2386295,0.09940883,0,1,0
0,-0.95429355,-1.2884582,-0.82530576,0.9778139,-0.35663736,0.9010973,-0.0006123865,0,0,1
0,1.1992327,0.7394741,1.8823009,-1.5474086,0.759574,-1.3607723,-1.3008834,0,1,0
0,0.14750452,-0.13930896,-0.40535045,0.11943804,0.759574,0.03951232,-0.50071657,0,1,0
0,0.19758973,1.1450647,-0.3390417,-0.0103164045,1.2154913,-0.09984037,1.2996587,0,0,1
0,-1.4050299,-1.2884582,1.2744708,-1.2779183,0.5080334,-1.1572608,0.89957476,1,0,0
0,0.14750452,-0.6124808,0.88214415,-0.96850383,1.1054423,-0.83151543,-1.2008623,0,1,0
0,-1.0043788,-0.95046955,0.39035437,-0.6890327,-0.81255466,-0.6546339,0.599513,0,1,0
0,0.097434595,1.009861,0.05328496,-0.27980664,-0.63962054,-0.23161489,1.2996587,0,1,0
0,0.49808568,0.6042704,-0.81425434,1.2872288,1.0268359,1.3322213,-0.10063361,0,1,0
0,1.9504648,2.0238273,-0.5876995,0.8380785,1.1054423,0.9142998,-0.9007995,0,1,0
0,1.0990776,1.0774629,-0.8860888,0.2891171,-1.48857,-0.08158864,-0.6007378,0,0,1
0,1.1992327,0.67187226,0.08643933,0.05955111,1.5299171,0.30648002,-1.4009037,0,1,0
0,1.1491475,1.1450647,-0.5379679,0.16934362,0.3036567,0.013360498,-0.6007378,0,0,1
0,1.0489924,0.94225913,0.35167426,-0.40956107,-0.057932902,-0.238949,-0.70075804,0,1,0
0,-1.5052003,-1.4912639,0.2190568,-0.5892215,-0.21514577,-0.6006409,0.79955447,0,0,1
0,1.1491475,0.8746573,0.6224349,-0.7189759,0.0049522435,-0.5672724,-1.0008208,0,1,0
0,0.19758973,-0.13930896,-0.72031695,0.74824834,0.47659084,0.67702913,-0.6007378,1,0,0
0,-0.6037277,-0.13930896,-0.27273297,-0.14007123,0.3036567,-0.24223971,0.999596,0,0,1
0,0.8987367,0.7394741,0.3185199,-1.0184094,1.0897211,-1.2113029,-0.70075804,0,0,1
0,0.44800046,1.4154516,-0.64295673,0.019626869,-0.70250565,-0.27245405,1.1996374,0,1,0
0,1.2994031,1.5506347,-0.029600957,-0.56925917,-1.2055868,-0.7205311,-0.3006751,0,1,0
0,0.097434595,0.063496664,-0.36114463,0.39890924,1.4198681,0.47473842,-0.10063361,0,0,1
0,2.1007204,2.361816,1.1031733,-1.1880883,-0.4352438,-1.0867641,-0.70075804,0,0,1
0,-0.90420836,-1.4912639,2.7056344,-2.00654,-0.1837032,-1.9157324,-0.40069535,0,1,0
1,-2.1562622,-2.5728114,4.037335,-2.5355392,0.649525,-2.622271,0.49949178,0,1,0
0,1.0489924,1.009861,-0.86398584,1.3570963,0.0049522435,1.3802675,-0.6007378,0,0,1
0,-0.5536425,0.063496664,-0.38877326,1.317172,1.2783765,1.773033,1.1996374,0,0,1
0,0.7484964,0.26628166,-1.0463349,1.4868511,0.71241015,1.3789197,-1.100842,0,0,1
0,-0.7038828,-0.00410521,-0.09590969,0.029607834,-1.1898656,0.13105372,1.399679,0,1,0
0,0.49808568,0.6042704,1.2468421,-1.5773518,1.1211636,-1.6876214,-0.10063361,0,0,1
0,-0.10290622,-0.54487896,-0.19537279,-0.13008988,1.6399661,-0.17478019,-0.6007378,0,1,0
0,0.34784535,0.53666854,1.0202874,-0.9984471,-0.49812892,-0.8080487,0.09940883,0,0,1
0,-0.0027358106,0.94225913,-0.30588734,-0.29976895,1.1840488,-0.4967271,1.399679,0,1,0
0,0.44800046,0.063496664,3.0427036,-2.2161434,0.39798442,-2.2257943,-0.8007793,0,1,0
0,1.1992327,0.19867977,1.9928155,-1.5573897,0.08355868,-1.3314763,-2.10105,0,1,0
0,0.59825605,1.6182365,-0.18984707,-0.040260058,-0.08937548,-0.03872823,1.1996374,0,0,1
0,1.0990776,0.8746573,-0.8916145,1.5467377,-1.1427017,1.6097746,-0.9007995,0,1,0
0,1.7501394,2.0238273,0.042233504,0.029607834,-0.5452928,0.2294402,-0.50071657,0,1,0
0,-0.15297614,0.7394741,0.60585773,-0.7289569,1.2154913,-0.59298486,1.399679,0,0,1
0,0.94882196,0.8746573,-0.21194997,0.079513416,-0.7653908,0.121698365,-0.6007378,0,1,0
0,-1.2047043,-0.95046955,-1.1789523,2.2354348,1.0268359,2.2214224,0.999596,0,1,0
0,1.4496434,0.53666854,0.39035437,-0.7788625,-1.4256848,-0.7961353,-2.10105,0,1,0
0,0.34784535,0.6042704,0.539549,-0.27980664,0.115001254,0.088066265,0.1994291,0,1,0
0,0.047349393,-0.4096958,0.8545155,-1.2579561,-1.0012101,-1.3260465,-0.70075804,0,1,0
0,0.7985816,0.26628166,-0.48271063,0.5685883,0.8853443,0.62125903,-1.2008623,0,0,1
0,-1.3048747,-1.1532751,-1.4110329,2.0258312,-0.9068824,1.7021748,0.89957476,0,1,0
0,-0.90420836,-1.1532751,1.5728601,-1.5773518,-0.92260367,-1.5481907,0.09940883,1,0,0
0,0.49808568,0.6042704,0.16932525,-0.59920245,1.3255403,-0.64594287,-0.10063361,0,1,0
0,-2.2063472,-2.5052302,2.0535984,-1.9067287,-0.52957153,-1.9584266,0.6995333,0,1,0
0,1.9003797,2.091429,-0.80320287,0.538645,-1.1269804,0.3215772,-0.70075804,0,1,0
0,-0.25314656,-0.4096958,0.34614855,-0.8487304,1.3412616,-0.93080026,-0.10063361,0,1,0
0,0.047349393,0.8746573,-1.2949927,2.4650002,-0.6553418,2.386566,1.1996374,0,1,0
0,0.44800046,0.46908727,0.38482863,-1.1282016,-1.0798166,-1.3492199,-0.20065387,1,0,0
0,1.4496434,1.5506347,-0.62637955,0.46877712,0.7752953,0.3659707,-0.6007378,0,0,1
0,-1.0043788,-1.5588452,0.45113736,-0.50937223,1.356983,-0.3341422,-0.3006751,0,0,1
0,0.6984112,0.4014854,0.21353106,-0.6990136,1.1526061,-0.7734791,-0.8007793,0,1,0
0,-0.45347208,0.19867977,-0.7092655,0.20926785,-0.52957153,-0.05776086,1.1996374,0,1,0
0,-0.50355726,-0.8828677,3.9157686,-2.3159547,1.5141958,-2.1706784,-0.3006751,0,1,0
0,0.94882196,0.67187226,0.009079138,-0.110127576,1.3412616,-0.0048520705,-0.9007995,0,1,0
0,-0.753968,-0.071707085,-0.31693882,0.20926785,-1.4571275,0.23413746,1.399679,0,1,0
1,0.8987367,0.19867977,-1.0960665,1.0476818,-0.6867844,0.7544692,-1.500925,0,1,0
0,-0.5536425,-0.00410521,-1.1955296,1.2872288,-0.02649033,0.97577345,1.0996172,0,0,1
0,0.34784535,0.063496664,0.014604866,-0.4494857,1.3098191,-0.513035,-0.6007378,0,1,0
0,-1.4050299,-1.0180714,-0.31693882,-0.070203334,1.2469339,-0.17108877,1.2996587,1,0,0
0,2.00055,2.159031,0.4014058,-0.8287681,1.5456383,-0.8685557,-0.8007793,1,0,0
0,0.047349393,1.009861,-0.47165918,1.2373232,-0.27803093,1.5815133,1.399679,0,1,0
0,-0.80405325,-1.2884582,-1.4386616,1.3071907,-1.5514551,0.7734531,-0.3006751,0,1,0
0,-1.35496,-1.0180714,-0.20089853,0.32904133,-0.27803093,0.49660325,1.1996374,0,1,0
0,1.8503097,1.8886235,1.6170659,-1.6372385,-1.1427017,-1.6366264,-0.9007995,0,1,0
0,0.047349393,0.063496664,-1.2894669,2.4650002,-0.7968334,2.392884,-0.0006123865,0,1,0
0,-0.30323175,0.26628166,0.23563398,-0.8287681,1.1526061,-0.9614249,0.999596,0,1,0
0,-0.7038828,-0.27449208,-0.7866257,1.4070019,-0.95404625,1.5217584,0.999596,0,0,1
0,-0.4033869,-1.0180714,-0.93582034,1.2373232,-0.73394823,1.1516778,-0.70075804,0,1,0
0,0.7484964,0.4014854,-0.8695116,1.8062465,-0.63962054,1.982345,-0.9007995,0,0,1
0,-0.50355726,-0.8828677,0.9208242,-1.1381828,1.5456383,-1.0940199,-0.3006751,0,1,0
0,0.34784535,0.67187226,-0.6705854,0.92790836,-0.02649033,0.96802956,0.2994503,0,0,1
0,-0.45347208,-1.1532751,-0.18432134,-0.19995777,0.2722141,-0.27016872,-0.8007793,0,0,1
0,-1.2547895,-0.6800827,-0.38324755,0.34900364,1.3098191,0.38577515,1.4997002,0,1,0
0,0.44800046,1.3478497,0.99818444,-1.2080506,1.4827532,-1.172495,1.0996172,1,0,0
0,-1.3048747,-0.8828677,-0.394299,0.6584181,-0.21514577,0.8216847,1.2996587,0,1,0
0,1.3494883,0.4014854,0.81030965,-1.3677485,-1.5514551,-1.5285621,-2.10105,0,1,0
0,2.00055,2.0238273,-1.0463349,2.10568,-0.30947348,2.196286,-1.0008208,0,1,0
0,0.94882196,-0.27449208,-0.8529344,0.57856923,1.7185725,0.33577594,-2.301092,0,0,1
0,-0.45347208,-1.1532751,-0.10143542,-0.34967452,-1.0640953,-0.43730426,-0.8007793,1,0,0
0,-1.35496,-1.1532751,-0.19537279,-0.36963683,-0.98548883,-0.52727336,0.999596,0,1,0
0,-0.6037277,-0.071707085,-0.24510434,-0.47942898,1.6714087,-0.71976936,1.0996172,0,0,1
0,0.34784535,0.4014854,0.00355341,1.2672665,-0.35663736,2.0666988,-0.10063361,0,1,0
0,0.39791524,0.063496664,0.81030965,-1.3078618,0.319378,-1.4297749,-0.70075804,0,0,1
0,-1.2547895,-0.8152864,-0.34456745,-0.10014661,0.3036567,-0.2335487,1.2996587,0,1,0
0,-1.4050299,-0.95046955,-0.22852716,0.43883386,-1.5514551,0.6363757,1.399679,0,0,1
0,0.097434595,-0.34209394,-1.0131805,1.1075684,0.39798442,0.90789366,-0.70075804,0,1,0
0,0.29776013,1.3478497,-0.60427666,0.2691548,0.35082054,0.10414012,1.399679,0,1,0
0,-1.8557814,-1.9644357,0.6334864,-1.0383716,1.2626551,-1.0777311,0.79955447,0,1,0
0,-1.35496,-1.3560601,-0.068281054,-0.4894103,0.9010656,-0.6246836,0.6995333,0,1,0
0,0.7985816,0.26628166,-0.46613345,-0.10014661,0.1621651,-0.31733617,-1.2008623,0,0,1
0,1.2493179,0.19867977,-0.74241984,1.736379,0.6966889,2.0167975,-2.2010705,0,1,0
0,-0.35331696,-0.95046955,-0.106961146,0.13940035,-0.63962054,0.28646067,-0.70075804,1,0,0
0,-0.5536425,0.19867977,-0.23957862,-0.36963683,0.8381804,-0.55563223,1.399679,0,1,0
0,-1.2547895,-0.95046955,-0.5655966,0.32904133,-1.158423,0.21752676,1.0996172,0,1,0
0,0.19758973,1.1450647,-0.43850482,-0.040260058,0.85390174,-0.212748,1.2996587,0,1,0
0,1.0489924,1.009861,-0.34456745,0.538645,0.052116103,0.6895582,-0.6007378,0,1,0
0,-0.4033869,-1.1532751,0.23563398,0.548626,-0.010769043,1.1705252,-0.9007995,0,0,1
1,1.0489924,0.46908727,-1.2452611,1.2772474,-1.5671765,0.91644853,-1.4009037,0,1,0
0,0.44800046,0.33388352,1.9596611,-1.8069175,1.2626551,-1.8081659,-0.40069535,0,1,0
0,-0.15297614,0.4014854,-0.333516,-0.19995777,0.46086955,-0.37036243,0.89957476,0,1,0
0,-1.0043788,-0.95046955,0.478766,-0.66907036,-0.9068824,-0.5711592,0.599513,0,1,0
0,0.54817086,-0.27449208,-0.20642425,0.8879841,0.82245916,1.3137646,-1.500925,0,1,0
0,1.0990776,0.6042704,-0.04617814,-0.24986336,-0.74966955,-0.2521515,-1.3008834,0,1,0
0,-1.054464,-0.34209394,-0.82530576,0.78817296,0.3036567,0.6431922,1.5997214,0,1,0
0,-0.20306134,0.67187226,0.9650301,-0.9784848,0.319378,-0.8038692,1.399679,1,0,0
0,-1.1045492,-1.6940489,-0.92476887,1.4070019,0.7752953,1.3896811,-0.3006751,0,1,0
0,-0.45347208,-1.0180714,0.82688683,-0.7888438,1.3255403,-0.5642158,-0.6007378,0,1,0
0,-0.753968,-0.34209394,-1.2397354,0.8879841,0.3036567,0.42078418,0.999596,0,0,1
0,-0.85413843,0.063496664,0.031182049,-0.36963683,-0.27803093,-0.38193437,1.7997628,0,1,0
0,1.7000542,1.4830534,0.22458252,-0.41954243,-0.27803093,-0.33501145,-1.2008623,0,1,0
0,0.7484964,0.33388352,-0.47718492,0.7981539,0.25649282,0.95207274,-1.0008208,1,0,0
0,0.19758973,0.80707604,-0.05170387,-0.7988248,0.96395075,-1.077575,0.79955447,0,1,0
0,-0.95429355,-0.95046955,0.06433642,0.27913576,-1.6929468,0.6238367,0.49949178,0,0,1
0,-1.1045492,-0.74768454,-0.18432134,-0.64910805,-1.2841933,-0.9319723,1.0996172,0,1,0
0,-1.3048747,-0.6124808,0.23563398,-0.40956107,1.1368849,-0.3125706,1.6997416,0,0,1
0,0.097434595,-0.27449208,-0.60427666,1.2672665,-0.95404625,1.5005971,-0.6007378,0,1,0
0,0.14750452,1.0774629,-0.42192763,0.15936227,-0.08937548,0.08458977,1.2996587,1,0,0
0,0.99890715,0.53666854,-0.52139074,0.90794605,-1.6615041,1.0697951,-1.2008623,0,1,0
0,1.2994031,1.4830534,-0.44955626,-0.12010892,-1.158423,-0.33438626,-0.40069535,0,0,1
0,-1.4050299,-1.0856733,3.5510707,-2.266049,0.1778864,-2.1724164,1.1996374,1,0,0
0,0.19758973,1.1450647,-0.17326988,0.538645,0.8853443,0.8269971,1.2996587,0,0,1
0,0.047349393,0.13109854,-0.60980237,0.1992869,1.5456383,0.0022867022,0.09940883,0,0,1
0,0.6984112,0.26628166,-0.83635724,0.5286637,1.2626551,0.28142193,-1.0008208,0,1,0
0,1.2994031,1.6182365,-0.71479124,1.0277195,-1.1741443,1.067207,-0.20065387,0,0,1
0,0.34784535,-0.34209394,0.80478394,-0.88865477,-1.268472,-0.74130225,-1.2008623,0,1,0
0,0.7985816,0.53666854,-0.6705854,0.46877712,-0.9697675,0.33104956,-0.8007793,0,1,0
0,-0.052821014,0.8746573,1.4512941,-1.5573897,0.68096757,-1.5649872,1.399679,0,1,0
0,-0.753968,-0.4096958,-0.6926883,0.66839945,-0.08937548,0.5897556,0.89957476,1,0,0
0,0.39791524,0.53666854,-0.40535045,0.5186827,1.2626551,0.6121573,-0.0006123865,1,0,0
0,0.59825605,0.53666854,-0.333516,0.11943804,0.74385273,0.09181596,-0.40069535,0,1,0
0,1.8002245,2.0238273,-0.029600957,-0.030278714,0.115001254,0.08839821,-0.6007378,0,1,0
0,1.1491475,1.1450647,-0.41087618,0.34900364,0.14644383,0.36453548,-0.6007378,0,1,0
0,0.097434595,1.0774629,1.169482,-1.1980695,0.85390174,-1.0709343,1.399679,0,0,1
0,1.7000542,1.212646,4.0262833,-2.4157658,-1.378521,-2.3593464,-1.6009462,0,1,0
0,1.0990776,1.1450647,-0.37772182,0.5586069,0.5080334,0.6916869,-0.50071657,0,1,0
0,0.24767493,-0.4772977,0.27431408,-0.50937223,-0.26230964,-0.4432027,-1.2008623,0,0,1
0,-1.3048747,-0.8152864,0.6169092,-0.5892215,0.869623,-0.36088005,1.399679,0,1,0
0,-1.6053706,-1.3560601,-0.23405288,0.16934362,1.9386705,0.23733073,1.1996374,0,1,0
0,-1.35496,-1.1532751,3.5842252,-2.2959924,-1.1898656,-2.2263803,0.999596,0,1,0
0,0.34784535,0.4014854,-0.18984707,-0.43950474,-0.04221162,-0.6266074,-0.10063361,0,0,1
0,-1.0043788,-1.626447,0.8545155,-1.0882771,0.96395075,-1.0448216,-0.40069535,0,1,0
0,-0.35331696,-0.8152864,0.05881069,0.57856923,0.979672,1.0737497,-0.50071657,0,1,0
0,0.14750452,1.1450647,0.92634994,-0.6391271,0.7910166,-0.25774714,1.399679,0,1,0
0,0.59825605,0.19867977,-0.22300144,-0.18997681,-0.73394823,-0.28150663,-0.9007995,0,1,0
0,1.0990776,0.26628166,1.1252762,-1.1880883,0.979672,-1.0757878,-1.8009876,0,1,0
0,0.59825605,0.4014854,-0.83083147,0.5286637,-0.6867844,0.28584552,-0.6007378,0,1,0
0,-0.6037277,-0.8828677,0.28536552,-0.88865477,-0.6238992,-1.0267849,-0.10063361,0,1,0
0,-0.6037277,-0.8152864,0.08643933,0.05955111,-0.73394823,0.30648002,-0.0006123865,0,1,0
0,-1.35496,-0.95046955,-0.1566927,-0.42952338,0.19360769,-0.59099275,1.2996587,0,1,0
0,2.1007204,2.294214,0.9595043,-1.6472197,-0.9068824,-1.927607,-0.8007793,0,0,1
0,1.1992327,0.6042704,0.114067964,-0.8187871,1.0111146,-1.014295,-1.500925,0,1,0
0,-1.5052003,-1.5588452,1.6281174,-1.6172764,1.3727041,-1.5961974,0.6995333,1,0,0
0,0.34784535,1.212646,0.13617088,-0.31973127,-1.5200126,-0.23821637,1.0996172,0,1,0
0,-0.95429355,-0.8828677,-1.0960665,1.5667,-1.2213081,1.4354321,0.599513,0,1,0
0,0.648326,0.7394741,0.5948063,-1.1781071,0.5080334,-1.3231363,-0.20065387,0,1,0
0,-1.3048747,-1.0180714,-0.94134605,1.317172,-1.0169314,1.2535121,1.0996172,0,1,0
0,0.39791524,-0.27449208,0.77715534,-1.1282016,-1.3470784,-1.1502299,-1.2008623,0,1,0
0,0.29776013,-0.00410521,0.6555893,-0.52933455,-0.30947348,-0.24042338,-0.6007378,0,1,0
1,0.24767493,-0.13930896,-1.1900038,3.273471,0.8067379,3.553896,-0.70075804,1,0,0
0,-1.9058514,-1.8968339,-0.83083147,0.85804045,-1.5828978,0.7334636,0.999596,0,0,1
1,1.7000542,1.3478497,-0.10143542,-0.40956107,1.68713,-0.5264237,-1.4009037,0,1,0
0,-1.5052003,-1.4236621,-0.2561558,0.6085125,1.0268359,0.862553,0.89957476,0,1,0
0,-0.7038828,-0.071707085,-0.8087286,0.548626,-1.0955378,0.33074674,1.2996587,0,1,0
0,1.1491475,1.1450647,-0.7700485,0.15936227,0.4451483,-0.17134285,-0.6007378,0,1,0
0,-0.90420836,-1.4236621,1.6999519,-1.6372385,-0.60817796,-1.6020566,-0.3006751,0,1,0
0,0.7985816,0.46908727,1.5120771,-1.5374274,1.6085235,-1.5033674,-0.9007995,0,0,1
0,0.24767493,-0.4772977,-0.3556189,0.6783804,-0.21514577,0.8823474,-1.2008623,0,1,0
0,0.34784535,-0.2068902,-0.09038396,-0.17999546,-0.5452928,-0.17733872,-1.0008208,0,0,1
1,1.7000542,1.212646,-0.95792323,1.0876064,1.4513106,0.9311158,-1.6009462,0,1,0
0,-0.90420836,-1.0856733,0.76610386,-0.5393159,-0.4195225,-0.1890377,0.1994291,1,0,0
0,0.49808568,1.2802478,-0.47165918,0.18930593,-1.1741443,0.0906248,0.89957476,0,1,0
0,-0.0027358106,0.7394741,-0.6319053,0.77819157,1.1211636,0.7929939,1.0996172,0,1,0
0,-1.5052003,-1.4912639,0.2411597,-0.27980664,1.2783765,-0.108102,0.79955447,0,1,0
0,-0.4033869,0.33388352,-0.8584601,0.8680218,-0.23086706,0.723249,1.2996587,0,1,0
0,1.4496434,1.5506347,-1.1071179,1.2073796,0.5866399,0.95382077,-0.6007378,0,0,1
0,-0.45347208,-0.95046955,4.363353,-2.5355392,-0.19942449,-2.5381515,-0.50071657,0,0,1
0,0.6984112,0.46908727,-1.4331359,2.095699,-0.02649033,1.7661191,-0.70075804,0,1,0
0,-1.054464,-1.4912639,-0.48823637,-0.17999546,-0.4352438,-0.44592696,-0.10063361,0,1,0
0,0.34784535,-0.13930896,-0.9745004,1.3071907,1.1840488,1.2090303,-0.9007995,0,1,0
0,-0.5536425,0.063496664,-0.26720726,0.5286637,0.39798442,0.73706716,1.1996374,1,0,0
0,1.0990776,1.0774629,-0.029600957,-0.27980664,-1.0483739,-0.28610596,-0.6007378,1,0,0
0,1.8002245,1.212646,0.15274806,-0.8287681,-0.16798191,-1.0078592,-1.8009876,0,1,0
0,0.7484964,0.33388352,-0.333516,-0.57924014,0.6180824,-0.9191992,-1.0008208,0,1,0
0,1.8503097,1.5506347,2.1143816,-1.6871442,1.3412616,-1.5230544,-1.4009037,0,1,0
0,-0.6037277,-0.00410521,-0.2948359,-0.15005219,-0.828276,-0.2718289,1.1996374,0,0,1
0,0.59825605,0.53666854,1.0755446,-0.8686927,-0.6867844,-0.55862015,-0.40069535,0,0,1
0,0.34784535,0.7394741,-0.3390417,0.6783804,0.9010656,0.8960581,0.39947057,0,1,0
0,-1.1045492,-1.7616508,-1.1568494,1.1674553,1.1840488,0.85607857,-0.40069535,0,0,1
0,0.6984112,0.46908727,1.3628825,-1.3877106,0.24077155,-1.3066131,-0.70075804,0,1,0
0,1.8503097,1.8210422,-0.62637955,0.548626,1.3255403,0.47737482,-1.0008208,0,1,0
1,0.24767493,-0.4772977,-0.6761111,1.147493,1.9386705,1.2676426,-1.2008623,0,1,0
0,-0.90420836,-1.3560601,0.20800534,-0.40956107,0.68096757,-0.33009925,-0.20065387,0,0,1
0,-0.90420836,-0.54487896,2.1143816,-1.7370497,0.38226312,-1.6169002,0.999596,0,1,0
0,-0.35331696,-0.54487896,0.009079138,-0.27980664,0.1621651,-0.26067677,-0.10063361,0,1,0
0,0.24767493,1.0774629,-0.6319053,0.23921151,-0.08937548,0.041543577,1.0996172,0,1,0
0,-0.50355726,0.13109854,-0.34456745,-0.20993873,-0.74966955,-0.39220768,1.1996374,0,1,0
0,0.24767493,-0.4096958,1.8657237,-1.6172764,-1.2055868,-1.4962583,-1.100842,0,0,1
0,0.8486668,0.4014854,-0.37772182,0.37894693,-0.4352438,0.4331179,-1.100842,0,1,0
0,-0.30323175,-0.6124808,-1.836514,2.6446605,-0.6553418,1.9795429,-0.3006751,0,1,0
0,1.1992327,0.063496664,-0.62637955,0.6783804,-0.19942449,0.6584063,-2.301092,0,1,0
0,0.29776013,0.4014854,-0.23405288,-0.17999546,-0.38807994,-0.27432913,-0.0006123865,0,1,0
0,-1.2547895,-1.0856733,-1.0463349,1.2173609,0.7752953,1.0229696,0.89957476,0,0,1
0,-0.20306134,0.6042704,-0.50481355,0.62847483,1.3884255,0.6882496,1.2996587,0,1,0
0,-0.5536425,-0.6800827,0.3406228,-0.7688815,1.4827532,-0.80880094,0.09940883,0,1,0
0,-1.8557814,-1.8968339,0.539549,-0.83874923,-1.268472,-0.80715036,0.89957476,0,1,0
0,1.2994031,1.4154516,-0.11248688,-0.18997681,1.1054423,-0.20709409,-0.50071657,0,1,0
0,0.34784535,0.53666854,0.6279607,-0.83874923,0.052116103,-0.7577763,0.09940883,0,1,0
0,0.29776013,1.1450647,0.09196506,-0.50937223,-0.49812892,-0.5556709,1.0996172,0,1,0
0,-0.6037277,-0.6124808,-0.37219608,0.74824834,0.2722141,0.96925986,0.2994503,0,0,1
0,-1.3048747,-1.1532751,-0.41087618,0.1992869,-1.48857,0.1499402,0.89957476,0,1,0
0,-1.9559366,-2.1672413,0.58375484,-0.8986359,-1.0483739,-0.87884814,0.6995333,1,0,0
0,0.54817086,0.46908727,0.2411597,0.069532454,-1.6615041,0.43295214,-0.40069535,0,0,1
0,0.34784535,0.33388352,0.15274806,-0.13008988,0.33509928,0.063310966,-0.20065387,1,0,0
0,0.7484964,0.53666854,-0.69821405,0.4587958,0.9167869,0.29542536,-0.70075804,0,1,0
0,-0.45347208,-0.74768454,0.42903444,-0.7688815,1.8129002,-0.7583332,-0.20065387,0,1,0
0,-1.054464,-1.626447,0.4014058,-0.9285792,0.4137057,-1.0259744,-0.3006751,0,1,0
0,1.7501394,1.9562253,0.025656322,-0.3097499,-0.32519478,-0.29501235,-0.6007378,0,1,0
0,0.6984112,0.46908727,-1.1623752,1.1973985,0.82245916,0.8899643,-0.70075804,1,0,0
0,-0.90420836,-1.4236621,-0.42745337,-0.12010892,0.25649282,-0.31923038,-0.3006751,0,0,1
0,0.34784535,0.46908727,-0.6319053,0.5286637,-0.938325,0.44510007,-0.0006123865,0,1,0
0,0.047349393,-0.6800827,0.4014058,-0.6990136,-1.158423,-0.66391134,-1.100842,0,0,1
0,0.8486668,0.19867977,-0.7866257,0.4587958,-0.7968334,0.22573923,-1.4009037,0,1,0
0,-0.25314656,-0.6124808,-0.6595339,0.9478707,-1.6143403,1.0053917,-0.40069535,0,0,1
0,-0.6037277,-0.95046955,0.24668543,-0.55927783,-1.0326527,-0.5375854,-0.20065387,0,1,0
0,0.39791524,1.3478497,-0.9137174,1.0177386,0.7281314,0.8769567,1.1996374,0,1,0
0,0.94882196,0.19867977,0.6279607,-0.75890017,-0.12081805,-0.6286382,-1.6009462,1,0,0
0,1.1992327,0.94225913,-0.17326988,0.11943804,-0.74966955,0.20849334,-1.0008208,0,0,1
0,-0.85413843,0.063496664,-0.72584265,0.5286637,-0.46668637,0.36989662,1.7997628,0,1,0
0,1.7000542,1.212646,-0.5600708,1.8860958,-1.3470784,2.4124153,-1.6009462,0,1,0
0,0.7484964,0.26628166,-1.4552387,1.5567186,0.7910166,1.0694139,-1.100842,0,0,1
0,-1.755611,-1.626447,0.37377718,-0.64910805,-0.057932902,-0.60155886,1.0996172,0,1,0
0,0.44800046,-0.00410521,5.833196,-2.625369,1.5613596,-2.386973,-0.9007995,0,1,0
0,0.39791524,0.6042704,-0.7811,-0.17999546,-0.9068824,-0.6436379,0.09940883,0,1,0
0,0.8987367,0.53666854,-0.86398584,0.63845617,-1.1112591,0.40786445,-1.0008208,0,1,0
0,0.24767493,1.0774629,-1.6210105,1.2872288,0.9010656,0.5779979,1.0996172,0,0,1
0,-1.35496,-0.8152864,0.04775923,0.129419,0.5080334,0.38454482,1.4997002,0,0,1
0,-0.6037277,-1.0856733,-0.94134605,1.2972097,0.47659084,1.2267743,-0.40069535,0,1,0
0,-1.35496,-1.2208564,0.07538787,-0.64910805,-1.6615041,-0.77821547,0.89957476,0,1,0
0,0.34784535,0.13109854,1.8657237,-1.5174652,-0.6867844,-1.312961,-0.50071657,1,0,0
0,0.097434595,1.0774629,-0.2174757,-0.10014661,1.0425571,-0.1459528,1.399679,0,1,0
0,1.1992327,0.67187226,-0.2948359,0.039589178,1.3255403,0.0038881223,-1.4009037,0,1,0
0,-0.85413843,-0.4772977,-0.7645228,1.1874176,-1.4728488,1.241901,0.999596,0,1,0
0,-0.95429355,-1.3560601,0.54507476,-0.4894103,-1.0955378,-0.24421224,-0.10063361,0,1,0
0,-0.10290622,0.7394741,-1.3226212,2.4150946,0.9010656,2.2914996,1.2996587,0,1,0
0,-1.6053706,-1.2208564,-0.9855519,1.3770586,1.3412616,1.2916949,1.399679,0,1,0
0,-1.2047043,-1.1532751,-0.71479124,0.69834274,1.3098191,0.61282164,0.6995333,0,1,0
0,-0.50355726,0.26628166,2.4403994,-1.8767853,0.2722141,-1.7575223,1.399679,0,1,0
0,-1.1546191,-1.2884582,0.8710927,-1.0882771,1.1211636,-1.0362964,0.39947057,0,1,0
0,1.0489924,0.6042704,0.6997951,-0.9285792,1.4984745,-0.86408293,-1.2008623,0,1,0
0,0.097434595,0.33388352,-0.68163687,0.66839945,-0.27803093,0.5988765,0.2994503,0,1,0
1,0.29776013,0.46908727,-0.5600708,0.8480595,-0.46668637,0.9519748,0.09940883,0,1,0
0,0.29776013,1.1450647,-0.5932252,-0.080184296,-1.6615041,-0.37696347,1.0996172,0,1,0
0,-0.80405325,-0.4096958,-0.60980237,0.17932458,1.4984745,-0.025623176,0.999596,0,0,1
0,-1.1045492,-0.6124808,-0.637431,0.548626,-1.6615041,0.46848845,1.2996587,0,0,1
0,-1.3048747,-0.4096958,-0.40535045,0.548626,-0.85971856,0.6551056,1.9998044,0,1,0
0,0.14750452,-0.27449208,0.3185199,-0.8187871,-0.5452928,-0.89939475,-0.70075804,0,1,0
0,-0.10290622,-0.4096958,-0.16221842,0.24919248,0.60236114,0.40823555,-0.40069535,0,1,0
0,1.0990776,0.8746573,-0.10143542,0.05955111,-0.8754398,0.17167798,-0.9007995,0,0,1
0,0.59825605,0.063496664,4.0925922,-2.4257467,-1.5200126,-2.3630965,-1.100842,0,0,1
0,-0.30323175,-0.6800827,2.2083187,-2.0165212,1.5141958,-2.1095662,-0.40069535,0,0,1
0,-1.4050299,-0.8152864,-0.48823637,0.30907902,-0.6238992,0.2483854,1.5997214,0,1,0
0,1.1491475,1.1450647,-0.94687176,1.3570963,0.9010656,1.3017533,-0.6007378,0,0,1
0,0.99890715,0.33388352,0.15274806,-0.38959914,0.25649282,-0.33455247,-1.500925,0,1,0
0,-1.2547895,-0.8152864,-0.46613345,0.6085125,0.6180824,0.691482,1.2996587,0,0,1
0,0.648326,0.67187226,0.0809136,0.76821065,-0.37235865,1.3799742,-0.3006751,0,1,0
0,0.24767493,0.7394741,0.042233504,-0.27980664,-1.5828978,-0.23888025,0.599513,0,1,0
1,-1.6053706,-1.2884582,-1.3834043,2.1955101,1.4355893,1.9456075,1.2996587,0,1,0
0,0.097434595,1.1450647,-0.7866257,1.0177386,-0.5767354,0.9897086,1.4997002,0,0,1
0,-0.4033869,-1.0856733,-0.3500932,-0.7289569,-0.105096765,-1.1454252,-0.8007793,0,0,1
0,-0.45347208,0.26628166,0.3019427,-0.66907036,0.6180824,-0.67521966,1.2996587,0,1,0
0,0.7484964,0.4014854,-0.09590969,-0.33969358,1.4827532,-0.41887677,-0.9007995,0,1,0
0,1.9003797,1.7534404,1.0810703,-1.4076729,0.7281314,-1.470487,-1.2008623,0,1,0
0,0.54817086,0.13109854,1.716529,-1.2280127,-1.0012101,-0.8544348,-0.9007995,0,0,1
0,-1.5552855,-1.4236621,-0.64295673,0.38892826,0.649525,0.24170561,0.999596,0,1,0
0,2.0506353,2.361816,-0.38324755,0.57856923,-0.35663736,0.7159445,-0.6007378,0,0,1
0,-1.2547895,-1.0856733,-0.7534713,0.4288525,-1.2999146,0.21076865,0.89957476,0,0,1
0,-0.35331696,0.33388352,-0.42745337,0.049570143,-1.3156358,-0.07652029,1.1996374,0,0,1
0,-0.5536425,-0.27449208,0.33509707,-0.64910805,1.0582784,-0.6244587,0.6995333,1,0,0
0,0.29776013,-0.4772977,0.3406228,0.019626869,-0.60817796,0.42632106,-1.3008834,0,1,0
0,-1.2047043,-1.0180714,-0.5324422,-0.17999546,-0.35663736,-0.4757702,0.89957476,0,0,1
0,0.14750452,-0.4096958,0.9152985,-1.0583339,1.2940978,-0.9636123,-0.9007995,0,1,0
0,-0.20306134,-0.6800827,-0.8916145,1.1874176,0.85390174,1.1253307,-0.6007378,0,1,0
0,-1.35496,-1.0856733,-0.60427666,0.5685883,-1.4571275,0.523077,1.0996172,0,1,0
0,-0.6537976,-0.071707085,-0.515865,0.32904133,-0.9697675,0.25558245,1.1996374,0,1,0
0,-0.4033869,0.46908727,-0.34456745,0.39890924,-1.3942423,0.48762855,1.4997002,0,1,0
0,0.29776013,-0.4096958,-0.94134605,1.1574739,-0.5767354,1.0396099,-1.2008623,0,1,0
0,0.54817086,0.7394741,-0.60980237,0.24919248,0.24077155,0.07206072,-0.0006123865,0,1,0
0,-1.2547895,-0.95046955,-0.83635724,0.8181162,1.4984745,0.67449975,1.0996172,0,1,0
0,1.7501394,1.5506347,-0.040652413,0.16934362,-1.1898656,0.37985712,-1.2008623,0,0,1
0,-0.0027358106,1.009861,-1.0518606,0.85804045,0.08355868,0.5436236,1.4997002,0,1,0
0,0.097434595,1.009861,0.55060047,-0.88865477,-1.2055868,-0.8810065,1.2996587,0,1,0
0,-0.10290622,-0.4096958,0.5174461,-1.247975,-1.2370294,-1.4733188,-0.40069535,0,1,0
0,-0.50355726,-0.00410521,-1.1126436,1.6365678,-1.2370294,1.5105772,0.999596,0,0,1
0,-0.85413843,-1.3560601,-0.5379679,0.728286,-0.67106307,0.801939,-0.3006751,0,1,0
0,0.29776013,1.1450647,-0.637431,1.077625,1.1683275,1.205505,1.0996172,0,0,1
0,0.24767493,1.3478497,-0.6871626,0.4587958,-1.3313571,0.30413595,1.4997002,0,1,0
0,-1.35496,-1.0856733,-1.1071179,1.2073796,-1.1269804,0.95382077,1.0996172,0,1,0
0,-0.6037277,-0.27449208,-0.8584601,0.8181162,-1.0798166,0.655672,0.79955447,0,0,1
0,-0.80405325,-0.34209394,0.843464,-1.1681262,0.4451483,-1.1826899,1.0996172,0,1,0
0,-1.2547895,-0.95046955,1.4015626,-1.3278239,-0.59245664,-1.1837153,1.0996172,0,1,0
0,1.5498139,1.6858385,0.70532084,-0.9984471,0.82245916,-0.97503763,-0.6007378,0,0,1
0,0.24767493,1.009861,-1.3115698,0.9578516,-0.4352438,0.44770733,0.999596,0,1,0
1,0.7985816,0.4014854,-1.2728897,2.574793,-0.5138502,2.5524514,-1.0008208,0,0,1
0,-0.90420836,-1.2884582,-0.42745337,1.077625,-1.268472,1.3940169,-0.10063361,0,1,0
0,0.648326,0.67187226,1.7496834,-1.8069175,1.2783765,-1.889434,-0.3006751,0,1,0
0,-1.5552855,-1.1532751,-0.36114463,-0.080184296,1.0897211,-0.2161858,1.399679,1,0,0
0,0.14750452,-0.071707085,-0.8971402,1.5267754,-1.6300616,1.5774608,-0.40069535,0,1,0
0,0.94882196,0.8746573,-0.09590969,-0.43950474,-0.70250565,-0.56750697,-0.6007378,0,0,1
0,0.34784535,1.5506347,0.9705558,-1.317843,0.60236114,-1.3703425,1.5997214,0,1,0
0,-0.85413843,-0.4096958,0.30746844,-1.0982583,-0.07365419,-1.3417296,1.0996172,0,0,1
1,1.649969,1.0774629,-1.3170955,0.5087014,1.7500151,-0.12885353,-1.7009664,0,1,0
0,0.8486668,0.063496664,0.5782291,-0.5393159,-1.6143403,-0.3039183,-1.6009462,0,0,1
0,0.19758973,0.4014854,-0.50481355,0.48873943,-1.3627998,0.49028498,0.1994291,0,0,1
0,0.19758973,-0.27449208,-0.10143542,-0.4993913,0.1778864,-0.6601024,-0.8007793,0,0,1
1,1.0990776,0.4014854,-1.0573864,0.8380785,0.8381804,0.51255006,-1.6009462,0,1,0
0,-0.0027358106,0.80707604,-0.19537279,-0.20993873,-0.7811121,-0.29227805,1.1996374,0,1,0
0,0.19758973,1.1450647,-1.2452611,1.9459823,0.82245916,1.7761775,1.2996587,0,1,0
0,0.24767493,0.19867977,-0.576648,0.32904133,-1.2055868,0.20906979,-0.20065387,0,1,0
0,-1.054464,-0.6800827,-0.46060774,0.64843714,-0.8754398,0.7528578,1.0996172,0,1,0
0,0.047349393,1.1450647,-0.7700485,0.8480595,1.5299171,0.77199787,1.5997214,0,0,1
0,-0.0027358106,-0.4096958,-0.43850482,0.34900364,-0.08937548,0.3432954,-0.6007378,0,1,0
0,-1.0043788,-0.27449208,-0.7534713,1.1275307,0.22505026,1.1698321,1.5997214,0,1,0
0,0.24767493,0.94225913,-0.5932252,0.74824834,-0.8911611,0.78371644,0.89957476,0,1,0
0,1.0990776,1.1450647,-0.8087286,0.24919248,-0.85971856,-0.07735037,-0.50071657,0,0,1
0,-1.35496,-0.8828677,0.09196506,-0.3297122,0.09927996,-0.28216094,1.399679,0,1,0
0,-0.30323175,-0.74768454,-0.48823637,0.049570143,0.94822943,-0.120025456,-0.50071657,0,1,0
0,-0.5536425,-0.74768454,1.1805334,-1.417654,-1.1741443,-1.4420795,-0.0006123865,0,1,0
0,0.14750452,1.2802478,0.843464,-0.8487304,1.2469339,-0.6539504,1.5997214,0,1,0
0,-0.052821014,-0.4772977,0.44561163,-0.88865477,1.3884255,-0.9387104,-0.6007378,0,1,0
0,0.097434595,-0.00410521,-0.2948359,0.009645524,1.1683275,-0.03964619,-0.20065387,0,1,0
0,1.4496434,1.4830534,-0.38877326,0.1992869,1.6714087,0.16634598,-0.70075804,0,1,0
0,-0.5536425,-0.00410521,1.3076252,-1.4276351,-0.8911611,-1.4014748,1.0996172,0,1,0
0,0.097434595,1.009861,-0.47165918,0.27913576,-0.30947348,0.21841513,1.2996587,1,0,0
0,0.24767493,0.7394741,-0.26720726,0.25917345,-1.5200126,0.34394014,0.599513,0,1,0
0,0.39791524,0.53666854,-0.43850482,1.3770586,-1.0483739,1.8118213,-0.0006123865,0,1,0
0,1.1491475,1.212646,-0.5876995,1.0277195,1.1840488,1.1801833,-0.50071657,0,1,0
0,0.94882196,0.53666854,1.0810703,-0.8487304,-0.6553418,-0.52167773,-1.100842,0,1,0
0,1.7000542,1.009861,-0.6926883,0.4787581,-0.5767354,0.3273973,-1.9010079,0,1,0
1,1.7501394,1.2802478,-1.0794892,0.92790836,-0.23086706,0.61176664,-1.6009462,0,1,0
0,-0.45347208,0.26628166,-0.6484825,0.92790836,-0.60817796,0.9872866,1.2996587,0,0,1
0,-1.0043788,-0.4096958,-1.4552387,2.584774,-0.9068824,2.3528655,1.399679,0,0,1
0,0.047349393,-0.27449208,0.036707778,-0.3297122,-0.48240766,-0.31800005,-0.50071657,0,1,0
0,-0.20306134,-0.6124808,4.0152316,-2.4656713,-0.45096508,-2.4730747,-0.50071657,0,1,0
0,-0.90420836,-1.0856733,-0.23405288,-0.22990105,1.5613596,-0.34742346,0.1994291,0,1,0
0,-1.5052003,-1.4912639,1.2965738,-1.1980695,1.2626551,-1.008045,0.79955447,0,1,0
0,-1.3048747,-0.8152864,0.44561163,-0.65908897,1.2312126,-0.5748506,1.399679,0,1,0
0,-2.356603,-2.9108,-0.36667037,-0.15005219,1.2783765,-0.3207052,0.39947057,0,0,1
0,-0.6037277,-1.0180714,-0.4937621,1.077625,-0.7968334,1.334487,-0.3006751,0,1,0
0,0.648326,0.4014854,2.3575134,-1.7370497,0.8381804,-1.5197928,-0.70075804,0,1,0
0,0.047349393,-0.4772977,0.16932525,-0.31973127,1.2783765,-0.21665433,-0.8007793,0,1,0
0,0.44800046,-0.34209394,1.2081621,-1.317843,0.13072254,-1.2578056,-1.4009037,0,0,1
0,1.599899,0.80707604,-0.3556189,0.30907902,-1.378521,0.34939918,-2.001029,1,0,0
0,0.7484964,0.7394741,-0.7921514,0.34900364,0.067837395,0.071425974,-0.40069535,0,0,1
0,-1.3048747,-0.6124808,-0.42192763,-0.4993913,1.1840488,-0.8583407,1.6997416,0,0,1
0,-1.0043788,-1.1532751,-0.36667037,0.25917345,-0.010769043,0.26905861,0.2994503,0,1,0
0,0.19758973,-0.34209394,-0.07933251,1.1275307,-1.6300616,1.7810113,-0.9007995,0,1,0
0,-0.95429355,-0.74768454,-1.0408092,1.2373232,-0.08937548,1.0544534,0.79955447,0,1,0
0,-1.0043788,-0.8828677,-0.18432134,0.69834274,1.577081,1.053438,0.6995333,0,1,0
0,1.1491475,1.212646,-1.4276102,1.1674553,-0.73394823,0.6086908,-0.50071657,0,1,0
0,-0.80405325,-0.2068902,-0.455082,0.41887155,1.0582784,0.43014908,1.2996587,0,1,0
0,-0.4033869,-1.0180714,-0.28378445,0.029607834,0.6338037,-0.002752512,-0.70075804,0,1,0
0,1.9003797,1.8210422,-0.9137174,1.3570963,0.4451483,1.3331587,-1.100842,0,0,1
0,1.4496434,1.4830534,0.36272573,-0.60918343,-0.34091607,-0.54540765,-0.70075804,0,1,0
0,-0.6037277,-0.27449208,1.9375582,-1.5973141,1.0268359,-1.4291307,0.79955447,0,1,0
0,1.8002245,1.3478497,-0.81978005,1.0277195,-0.105096765,0.9738788,-1.6009462,0,1,0
0,-0.7038828,-0.13930896,0.3185199,-0.40956107,1.6556873,-0.25998375,1.1996374,0,1,0
0,-1.054464,-1.4912639,-0.96344894,0.68836176,-0.5452928,0.39295262,-0.10063361,0,1,0
0,0.59825605,0.46908727,-0.12353833,-0.06022199,-0.010769043,-0.02195134,-0.50071657,0,1,0
0,-0.95429355,-1.1532751,-0.05170387,0.1992869,1.1997701,0.41653633,0.1994291,1,0,0
0,0.49808568,0.8746573,-1.0905406,1.0876064,-0.74966955,0.81182164,0.2994503,0,1,0
0,-1.1546191,-1.2208564,2.5840683,-2.0664268,1.1526061,-2.0760806,0.49949178,0,1,0
1,1.599899,0.94225913,-1.1900038,1.4169832,1.8915067,1.1490219,-1.8009876,0,1,0
0,-1.3048747,-0.8828677,0.23563398,-0.80880594,0.8381804,-0.9305271,1.2996587,0,0,1
0,-1.3048747,-1.0856733,0.68874365,-1.1880883,-0.63962054,-1.2925705,0.999596,0,1,0
0,-0.7038828,-0.4096958,-0.37772182,0.7981539,0.5237547,1.0364457,0.79955447,0,1,0
0,1.4496434,1.5506347,-0.576648,0.76821065,1.0268359,0.82565886,-0.6007378,0,1,0
0,-1.0043788,-0.95046955,-0.07380678,0.17932458,0.82245916,0.37032646,0.599513,1,0,0
0,0.34784535,0.33388352,0.119593695,-0.6790513,-0.938325,-0.79777586,-0.20065387,0,1,0
0,0.29776013,-0.071707085,-0.4992878,0.23921151,0.96395075,0.14091678,-0.70075804,0,0,1
0,0.8486668,0.67187226,0.04775923,0.029607834,-1.3627998,0.23337567,-0.70075804,0,1,0
0,0.99890715,0.6042704,-0.001972318,-0.57924014,-1.48857,-0.7188122,-1.100842,0,1,0
0,1.2994031,0.67187226,-0.637431,-0.19995777,0.57091856,-0.57445997,-1.6009462,0,1,0
0,-0.50355726,0.26628166,-0.31141308,0.14938131,-0.1837032,0.15135583,1.399679,0,1,0
0,-1.2547895,-1.0180714,-0.8087286,0.6584181,-0.81255466,0.48038277,0.999596,1,0,0
0,-0.95429355,-0.6800827,0.10854224,-0.59920245,-0.84399724,-0.68246543,0.89957476,0,1,0
0,-0.5536425,-0.95046955,-0.001972318,0.538645,-1.6300616,0.9644356,-0.3006751,0,1,0
0,1.8503097,1.8210422,-1.2342097,1.1774362,1.4041468,0.7982476,-1.0008208,0,0,1
0,-0.80405325,-1.0856733,-0.333516,-0.080184296,-0.7811121,-0.19704525,-0.0006123865,1,0,0
0,0.49808568,-0.13930896,0.3019427,-0.88865477,0.5551973,-1.0176736,-1.2008623,0,0,1
0,1.1491475,0.80707604,-0.7645228,0.967833,0.1621651,0.9409106,-1.100842,0,1,0
0,-0.95429355,-1.0180714,0.7550524,-0.9485415,-1.3470784,-0.86683685,0.39947057,0,1,0
0,-0.20306134,-0.6124808,-0.576648,0.8380785,0.5551973,0.923753,-0.50071657,0,0,1
0,-0.80405325,-1.4236621,1.1252762,-1.2679373,0.4137057,-1.2119572,-0.50071657,0,1,0
0,-0.50355726,0.063496664,0.9152985,-0.98846596,-0.37235865,-0.847062,1.0996172,0,0,1
0,-1.6554406,-1.4912639,0.36272573,-0.8686927,0.319378,-0.9529192,1.0996172,0,1,0
0,-0.6037277,-0.13930896,-0.30036163,0.23921151,-0.52957153,0.28997633,0.999596,0,1,0
1,0.7985816,0.063496664,-0.9800261,1.5766809,-0.59245664,1.5629592,-1.500925,0,1,0
0,-0.45347208,0.26628166,-0.4937621,0.089494765,-0.35663736,-0.067340694,1.2996587,0,1,0
0,1.2493179,0.7394741,-0.2561558,-0.10014661,0.46086955,-0.17261232,-1.4009037,0,1,0
0,-1.2547895,-0.95046955,-0.2948359,0.5885506,-0.46668637,0.80201685,1.0996172,0,0,1
0,-1.35496,-1.2884582,-0.394299,0.9778139,-1.6929468,1.2804253,0.79955447,0,1,0
0,-1.755611,-1.7616508,0.1416966,0.34900364,1.356983,0.7893316,0.89957476,0,0,1
0,-0.95429355,-0.6800827,2.4127707,-2.0664268,0.7910166,-2.1345072,0.89957476,0,0,1
1,0.34784535,1.2802478,-1.1292208,1.7064353,1.356983,1.5853121,1.1996374,0,1,0
0,0.097434595,-0.2068902,-1.9691315,2.1356237,0.979672,1.2345086,-0.50071657,0,0,1
0,0.39791524,1.6858385,-0.12353833,-0.080184296,-0.010769043,-0.05157966,1.6997416,0,1,0
0,-0.6537976,-0.071707085,-0.9302946,1.1275307,1.467032,1.0095226,1.1996374,0,1,0
0,0.648326,0.46908727,-0.018549502,-0.070203334,-1.2055868,0.036153298,-0.6007378,0,1,0
0,0.39791524,1.7534404,-0.902666,1.3570963,0.1778864,1.3436275,1.7997628,0,1,0
0,-0.80405325,-0.2068902,0.7716296,-0.66907036,0.9325082,-0.39880916,1.2996587,0,0,1
0,0.8987367,0.46908727,-0.43297908,0.41887155,-0.92260367,0.44741455,-1.100842,0,1,0
0,0.34784535,1.5506347,-0.6705854,0.8979651,-0.60817796,0.9264873,1.5997214,0,1,0
0,-1.2547895,-1.1532751,-0.3500932,0.5586069,-1.2055868,0.7139524,0.79955447,0,0,1
0,-0.4033869,-1.0180714,-0.28931016,0.11943804,0.5080334,0.12400283,-0.70075804,0,1,0
0,-0.35331696,-0.6800827,-0.26720726,-0.16003315,0.115001254,-0.26759106,-0.3006751,0,1,0
0,-1.2047043,-0.95046955,-0.31693882,-0.1700145,-1.0798166,-0.31581262,0.999596,0,0,1
0,0.44800046,-0.2068902,-0.43850482,0.20926785,1.1526061,0.14369023,-1.2008623,0,1,0
0,-1.1546191,-0.4096958,0.37930292,-0.9784848,0.429427,-1.1164804,1.6997416,1,0,0
0,-0.80405325,-0.54487896,0.39035437,-0.75890017,1.356983,-0.76469064,0.79955447,0,1,0
0,0.6984112,0.26628166,-0.60427666,1.0876064,1.1054423,1.2492347,-1.0008208,0,1,0
0,-0.35331696,0.33388352,0.13064516,0.20926785,-1.3942423,0.5671486,1.1996374,0,0,1
0,0.7985816,0.46908727,-0.6540082,0.43883386,-0.21514577,0.30251494,-0.9007995,0,0,1
0,-0.85413843,-1.3560601,1.2523679,-1.3976917,-0.1837032,-1.3748344,-0.3006751,0,0,1
0,-1.35496,-1.2884582,-0.34456745,1.2273419,-1.6615041,1.6847827,0.79955447,1,0,0
0,-1.054464,-0.6124808,0.41245726,-0.18997681,-0.71822697,0.14636579,1.1996374,0,0,1
0,-1.3048747,-0.8152864,-0.51033926,1.8062465,0.33509928,2.351137,1.399679,0,1,0
0,-1.1546191,-1.0856733,1.108699,-1.2878995,0.4451483,-1.2539383,0.6995333,0,1,0
0,-0.753968,-0.4096958,0.21353106,-0.36963683,-0.5767354,-0.2649542,0.89957476,0,1,0
0,-1.1546191,-0.74768454,-0.44955626,0.10945669,-1.4728488,-0.0069124703,1.1996374,0,1,0
0,-0.85413843,-0.8152864,-1.0518606,1.2073796,-0.057932902,1.0046988,0.49949178,0,0,1
0,-1.6053706,-1.4236621,0.9208242,-0.91859823,0.052116103,-0.7275037,1.0996172,0,1,0
0,0.648326,0.80707604,0.7495267,-0.7888438,-1.5042913,-0.6081016,-0.10063361,0,1,0
0,0.29776013,0.4014854,3.2471557,-2.1263132,-0.85971856,-1.9745396,-0.0006123865,0,1,0
0,-0.753968,-1.1532751,-0.19537279,-0.19995777,-1.378521,-0.27759072,-0.20065387,0,1,0
0,-1.0043788,-1.2884582,0.26326263,-0.7688815,-1.2213081,-0.85296,0.09940883,0,0,1
0,0.34784535,0.4014854,1.3186766,-1.2878995,1.68713,-1.153374,-0.10063361,0,0,1
0,0.44800046,1.4154516,-0.9966033,1.1674553,0.60236114,1.0024917,1.1996374,0,1,0
0,1.8002245,1.5506347,-0.48823637,0.33902267,0.1778864,0.2908943,-1.3008834,0,1,0
0,-1.3048747,-1.2208564,-0.84740865,0.09947573,-1.1427017,-0.30942607,0.79955447,0,1,0
0,2.0506353,2.159031,0.2577369,0.10945669,0.33509928,0.50682735,-0.9007995,0,0,1
0,-0.7038828,-0.34209394,-0.7479456,0.32904133,-1.1741443,0.0779883,0.89957476,0,0,1
0,1.2493179,0.7394741,0.54507476,-0.7988248,1.4198681,-0.7400815,-1.4009037,0,0,1
1,-0.50355726,-0.071707085,-0.91924316,1.5667,1.467032,1.6094915,0.89957476,0,1,0
1,1.1992327,0.19867977,-0.9081917,1.2473042,0.8381804,1.1906911,-2.10105,0,0,1
0,2.0506353,2.0238273,0.14722234,-0.27980664,-1.5828978,-0.16985844,-1.100842,0,1,0
0,1.1491475,0.94225913,-0.3500932,-0.26982567,-1.378521,-0.48239127,-0.9007995,0,1,0
0,0.29776013,-0.4096958,-0.71479124,0.05955111,-0.13653934,-0.26841113,-1.2008623,0,1,0
0,-1.2547895,-0.4772977,0.4621888,-0.65908897,-0.52957153,-0.56506544,1.7997628,0,1,0
1,-0.85413843,-1.2884582,-0.70373976,1.2273419,1.7342938,1.352807,-0.20065387,0,1,0
0,-1.9058514,-1.8968339,-2.0520175,2.335246,1.0111146,1.3726894,0.999596,0,0,1
0,0.14750452,-0.54487896,-0.040652413,0.019626869,1.356983,0.15544748,-1.100842,0,1,0
0,-0.30323175,-0.95046955,0.009079138,-0.090165645,0.02067353,0.025245247,-0.8007793,0,0,1
0,-0.10290622,-0.27449208,0.32404563,-0.8986359,0.49231213,-1.0211304,-0.20065387,0,1,0
0,0.24767493,0.8746573,-0.394299,0.10945669,-1.158423,0.033223663,0.79955447,0,0,1
0,1.5498139,1.9562253,-0.1566927,0.009645524,-0.010769043,0.058252167,-0.20065387,0,1,0
0,-1.4050299,-1.1532751,-0.47718492,0.57856923,-0.04221162,0.639911,1.0996172,1,0,0
0,-0.25314656,-0.6800827,-0.22852716,0.4587958,-0.105096765,0.66563296,-0.50071657,0,1,0
0,-0.6537976,-0.4096958,-0.9081917,0.82809716,0.7752953,0.6267372,0.6995333,0,0,1
0,1.2493179,1.2802478,-1.3336728,1.74636,-0.7968334,1.4296998,-0.6007378,0,0,1
0,-0.90420836,-1.1532751,0.8213611,-0.7988248,1.4827532,-0.5838344,0.09940883,0,1,0
0,-0.753968,-0.8828677,-0.9523975,0.728286,-0.95404625,0.45551,0.1994291,0,0,1
0,-1.8557814,-1.8292526,-0.22852716,0.15936227,-1.4571275,0.2267742,0.999596,0,0,1
0,1.3995582,1.5506347,-1.123695,1.74636,1.2469339,1.6430748,-0.50071657,1,0,0
0,-0.50355726,-0.4096958,-0.6650597,0.82809716,-0.26230964,0.834272,0.39947057,0,1,0
0,0.047349393,0.19867977,-1.0739635,1.7064353,-0.5767354,1.6410726,0.1994291,0,0,1
0,-0.50355726,0.19867977,-0.31141308,-0.080184296,0.71241015,-0.18173318,1.2996587,0,1,0
0,-1.5552855,-1.4912639,0.025656322,-0.2398824,0.02067353,-0.18946753,0.89957476,0,0,1
0,-0.5536425,-0.8152864,-0.05170387,-0.1700145,-1.3313571,-0.13628463,-0.10063361,0,1,0
0,-0.052821014,0.26628166,0.20247962,-0.56925917,1.2626551,-0.5798502,0.49949178,0,0,1
0,0.99890715,0.4014854,-0.39982474,0.48873943,-0.34091607,0.5735939,-1.4009037,0,1,0
0,-0.6537976,-1.0856733,0.8545155,-1.1282016,1.3727041,-1.1109922,-0.3006751,0,1,0
0,0.047349393,0.33388352,-1.0131805,0.57856923,0.2879354,0.20607185,0.39947057,0,1,0
0,0.44800046,1.009861,0.90977275,-0.8686927,0.8067379,-0.6503177,0.599513,0,0,1
0,-0.30323175,-0.6800827,1.4402426,-1.5673709,0.319378,-1.5873306,-0.40069535,0,1,0
0,1.2493179,1.3478497,-0.10143542,0.019626869,1.0425571,0.11226515,-0.50071657,0,0,1
0,0.54817086,0.67187226,0.1416966,1.2273419,1.1840488,2.1342273,-0.10063361,0,1,0
0,-1.2047043,-1.3560601,-1.5547018,1.736379,0.49231213,1.1928103,0.39947057,0,1,0
0,-1.5552855,-1.2884582,1.1142247,-1.1182206,-0.74966955,-0.96226454,1.1996374,0,1,0
0,1.2994031,1.3478497,-0.23957862,0.4987204,-0.45096508,0.7153585,-0.6007378,0,0,1
0,-1.3048747,-1.1532751,-0.70373976,0.1992869,0.052116103,-0.067438595,0.89957476,0,1,0
0,-1.3048747,-1.0856733,-0.12353833,0.09947573,-1.4099636,0.21507522,0.999596,0,0,1
0,-0.80405325,-0.6800827,-0.1787956,-0.38959914,1.3098191,-0.5460715,0.599513,0,0,1
0,-0.753968,-0.2068902,0.09749078,-0.22990105,-0.34091607,-0.12652904,1.1996374,0,0,1
0,1.1491475,1.1450647,-0.19537279,-0.26982567,-0.010769043,-0.38040125,-0.6007378,0,0,1
0,-1.2547895,-1.0180714,0.3185199,-0.3596555,0.067837395,-0.18200637,0.999596,0,1,0
0,0.34784535,-0.27449208,-0.7534713,1.1275307,1.0425571,1.1698321,-1.100842,1,0,0
0,-0.50355726,0.13109854,0.32404563,-0.65908897,-1.0012101,-0.64660674,1.1996374,0,0,1
0,-0.35331696,-0.8828677,-0.82530576,0.92790836,1.68713,0.8332275,-0.6007378,0,0,1
0,0.097434595,-0.2068902,-0.31141308,0.37894693,0.0049522435,0.4844453,-0.50071657,1,0,0
0,-1.1045492,-1.0856733,-0.15116698,-0.4894103,0.47659084,-0.67609847,0.599513,1,0,0
0,-0.80405325,-0.54487896,-1.1292208,1.3471153,0.94822943,1.1159854,0.79955447,0,1,0
0,-1.2047043,-1.0180714,-0.27273297,0.33902267,0.7281314,0.45618388,0.89957476,0,0,1
0,-0.5536425,-0.6800827,1.5065514,-1.4076729,1.0425571,-1.2757349,0.09940883,0,0,1
0,0.6984112,0.26628166,-0.5876995,0.33902267,-0.34091607,0.21460669,-1.0008208,0,1,0
0,0.29776013,0.33388352,-0.42745337,0.129419,-0.6238992,0.03769598,-0.10063361,0,0,1
0,-1.1546191,-1.2208564,-0.515865,0.38892826,1.0111146,0.34030747,0.49949178,0,1,0
0,0.49808568,0.8746573,-0.37219608,-0.469448,-0.5452928,-0.7844554,0.2994503,0,1,0
0,-0.5536425,-0.071707085,-1.2728897,1.6166055,0.1778864,1.3252878,0.999596,0,1,0
0,0.49808568,0.6042704,-0.13458979,0.17932458,0.979672,0.32542476,-0.10063361,0,0,1
0,0.19758973,1.212646,0.27431408,0.1992869,1.467032,0.6585238,1.399679,0,1,0
0,-1.4050299,-1.0180714,4.9767084,-2.5954258,0.9167869,-2.5228589,1.2996587,1,0,0
0,-1.755611,-1.7616508,-0.5932252,0.9179274,-0.6867844,1.021446,0.89957476,1,0,0
0,0.14750452,1.1450647,-0.73689413,0.74824834,-1.4728488,0.6631136,1.399679,0,1,0
0,1.2994031,1.2802478,-0.50481355,0.9478707,-0.56101406,1.1407406,-0.70075804,0,1,0
0,-1.0043788,-1.2208564,0.44561163,-0.41954243,-1.6143403,-0.19517018,0.1994291,0,1,0
0,0.7484964,0.26628166,-0.36114463,-0.0103164045,-0.85971856,-0.11542565,-1.100842,0,1,0
0,-0.10290622,-0.6800827,-0.39982474,-0.26982567,1.3412616,-0.51517373,-0.8007793,1,0,0
0,0.24767493,0.94225913,-0.40535045,0.17932458,0.067837395,0.12540936,0.89957476,0,1,0
1,-0.7038828,-1.2208564,-0.9855519,2.8143392,1.0111146,3.205563,-0.40069535,0,1,0
0,0.94882196,0.6042704,0.014604866,-0.3297122,-0.105096765,-0.3323354,-1.0008208,0,1,0
0,1.2493179,1.3478497,-0.46060774,0.62847483,1.577081,0.7244211,-0.50071657,0,1,0
0,0.097434595,1.1450647,0.5561262,-0.91859823,1.3098191,-0.92601514,1.4997002,0,1,0
0,-2.2564325,-2.775617,-0.47718492,0.728286,-1.5514551,0.8527482,0.39947057,0,0,1
0,-1.2547895,-0.74768454,1.0479159,-1.1880883,1.2783765,-1.114205,1.399679,0,1,0
0,-1.0043788,-0.071707085,-0.52139074,0.5186827,-0.828276,0.5194639,1.8997831,0,0,1
0,2.1007204,2.294214,-0.3556189,0.019626869,-0.15226063,-0.06831739,-0.8007793,0,1,0
0,-0.5536425,-0.74768454,0.7716296,-1.1282016,1.1526061,-1.1530325,-0.0006123865,0,0,1
0,0.097434595,-0.00410521,-0.83083147,1.3570963,1.1997701,1.411673,-0.20065387,0,1,0
0,0.44800046,0.19867977,-0.5490194,0.75822926,0.5080334,0.8348876,-0.6007378,0,1,0
0,1.1491475,0.7394741,-0.576648,0.30907902,0.649525,0.1810429,-1.2008623,0,0,1
0,1.4496434,1.6858385,0.49534318,-0.9585227,-0.52957153,-1.0227324,-0.40069535,0,1,0
0,-1.5052003,-1.2884582,-0.2782587,0.4088902,-0.1837032,0.5537307,1.0996172,0,1,0
0,-1.3048747,-1.2884582,0.44561163,-0.8786736,0.5551973,-0.9228906,0.6995333,0,0,1
0,1.1992327,0.7394741,-0.5932252,0.4488148,1.3727041,0.36419353,-1.3008834,0,0,1
0,-0.80405325,-1.1532751,-0.44955626,0.2891171,-1.4571275,0.24937166,-0.10063361,1,0,0
0,-0.90420836,-0.8828677,3.5731735,-2.2161434,-1.2055868,-2.0589228,0.49949178,0,1,0
0,-0.90420836,-1.1532751,0.114067964,-0.6990136,1.1526061,-0.8314858,0.09940883,0,0,1
0,-0.7038828,-0.13930896,0.025656322,-0.9784848,0.08355868,-1.3052266,1.1996374,0,1,0
0,0.14750452,-0.071707085,0.16932525,-0.59920245,-1.2055868,-0.64594287,-0.40069535,0,1,0
0,-0.25314656,-0.4772977,-0.5379679,0.61849385,-1.6143403,0.6470398,-0.20065387,0,1,0
0,1.1491475,0.6042704,0.10301651,-0.80880594,1.5613596,-1.0052911,-1.4009037,0,0,1
0,-0.15297614,-0.6124808,0.20247962,-0.3596555,0.649525,-0.2566534,-0.6007378,0,0,1
0,1.0489924,0.8746573,-0.23405288,-0.16003315,-1.2527508,-0.2450915,-0.8007793,0,0,1
0,-1.4551151,-1.4912639,0.24668543,0.22923017,0.429427,0.68442154,0.6995333,0,1,0
0,0.44800046,0.46908727,-1.4994446,1.6265866,0.8381804,1.1126555,-0.20065387,0,0,1
0,-0.45347208,-0.8152864,0.07538787,-0.7389382,-0.27803093,-0.9147068,-0.3006751,1,0,0
1,-0.90420836,-1.0180714,6.2918315,-2.9248025,-0.34091607,-3.0604851,0.2994503,0,0,1
1,-1.054464,-0.13930896,-1.123695,3.1536973,-1.2055868,3.4826474,1.8997831,0,1,0
0,0.7985816,0.4014854,0.40693155,0.24919248,-0.16798191,0.83571726,-1.0008208,0,1,0
0,-1.054464,-1.4912639,-1.3999815,1.9459823,-0.828276,1.6134852,-0.10063361,0,1,0
0,-1.3048747,-1.4236621,0.09749078,-0.4494857,1.0425571,-0.46103415,0.49949178,0,1,0
0,0.34784535,0.67187226,-1.2231581,0.8181162,0.319378,0.34501427,0.2994503,0,1,0
0,1.1992327,0.7394741,-0.515865,0.2891171,-1.6143403,0.19909927,-1.3008834,0,1,0
0,-0.753968,-0.95046955,-1.0794892,1.2972097,0.09927996,1.0973821,0.09940883,0,0,1
0,0.8987367,0.53666854,0.43456018,-0.21992008,-0.7653908,0.11384699,-1.0008208,0,0,1
0,0.047349393,0.94225913,-1.0131805,0.5685883,0.649525,0.19282974,1.2996587,0,1,0
0,1.3995582,1.5506347,-0.25063008,-0.24986336,1.4198681,-0.38764703,-0.50071657,0,1,0
0,1.2994031,0.33388352,-0.1566927,-0.27980664,1.4041468,-0.36965895,-2.10105,0,1,0
0,0.44800046,1.6182365,-0.92476887,1.0975873,0.539476,0.97433776,1.4997002,0,1,0
0,-1.6554406,-1.6940489,-0.13458979,0.20926785,-0.828276,0.36980873,0.79955447,0,0,1
0,-0.45347208,0.33388352,-0.23957862,-0.47942898,-0.74966955,-0.716332,1.399679,0,1,0
0,-0.6037277,-0.13930896,-0.27273297,0.05955111,0.25649282,0.04877023,0.999596,0,1,0
0,2.00055,2.0238273,-0.8971402,1.5966432,-0.73394823,1.6715899,-1.0008208,0,0,1
0,0.7484964,0.53666854,-0.9523975,0.8979651,1.3412616,0.68244904,-0.70075804,0,1,0
0,1.9504648,2.159031,-0.32246453,0.4088902,1.4041468,0.5192786,-0.70075804,0,1,0
0,0.8987367,0.46908727,1.169482,-1.068315,0.39798442,-0.84864384,-1.100842,0,1,0
0,0.047349393,-0.54487896,-0.6705854,-0.020297749,1.7814577,-0.3474722,-0.9007995,0,0,1
0,0.99890715,0.67187226,0.14722234,-0.21992008,1.7342938,-0.07810258,-1.0008208,0,1,0
0,1.3995582,0.4014854,0.42903444,-0.20993873,1.5613596,0.12594621,-2.2010705,0,1,0
0,-1.2047043,-0.6800827,1.5231286,-1.4675597,-0.6553418,-1.3744929,1.399679,0,0,1
0,-0.80405325,-0.95046955,0.38482863,-0.4993913,-0.07365419,-0.35932735,0.1994291,0,1,0
0,-0.0027358106,-0.27449208,-0.64295673,0.8680218,-0.63962054,0.9087237,-0.40069535,0,0,1
0,-1.054464,-1.0180714,-1.2949927,0.71830505,0.74385273,0.15638502,0.599513,0,1,0
0,-0.95429355,-1.4236621,0.41245726,-0.41954243,1.3884255,-0.21614663,-0.20065387,0,1,0
0,-0.25314656,-0.4772977,-0.42745337,0.66839945,-1.5828978,0.8086575,-0.20065387,0,1,0
0,1.7501394,1.5506347,-0.7479456,0.85804045,1.3412616,0.8046537,-1.2008623,0,1,0
0,0.44800046,0.4014854,-0.19537279,0.63845617,0.33509928,0.9561352,-0.3006751,0,1,0
0,-0.052821014,0.063496664,0.78268105,-1.0882771,1.4041468,-1.0817641,0.1994291,0,1,0
0,0.59825605,0.46908727,0.15827379,-0.1700145,-0.92260367,0.0058410624,-0.50071657,0,1,0
0,-0.4033869,-0.8152864,-0.09038396,-0.110127576,0.067837395,-0.073229566,-0.40069535,0,0,1
1,1.1491475,0.063496664,-1.206581,1.2672665,0.4137057,0.9396411,-2.2010705,0,1,0
0,-1.35496,-0.8828677,0.06433642,-0.0003354402,0.2722141,0.19974358,1.399679,0,1,0
1,0.29776013,-0.4096958,-0.9523975,2.3152838,-0.98548883,2.5780559,-1.2008623,0,0,1
0,-0.45347208,0.063496664,-0.2948359,0.069532454,-1.0798166,0.047422435,0.999596,0,1,0
0,-0.90420836,-1.5588452,0.78268105,-0.8986359,-0.37235865,-0.769866,-0.50071657,0,0,1
0,-0.4033869,0.26628166,-0.19537279,0.32904133,-1.1112591,0.5008315,1.1996374,0,0,1
0,2.00055,2.091429,-0.7479456,0.7083237,-0.27803093,0.5989935,-0.9007995,0,1,0
0,-1.35496,-1.2208564,0.76057816,-0.50937223,-1.3627998,-0.14328681,0.89957476,0,0,1
0,1.0489924,1.0774629,0.89319557,-1.3777294,-0.9697675,-1.5066485,-0.50071657,1,0,0
0,1.7501394,1.8210422,-0.758997,0.69834274,-1.3313571,0.57610327,-0.8007793,0,0,1
0,0.94882196,0.46908727,0.98160726,-1.317843,-1.268472,-1.3651084,-1.2008623,0,1,0
0,-0.4033869,-0.00410521,-1.0518606,1.0377009,1.8600641,0.78074807,0.79955447,0,0,1
0,-1.0043788,-1.6940489,1.351831,-1.2180318,0.869623,-1.0155449,-0.50071657,0,0,1
1,1.7000542,0.94225913,-1.2839411,1.3970209,-1.0012101,1.033516,-2.001029,0,0,1
0,0.14750452,1.1450647,1.556283,-1.3677485,1.4827532,-1.1818403,1.399679,0,1,0
0,-0.5536425,-1.0180714,1.1197504,-0.54929686,0.14644383,0.010196816,-0.40069535,0,1,0
0,-1.2547895,-1.0856733,0.5174461,-0.66907036,1.6556873,-0.548396,0.89957476,0,1,0
0,0.648326,0.46908727,-0.12906405,0.59853154,0.1778864,0.9512914,-0.6007378,0,1,0
0,-0.753968,-1.2208564,0.6334864,-1.2878995,-1.48857,-1.4815317,-0.3006751,0,1,0
0,-0.85413843,-1.4236621,0.90424705,-1.1082394,0.6180824,-1.0525068,-0.40069535,0,1,0
0,-0.7038828,-0.34209394,0.79925823,-1.2180318,-1.0012101,-1.287024,0.89957476,0,0,1
0,-0.90420836,-1.4912639,-0.7092655,1.3371344,0.036394816,1.4992689,-0.40069535,0,0,1
0,-0.90420836,-0.74768454,0.25221115,-0.56925917,-1.1741443,-0.5497042,0.6995333,0,0,1
0,0.34784535,-0.071707085,-0.70373976,0.5286637,0.74385273,0.38759148,-0.8007793,0,1,0
0,-0.85413843,-1.0856733,0.25221115,-0.93856037,0.3036567,-1.1223984,0.09940883,0,1,0
0,-1.3048747,-1.1532751,-0.2561558,0.11943804,-1.0169314,0.14814296,0.89957476,0,1,0
1,0.19758973,-0.071707085,5.656373,-2.7151992,-0.4195225,-2.6550436,-0.50071657,1,0,0
1,1.0489924,0.063496664,-0.8860888,0.8181162,0.9167869,0.6321375,-2.001029,0,0,1
0,-0.753968,-0.34209394,-0.61532813,0.34900364,-0.32519478,0.20736091,0.999596,0,1,0
0,1.9003797,1.9562253,0.16932525,-0.41954243,0.6180824,-0.36997175,-0.9007995,1,0,0
0,0.34784535,-0.27449208,0.009079138,-0.5393159,0.36654183,-0.65193874,-1.100842,0,1,0
0,-1.2047043,-0.27449208,-1.4441873,1.0377009,-1.6615041,0.43130153,1.9998044,1,0,0
0,0.047349393,-0.4772977,0.9539786,-1.1481639,0.5237547,-1.0939808,-0.8007793,0,1,0
0,0.648326,0.33388352,-0.32246453,-0.030278714,-0.35663736,-0.11707624,-0.8007793,0,0,1
0,-1.0043788,-0.27449208,-0.018549502,-0.26982567,0.19360769,-0.2638409,1.5997214,0,1,0
0,0.19758973,-0.071707085,-0.23957862,-0.8187871,0.7281314,-1.213041,-0.50071657,0,1,0
0,-1.5552855,-1.5588452,-0.4164019,0.13940035,-1.598619,0.060058944,0.79955447,0,1,0
0,-0.35331696,-0.6124808,0.5229718,-0.31973127,-0.71822697,0.013340917,-0.20065387,0,1,0
0,-0.6037277,0.13109854,0.2411597,-0.42952338,0.13072254,-0.33998188,1.399679,0,0,1
0,1.9003797,1.9562253,-0.5379679,0.82809716,-0.8754398,0.94275653,-0.9007995,0,1,0
0,-0.6537976,-0.13930896,-0.062755324,-0.3297122,1.4041468,-0.38251036,1.0996172,0,0,1
0,0.34784535,1.4154516,-0.79767716,0.18930593,0.7752953,-0.15078665,1.399679,0,1,0
0,-0.4033869,-1.0180714,1.8104664,-1.2978806,0.47659084,-0.93607354,-0.70075804,0,1,0
1,-0.753968,-0.2068902,5.9547625,-2.785067,-0.08937548,-2.766438,1.1996374,0,1,0
0,0.24767493,-0.13930896,-0.17326988,-0.21992008,0.6652463,-0.29219976,-0.70075804,0,0,1
0,0.14750452,-0.6124808,-0.44955626,0.4288525,1.0582784,0.44870362,-1.2008623,0,0,1
0,1.1992327,1.3478497,-0.455082,0.33902267,-1.3313571,0.3163235,-0.40069535,1,0,0
0,-0.35331696,-0.6124808,-1.3613014,1.3670776,1.2783765,0.9218097,-0.20065387,0,1,0
0,0.14750452,0.7394741,-1.0463349,1.8661335,0.35082054,1.879886,0.79955447,0,0,1
0,1.5498139,1.8210422,-1.0297577,1.1774362,-0.16798191,0.9854116,-0.40069535,0,1,0
0,0.24767493,1.3478497,0.58928055,-1.0483527,-0.02649033,-1.1169298,1.4997002,0,1,0
0,-1.4551151,-1.4912639,-0.34456745,-0.33969358,1.0897211,-0.57971364,0.6995333,0,1,0
0,-0.5536425,0.13109854,2.385142,-1.677163,0.74385273,-1.3932719,1.2996587,0,1,0
0,-0.45347208,-1.1532751,-1.184478,0.68836176,-1.2527508,0.20975325,-0.8007793,0,1,0
0,-1.1546191,-0.8828677,-0.333516,0.5685883,-0.23086706,0.7417544,0.999596,0,1,0
0,2.00055,2.091429,0.99818444,-1.1282016,-0.02649033,-1.0381223,-0.9007995,0,1,0
0,1.3995582,1.4830534,-0.13458979,-0.31973127,0.85390174,-0.41430655,-0.6007378,0,1,0
0,-0.50355726,0.063496664,0.22458252,0.18930593,-0.828276,0.60618097,1.0996172,0,1,0
0,1.9504648,2.091429,0.7108466,-0.55927783,0.46086955,-0.25540352,-0.8007793,0,0,1
0,-1.1546191,-0.2068902,0.42350873,-0.88865477,-1.378521,-0.9508588,1.9998044,1,0,0
0,-0.50355726,0.26628166,-0.8695116,1.2972097,-0.2937522,1.2940581,1.399679,0,1,0
0,0.94882196,0.46908727,2.2525246,-1.4975029,0.46086955,-1.1054065,-1.2008623,0,1,0
0,-1.4551151,-1.4912639,-0.007498046,-0.56925917,1.1526061,-0.7071328,0.6995333,0,0,1
0,-0.50355726,0.063496664,-0.52691644,0.76821065,0.8381804,0.8675822,1.0996172,0,1,0
0,0.097434595,1.1450647,-1.3999815,1.506813,-1.0326527,1.0609183,1.4997002,0,1,0
0,-0.80405325,-1.2208564,-0.22300144,-0.0003354402,1.6242448,-0.0033772343,-0.20065387,0,0,1
0,-0.35331696,-0.6800827,-0.51033926,1.0377009,0.5080334,1.263082,-0.3006751,0,1,0
0,0.7985816,0.53666854,-0.576648,0.71830505,0.6966889,0.7555921,-0.8007793,1,0,0
0,-0.50355726,0.19867977,-0.37219608,-0.38959914,-0.16798191,-0.6694578,1.2996587,0,1,0
0,1.0990776,0.94225913,-0.7811,0.71830505,1.4827532,0.5850488,-0.8007793,0,0,1
0,-0.5536425,0.063496664,0.08643933,0.05955111,1.0739998,0.30648002,1.1996374,0,0,1
0,1.0990776,0.80707604,1.8436208,-1.5973141,-0.13653934,-1.4689735,-1.0008208,0,0,1
0,0.34784535,0.46908727,-0.59875095,-0.070203334,-1.3470784,-0.36681718,-0.0006123865,0,1,0
0,0.34784535,1.1450647,-0.22300144,-0.110127576,-1.6457828,-0.16439942,0.999596,0,0,1
0,-1.1045492,-1.0180714,0.88214415,-1.2180318,1.4355893,-1.2463019,0.6995333,0,1,0
0,1.3494883,0.4014854,-0.21194997,0.8680218,-1.6300616,1.2796736,-2.10105,0,1,0
0,0.49808568,0.6042704,0.21353106,-0.16003315,-0.92260367,0.058652867,-0.10063361,0,1,0
0,-0.6537976,-0.071707085,1.1805334,-1.317843,-1.0640953,-1.2708914,1.1996374,0,1,0
0,0.047349393,0.063496664,-0.880563,1.2572851,-0.7653908,1.2298014,-0.0006123865,0,1,0
0,-1.35496,-0.8828677,0.44008592,-0.83874923,0.33509928,-0.86269647,1.399679,0,1,0
0,-0.50355726,0.19867977,0.10301651,-0.45946667,1.8129002,-0.47278228,1.2996587,0,0,1
0,1.3494883,1.4830534,-1.123695,0.6783804,1.1211636,0.24708633,-0.50071657,0,1,0
0,-0.6037277,-0.6124808,-0.14564124,0.029607834,0.82245916,0.09563442,0.2994503,0,1,0
0,-0.6037277,-1.0180714,-0.6319053,0.73826736,-0.27803093,0.7373308,-0.3006751,0,0,1
0,0.648326,0.46908727,1.5452315,-1.4475974,-0.9697675,-1.3290836,-0.6007378,0,0,1
0,1.1992327,0.67187226,-0.42745337,0.8480595,-0.4195225,1.0656446,-1.4009037,0,1,0
0,1.2493179,1.009861,0.6390121,-0.7688815,0.539476,-0.63847214,-1.0008208,1,0,0
0,0.54817086,0.4014854,-0.7313684,0.38892826,0.052116103,0.1731132,-0.50071657,1,0,0
0,0.8987367,0.80707604,-0.48823637,-0.06022199,-0.59245664,-0.2758914,-0.6007378,1,0,0
0,-0.15297614,-0.4772977,0.19142815,-0.41954243,-1.598619,-0.35598746,-0.40069535,0,1,0
0,0.047349393,0.13109854,-0.3556189,1.4169832,-0.85971856,1.9482448,0.09940883,0,1,0
0,-0.50355726,0.063496664,0.88214415,-0.70899457,-0.32519478,-0.40013692,1.0996172,0,1,0
0,-0.6037277,-0.95046955,-0.21194997,-0.4993913,-0.828276,-0.72846085,-0.20065387,0,1,0
0,0.047349393,-0.54487896,0.32957137,-0.98846596,1.7028512,-1.1586376,-0.9007995,0,1,0
0,0.54817086,1.0774629,-0.5932252,0.80813485,1.4827532,0.86762136,0.49949178,0,1,0
0,1.5498139,1.7534404,-0.7479456,0.05955111,0.6966889,-0.29219976,-0.50071657,1,0,0
0,0.59825605,1.5506347,0.04775923,-0.1700145,-0.32519478,-0.06896215,1.0996172,0,0,1
0,0.39791524,0.19867977,-0.07380678,-0.36963683,1.5299171,-0.44928646,-0.50071657,0,0,1
0,-0.85413843,-0.6124808,-0.6761111,2.0457935,0.5551973,2.5130284,0.79955447,0,1,0
0,0.94882196,0.46908727,-0.74241984,0.78817296,-0.4352438,0.71335685,-1.2008623,0,0,1
0,1.9504648,2.0238273,-0.31141308,0.4987204,-0.46668637,0.65823054,-0.9007995,0,1,0
0,-0.6037277,-0.34209394,-0.9137174,0.80813485,0.8067379,0.59518504,0.6995333,0,1,0
0,-0.95429355,-1.626447,0.1416966,-0.36963683,0.5080334,-0.31103703,-0.50071657,0,0,1
0,-0.85413843,-0.54487896,-0.46060774,0.548626,-0.5138502,0.6106729,0.89957476,0,1,0
0,-0.10290622,-0.34209394,0.014604866,0.029607834,0.5237547,0.20976281,-0.3006751,0,1,0
0,-1.35496,-0.95046955,-0.46060774,0.2891171,0.22505026,0.24099301,1.2996587,0,0,1
0,1.1992327,1.212646,0.7384752,-0.98846596,1.6085235,-0.9411223,-0.6007378,0,1,0
0,0.24767493,-0.13930896,0.05881069,-0.25984433,0.6338037,-0.19770959,-0.70075804,0,1,0
0,-1.2047043,-0.95046955,-0.83083147,0.8979651,-1.158423,0.7877202,0.999596,0,0,1
0,1.1992327,0.53666854,0.81030965,-1.1182206,0.6652463,-1.1169488,-1.6009462,0,1,0
0,-2.106192,-2.3700264,-0.029600957,-0.20993873,-0.30947348,-0.18124506,0.6995333,0,1,0
0,0.14750452,1.0774629,0.9374014,-1.0483527,-1.268472,-0.9354388,1.2996587,0,1,0
0,-1.1546191,-1.8968339,-0.52691644,-0.0003354402,-1.4256848,-0.2182166,-0.50071657,0,1,0
0,-1.2047043,-1.1532751,0.5561262,-0.9086171,-0.45096508,-0.91,0.6995333,1,0,0
0,-0.95429355,-0.071707085,0.49534318,-0.7489192,-0.98548883,-0.68866664,1.7997628,0,1,0
0,1.8002245,2.0238273,-0.09590969,-0.41954243,0.39798442,-0.5377807,-0.6007378,0,1,0
0,0.7985816,0.6042704,0.5119204,-0.83874923,1.2783765,-0.82257986,-0.70075804,0,1,0
1,-0.6037277,0.063496664,-1.6375878,3.4431498,1.356983,3.1844018,1.2996587,0,0,1
0,-2.056107,-2.3024244,0.09749078,0.10945669,0.08355868,0.39043322,0.6995333,0,1,0
0,-0.80405325,-0.34209394,-0.7866257,1.0277195,0.036394816,1.003351,1.0996172,0,1,0
0,-1.2547895,-0.74768454,-0.44403055,0.8480595,1.3412616,1.051436,1.399679,0,1,0
0,-1.35496,-0.8828677,-1.0352834,1.3770586,-0.26230964,1.2444104,1.399679,0,1,0
0,1.2493179,0.80707604,0.031182049,0.009645524,0.9010656,0.19139406,-1.3008834,0,1,0
0,0.54817086,1.5506347,-0.2948359,-0.50937223,0.22505026,-0.79424065,1.1996374,0,1,0
0,1.2493179,1.2802478,0.30746844,-0.5393159,0.067837395,-0.46948156,-0.6007378,1,0,0
0,-0.20306134,-0.4096958,0.57270336,-0.70899457,0.5866399,-0.5800556,-0.20065387,0,1,0
0,0.34784535,0.6042704,-0.024075229,-0.28978798,0.08355868,-0.29746345,0.1994291,0,1,0
0,-0.80405325,-1.2208564,-0.9689747,0.5885506,-0.70250565,0.2551722,-0.20065387,0,1,0
0,-1.6554406,-1.5588452,0.3185199,-0.7888438,0.09927996,-0.85260844,0.999596,0,0,1
0,0.99890715,0.33388352,-0.8750373,1.8361902,1.467032,2.01713,-1.500925,0,0,1
0,1.1491475,1.212646,-1.0187062,1.0077572,-0.057932902,0.7705822,-0.50071657,0,0,1
0,1.8503097,2.0238273,1.5010257,-1.5673709,1.5928022,-1.5612276,-0.70075804,0,1,0
0,0.24767493,1.2802478,-1.1568494,1.9459823,-1.1741443,1.8691446,1.399679,0,1,0
0,-1.2047043,-0.8152864,-0.001972318,0.019626869,-0.56101406,0.18292753,1.1996374,0,1,0
0,0.19758973,1.1450647,-0.44403055,0.5586069,-1.6457828,0.6382508,1.2996587,0,1,0
0,-0.6037277,-0.00410521,-0.28931016,0.13940035,0.6966889,0.15304558,1.1996374,0,1,0
0,1.3995582,1.4830534,0.417983,-0.70899457,0.8067379,-0.6700147,-0.6007378,0,0,1
0,1.7501394,2.0238273,-0.8087286,1.1574739,-0.4352438,1.1605451,-0.50071657,0,1,0
0,0.29776013,0.26628166,-0.16221842,0.27913576,0.25649282,0.4524729,-0.20065387,1,0,0
0,0.24767493,-0.34209394,1.3131509,-1.6372385,-1.6929468,-1.7633816,-1.0008208,0,1,0
0,0.44800046,0.46908727,-0.48271063,0.728286,-1.2999146,0.8481293,-0.20065387,0,0,1
0,-1.2547895,-0.4772977,0.13064516,-0.38959914,-0.12081805,-0.3486538,1.7997628,1,0,0
0,-0.95429355,-1.4912639,-0.07933251,-0.40956107,0.38226312,-0.51240027,-0.3006751,0,0,1
0,-0.0027358106,0.26628166,1.8878266,-1.8069175,-0.08937548,-1.8359683,0.39947057,1,0,0
0,0.19758973,0.67187226,1.4512941,-1.3976917,1.4041468,-1.2834301,0.599513,0,1,0
0,0.047349393,-0.4096958,0.114067964,0.76821065,-1.2841933,1.4079229,-0.70075804,0,1,0
0,-0.4033869,-1.0856733,-0.58217376,0.6783804,-1.6615041,0.6949685,-0.8007793,0,1,0
0,0.24767493,-0.13930896,0.08643933,-0.110127576,0.9167869,0.048330832,-0.70075804,0,0,1
0,-1.1546191,-0.74768454,1.6502203,-1.2679373,-0.13653934,-0.9586906,1.1996374,0,1,0
0,-0.80405325,-1.2884582,1.9430839,-1.5274463,0.7910166,-1.2975218,-0.3006751,1,0,0
0,1.0990776,1.009861,0.12511942,-0.19995777,0.85390174,-0.062360674,-0.70075804,0,0,1
0,-0.20306134,-0.4096958,0.76057816,-0.88865477,1.3098191,-0.76559854,-0.20065387,0,1,0
0,-0.5536425,-0.071707085,-0.7479456,0.13940035,-1.378521,-0.18251453,0.999596,0,0,1
0,0.34784535,0.063496664,-1.5381247,1.6565298,-0.15226063,1.1111124,-0.6007378,0,1,0
0,0.8486668,0.33388352,-0.8971402,0.30907902,1.1840488,-0.06307328,-1.2008623,0,1,0
0,1.2493179,0.6042704,-0.34456745,-0.080184296,0.57091856,-0.20470129,-1.6009462,0,1,0
0,1.9003797,2.159031,0.9429271,-1.3477862,1.2940978,-1.4335251,-0.6007378,0,0,1
0,0.648326,-0.00410521,2.9211378,-2.2161434,1.0739998,-2.2640357,-1.3008834,0,0,1
0,-0.6037277,-0.00410521,-0.7534713,0.5586069,1.2154913,0.38888052,1.1996374,0,1,0
0,1.1992327,1.4154516,-0.26168153,0.76821065,-1.5828978,1.0911713,-0.3006751,0,0,1
0,0.24767493,1.212646,-1.1513237,1.5267754,0.9325082,1.3290476,1.2996587,0,0,1
1,-0.30323175,-0.8828677,-0.515865,2.2853405,0.4137057,3.0232625,-0.70075804,0,1,0
0,1.649969,0.94225913,-0.79767716,1.9060577,-1.6300616,2.1923308,-1.9010079,0,0,1
0,0.49808568,0.6042704,-0.36667037,0.41887155,0.13072254,0.4992105,-0.10063361,0,1,0
0,1.7000542,1.1450647,0.8324126,-0.50937223,1.2783765,-0.098980695,-1.7009664,0,0,1
0,-1.2047043,-1.0180714,0.76610386,-0.57924014,0.09927996,-0.25458345,0.89957476,0,1,0
0,0.19758973,0.13109854,0.40693155,-0.3097499,1.9386705,-0.046374705,-0.20065387,0,0,1
0,-1.2547895,-0.8152864,-0.60427666,0.9378897,-1.6615041,1.0397661,1.2996587,1,0,0
0,-1.35496,-0.95046955,-0.2948359,0.25917345,-0.04221162,0.3231399,1.2996587,0,1,0
0,0.648326,0.53666854,-0.8750373,0.78817296,-1.1741443,0.60109305,-0.50071657,0,1,0
0,0.7484964,0.4014854,-0.80320287,0.64843714,1.5456383,0.4713202,-0.9007995,0,1,0
1,0.8486668,0.67187226,-0.5434936,0.4288525,1.577081,0.3751603,-0.70075804,0,1,0
0,0.14750452,-0.27449208,0.46771455,-0.7389382,1.0582784,-0.68867624,-0.70075804,0,1,0
0,-1.4050299,-1.2884582,0.82688683,-0.8786736,0.5866399,-0.7126602,0.89957476,0,1,0
0,-1.2047043,-1.1532751,1.5286543,-1.1182206,-0.02649033,-0.7513315,0.6995333,0,1,0
0,-0.35331696,-1.0180714,-0.23957862,-0.06022199,-0.4352438,-0.10275043,-0.8007793,0,0,1
0,-0.25314656,-0.00410521,-0.83635724,1.2373232,-0.21514577,1.2437857,0.49949178,0,1,0
0,0.39791524,1.6182365,1.2578937,-1.4376162,-0.04221162,-1.4413177,1.5997214,0,1,0
0,0.648326,0.26628166,-0.19537279,0.71830505,1.3412616,1.0736326,-0.9007995,0,1,0
0,-1.2047043,-0.74768454,-0.333516,-0.18997681,1.1683275,-0.35591915,1.2996587,0,0,1
0,0.24767493,-0.27449208,-0.41087618,0.15936227,1.7185725,0.09271435,-0.9007995,0,1,0
0,0.34784535,0.063496664,1.0037102,-0.7688815,0.979672,-0.43029252,-0.6007378,0,1,0
0,1.2994031,1.4154516,0.3958801,-0.0103164045,1.6085235,0.4183818,-0.50071657,0,0,1
1,1.2493179,0.13109854,-1.2839411,1.3970209,-0.34091607,1.033516,-2.301092,0,1,0
0,-1.3048747,-1.1532751,-0.95792323,0.548626,-1.5200126,0.21077867,0.89957476,0,1,0
0,0.8486668,0.46908727,-0.2561558,1.1075684,-0.32519478,1.5915425,-1.0008208,0,1,0
0,-0.10290622,0.53666854,-0.902666,0.85804045,0.8067379,0.67176545,0.999596,0,1,0
0,0.34784535,0.53666854,3.1697955,-2.1462755,-0.19942449,-2.0413742,0.09940883,0,1,0
0,0.097434595,1.009861,0.80478394,-0.8986359,1.3412616,-0.75775677,1.2996587,0,1,0
0,-0.50355726,-0.8828677,0.2411597,-0.7489192,-1.2999146,-0.8346595,-0.3006751,0,1,0
0,1.0990776,0.53666854,1.5894374,-1.6172764,-1.5514551,-1.6124666,-1.4009037,0,1,0
0,-0.10290622,0.19867977,-0.08485824,-0.57924014,1.3884255,-0.76890886,0.49949178,0,1,0
1,-0.90420836,-1.0856733,-1.267364,2.095699,1.2783765,1.9448261,0.1994291,0,1,0
0,1.8503097,1.6182365,-0.15116698,-0.080184296,1.1997701,-0.07071975,-1.3008834,0,1,0
0,-1.3048747,-1.1532751,-0.31141308,0.18930593,-0.95404625,0.20928471,0.89957476,0,0,1
0,0.7985816,0.6042704,-0.16221842,0.089494765,0.6966889,0.1723027,-0.70075804,0,0,1
1,0.24767493,1.212646,-0.94687176,1.7862846,1.3098191,1.8761951,1.2996587,0,1,0
0,0.047349393,1.009861,-1.0850149,0.61849385,-1.2527508,0.20038833,1.399679,0,0,1
0,1.5498139,0.8746573,-0.7534713,1.5567186,0.6652463,1.7589707,-1.8009876,0,1,0
0,0.54817086,0.33388352,0.042233504,-0.41954243,-0.4195225,-0.45038018,-0.6007378,0,0,1
0,0.54817086,0.46908727,3.7555227,-2.3259356,-0.45096508,-2.239925,-0.40069535,0,0,1
0,1.7000542,1.0774629,-0.23405288,0.27913576,-0.7811121,0.39813843,-1.8009876,0,1,0
0,-1.2047043,-0.95046955,-0.8087286,0.039589178,0.3036567,-0.36301875,0.999596,0,1,0
0,-1.6053706,-1.3560601,-0.018549502,0.039589178,1.7185725,0.20115012,1.1996374,0,1,0
0,-0.30323175,-0.54487896,-0.62085384,0.14938131,-1.2370294,-0.07559276,-0.20065387,0,1,0
0,1.9003797,1.6858385,0.44008592,-0.9086171,0.539476,-0.9733679,-1.3008834,0,1,0
0,-0.80405325,-0.6800827,0.025656322,-0.12010892,-0.16798191,-0.00853347,0.599513,0,0,1
0,-1.0043788,-1.5588452,-0.60427666,0.728286,-0.92260367,0.7465104,-0.3006751,0,1,0
0,0.14750452,1.009861,0.00355341,0.14938131,0.68096757,0.3823574,1.1996374,0,0,1
1,1.599899,1.009861,-1.123695,1.8162279,-1.6615041,1.7344009,-1.7009664,0,0,1
1,1.8503097,1.8210422,-0.9966033,1.6764921,1.356983,1.6793237,-1.0008208,0,1,0
0,1.8002245,1.6858385,-1.0739635,1.4070019,0.2879354,1.2470378,-1.100842,0,1,0
0,-0.753968,-0.4096958,0.18590243,-0.39958012,-0.16798191,-0.3287615,0.89957476,1,0,0
0,-1.0043788,-0.8152864,-0.2782587,-0.34967452,0.02067353,-0.55136436,0.79955447,0,1,0
0,-0.5536425,0.13109854,0.6334864,-0.88865477,0.7910166,-0.8354509,1.2996587,0,1,0
0,1.7000542,1.9562253,-0.6484825,-0.0103164045,-0.70250565,-0.3180392,-0.50071657,0,0,1
0,0.14750452,-0.27449208,-0.7811,1.3670776,-0.4038012,1.4724336,-0.70075804,0,0,1
0,-0.6037277,-0.95046955,-1.1513237,2.2753592,-0.4195225,2.3038821,-0.20065387,0,1,0
0,0.44800046,0.67187226,-0.22300144,-0.19995777,0.052116103,-0.29614478,0.09940883,0,1,0
0,0.49808568,1.4830534,-1.5215474,1.8960768,-0.7968334,1.4239384,1.1996374,0,1,0
1,-1.8056961,-1.7616508,7.1483197,-3.4338398,1.6556873,-4.3094645,0.999596,0,1,0
0,-1.8557814,-1.8968339,-0.47165918,0.24919248,-1.1427017,0.17581835,0.89957476,0,0,1
0,0.7484964,0.53666854,-0.48271063,0.4088902,0.7752953,0.3943883,-0.70075804,0,0,1
0,0.14750452,-0.13930896,-0.52691644,0.1992869,-1.6457828,0.063809104,-0.50071657,0,0,1
0,-1.7055258,-1.7616508,-0.10143542,-0.14007123,1.0268359,-0.1253866,0.79955447,0,1,0
0,-0.7038828,-1.0856733,-0.30036163,0.2891171,-1.0955378,0.36248466,-0.20065387,0,1,0
0,-0.50355726,0.26628166,0.4732403,-0.28978798,0.36654183,0.028604724,1.399679,0,0,1
0,1.8503097,2.091429,-0.64295673,0.11943804,0.25649282,-0.13349205,-0.6007378,0,1,0
0,1.9504648,1.8210422,1.4402426,-1.5673709,0.7910166,-1.5873306,-1.2008623,0,1,0
0,-0.30323175,-0.6124808,-0.5932252,0.538645,0.46086955,0.4900505,-0.3006751,0,1,0
0,-1.5052003,-1.4236621,-0.46613345,0.8979651,1.5141958,1.1035346,0.89957476,0,1,0
0,1.2994031,0.67187226,0.28536552,-0.60918343,0.1778864,-0.59175456,-1.6009462,0,0,1
0,0.648326,0.26628166,0.5284976,-0.7489192,0.036394816,-0.66962403,-0.9007995,0,0,1
0,-1.0043788,-0.54487896,-0.068281054,-0.75890017,-0.13653934,-1.0273026,1.1996374,0,1,0
0,-0.6037277,-0.8828677,-0.515865,0.548626,-0.92260367,0.5662402,-0.10063361,0,0,1
0,1.1491475,0.46908727,-0.22300144,-0.21992008,0.46086955,-0.3254216,-1.6009462,0,1,0
1,0.047349393,0.8746573,5.744785,-2.7451425,-0.6867844,-2.7105994,1.1996374,0,1,0
0,-0.50355726,-1.0180714,0.4621888,-0.64910805,0.7281314,-0.5492161,-0.50071657,1,0,0
0,1.7501394,1.8886235,0.37377718,-0.16003315,-0.24658835,0.16740054,-0.70075804,0,1,0
0,0.097434595,1.0774629,0.67769223,-1.1182206,0.85390174,-1.1844475,1.399679,1,0,0
0,1.9504648,1.9562253,-0.07380678,0.24919248,1.356983,0.47464052,-1.0008208,0,1,0
0,0.99890715,0.6042704,-0.24510434,-0.14007123,-0.8754398,-0.22339241,-1.100842,0,1,0
0,1.3494883,1.3478497,1.5949631,-1.5973141,-0.70250565,-1.57444,-0.70075804,0,1,0
0,0.29776013,-0.34209394,-0.5655966,-0.0003354402,-0.828276,-0.24556004,-1.100842,0,1,0
0,0.7985816,0.4014854,0.08643933,0.039589178,0.49231213,0.27610952,-1.0008208,1,0,0
0,1.7000542,1.8210422,-0.9745004,0.548626,-1.2841933,0.19744869,-0.70075804,0,1,0
0,0.047349393,0.33388352,-0.26168153,1.0876064,0.052116103,1.5574123,0.39947057,0,1,0
0,-0.50355726,-0.6800827,-0.38877326,0.009645524,-1.48857,-0.10621691,-0.0006123865,0,1,0
0,-1.755611,-1.626447,-0.6871626,0.41887155,-0.02649033,0.24886397,1.0996172,0,1,0
0,-1.3048747,-0.4772977,-0.12906405,0.29909807,-0.38807994,0.5071593,1.8997831,1,0,0
0,0.097434595,1.212646,1.4291912,-1.677163,1.6085235,-1.7852173,1.5997214,0,1,0
0,-0.10290622,0.7394741,-0.22852716,-0.18997681,1.0739998,-0.28522718,1.2996587,0,0,1
0,-1.7055258,-1.7616508,-0.41087618,0.77819157,1.2469339,0.9797089,0.79955447,0,1,0
0,-0.90420836,-0.6800827,0.31299418,-0.27980664,-0.32519478,-0.060876276,0.79955447,0,1,0
0,1.8002245,1.9562253,1.8436208,-1.6472197,-1.5828978,-1.5604266,-0.70075804,0,1,0
0,-0.10290622,0.4014854,0.8545155,-0.8686927,0.20932898,-0.6808836,0.79955447,0,0,1
0,-1.2547895,-1.1532751,0.31299418,-0.31973127,-0.48240766,-0.12321874,0.79955447,0,1,0
0,-0.95429355,-0.6124808,0.18037671,-0.24986336,0.2879354,-0.10200823,0.999596,0,0,1
1,0.94882196,0.67187226,6.363666,-2.785067,-1.2055868,-2.6789982,-0.9007995,0,1,0
0,-1.9058514,-1.8292526,-0.34456745,-0.47942898,-0.85971856,-0.7816433,1.0996172,0,0,1
0,0.44800046,0.19867977,-1.206581,0.87800276,0.6652463,0.4365361,-0.6007378,0,1,0
0,1.1992327,0.67187226,0.18590243,-0.34967452,1.3412616,-0.25195616,-1.4009037,0,1,0
0,-1.0043788,-0.74768454,0.21353106,-0.43950474,0.71241015,-0.3728231,0.89957476,0,1,0
0,-0.6037277,0.063496664,-0.21194997,0.8680218,1.3255403,1.2796736,1.2996587,0,0,1
0,-1.2047043,-0.8152864,-0.68163687,0.5885506,-0.105096765,0.48825374,1.1996374,0,0,1
0,-0.90420836,-0.54487896,-0.08485824,-0.5393159,0.8381804,-0.709379,0.999596,0,0,1
0,-1.3048747,-0.8828677,-0.16221842,-0.3796178,-0.24658835,-0.52074975,1.2996587,0,1,0
0,0.49808568,0.6042704,0.15827379,-0.17999546,1.0111146,-0.009471009,-0.10063361,0,1,0
0,-1.35496,-0.8828677,-0.48823637,0.37894693,-1.3156358,0.34757283,1.399679,0,0,1
0,1.3995582,1.4154516,-0.106961146,-0.0103164045,-0.938325,0.063809104,-0.70075804,0,1,0
0,0.6984112,0.19867977,-0.26168153,0.13940035,1.3727041,0.17325981,-1.100842,0,1,0
0,0.8987367,-0.2068902,0.32404563,-0.9585227,0.25649282,-1.1147615,-2.10105,0,1,0
0,2.1007204,2.294214,0.15827379,-0.2398824,-1.2999146,-0.10134389,-0.8007793,0,1,0
0,-0.50355726,-0.95046955,-0.58217376,0.5885506,0.0049522435,0.5689358,-0.40069535,0,1,0
0,0.8987367,0.4014854,-0.44403055,0.019626869,0.319378,-0.13112885,-1.2008623,0,0,1
0,1.0990776,0.8746573,0.16932525,-0.38959914,-1.6929468,-0.32397634,-0.9007995,0,1,0
0,0.24767493,-0.071707085,-0.20089853,-0.25984433,1.0582784,-0.36936617,-0.6007378,0,1,0
0,0.34784535,0.46908727,-0.4937621,0.33902267,-0.4352438,0.28665602,-0.0006123865,0,1,0
0,-0.85413843,-1.0180714,0.49534318,-0.28978798,0.979672,0.043096278,0.1994291,0,0,1
0,-0.5536425,-1.0856733,0.5119204,-0.8187871,-1.4256848,-0.7907054,-0.50071657,1,0,0
0,0.39791524,0.46908727,-1.0021291,0.80813485,1.4198681,0.5200303,-0.10063361,0,1,0
0,0.8987367,-0.13930896,0.036707778,-0.020297749,0.20932898,0.15001805,-2.001029,0,0,1
0,0.097434595,-0.54487896,0.70532084,-1.0084282,-0.5138502,-0.99131685,-1.0008208,0,1,0
0,1.7000542,1.5506347,-1.3944558,1.4768697,-0.84399724,1.0285944,-1.100842,0,1,0
0,0.8486668,0.063496664,1.1252762,-1.2679373,1.6085235,-1.2119572,-1.6009462,0,0,1
0,0.29776013,-0.00410521,-0.31141308,0.39890924,-0.16798191,0.51340926,-0.6007378,1,0,0
0,0.097434595,0.19867977,-0.72584265,0.24919248,-1.6929468,-0.015095786,0.09940883,1,0,0
0,-0.80405325,-1.1532751,-0.36667037,-0.0103164045,1.1997701,-0.11932242,-0.10063361,0,1,0
0,-0.45347208,0.19867977,1.6502203,-1.5973141,2.0015557,-1.5510029,1.1996374,0,0,1
0,-0.50355726,-0.071707085,0.5008689,-0.59920245,-0.24658835,-0.4467279,0.89957476,0,1,0
0,-0.15297614,-0.4772977,1.3242024,-1.4475974,0.33509928,-1.4286908,-0.40069535,0,1,0
0,-1.35496,-1.1532751,-0.71479124,0.80813485,-1.3313571,0.76428354,0.999596,0,1,0
0,1.7501394,1.9562253,0.43456018,-0.9585227,0.35082054,-1.0553877,-0.6007378,0,0,1
0,1.9003797,1.6858385,-0.51033926,0.6584181,1.4198681,0.72611994,-1.3008834,1,0,0
0,0.34784535,0.80707604,1.2689451,-1.3477862,-0.70250565,-1.2808424,0.49949178,0,0,1
0,-0.95429355,-1.3560601,0.90977275,-0.9086171,-0.73394823,-0.7168789,-0.10063361,0,1,0
0,-0.95429355,-0.95046955,-0.6871626,0.62847483,-1.268472,0.53904384,0.49949178,0,0,1
0,0.44800046,0.53666854,0.32957137,-0.6990136,-1.5828978,-0.70580465,-0.10063361,0,0,1
0,0.047349393,-0.13930896,-0.60427666,1.6665112,-1.0012101,2.0591795,-0.3006751,0,1,0
0,1.2994031,1.1450647,-0.60427666,1.1674553,-1.1898656,1.3609512,-0.9007995,0,0,1
0,0.34784535,-0.00410521,-0.79767716,0.7981539,-0.35663736,0.68020284,-0.70075804,0,1,0
0,0.14750452,1.1450647,0.58928055,-1.1082394,1.4198681,-1.2133728,1.399679,0,0,1
0,0.7484964,0.46908727,-0.68163687,1.317172,-0.60817796,1.4976871,-0.8007793,0,0,1
0,1.4496434,1.6182365,0.05881069,-0.3097499,1.356983,-0.2733916,-0.50071657,0,1,0
1,1.3494883,1.0774629,6.4631295,-3.0246136,-1.6615041,-3.2926385,-1.100842,0,0,1
0,1.2994031,0.19867977,-0.333516,0.039589178,-0.04221162,-0.02372852,-2.301092,0,1,0
0,0.097434595,-0.071707085,0.14722234,-0.3596555,0.979672,-0.29219976,-0.3006751,0,1,0
0,1.1992327,1.212646,0.020130593,-0.88865477,-0.1837032,-1.1725633,-0.6007378,0,1,0
0,-0.85413843,-1.5588452,0.20247962,-0.61916476,0.99539334,-0.6568017,-0.6007378,0,1,0
0,-1.4551151,-1.1532751,-0.23957862,0.57856923,1.2940978,0.8322312,1.1996374,0,1,0
0,-0.90420836,-0.6800827,5.02644,-2.6153882,-0.98548883,-2.5583854,0.79955447,0,1,0
0,0.24767493,0.33388352,-0.91924316,0.73826736,-0.81255466,0.4966324,-0.0006123865,0,1,0
0,0.14750452,-0.34209394,-0.74241984,0.9378897,-0.48240766,0.9191632,-0.8007793,0,0,1
0,1.1992327,0.67187226,-0.64295673,0.61849385,1.2312126,0.56131846,-1.4009037,0,1,0
0,-0.95429355,-1.626447,2.2691019,-1.9666156,1.4827532,-1.9930841,-0.50071657,0,1,0
0,0.49808568,0.6042704,-0.61532813,0.5286637,-0.95404625,0.45837134,-0.10063361,0,1,0
0,-0.45347208,0.33388352,-0.30036163,-0.21992008,-0.9697675,-0.3771005,1.399679,0,1,0
1,1.8002245,1.212646,-0.6540082,0.4787581,-0.105096765,0.3580219,-1.8009876,0,0,1
0,-1.9058514,-1.8968339,-0.13458979,-0.34967452,-1.0955378,-0.45869052,0.999596,0,1,0
0,0.648326,0.67187226,0.014604866,-0.6391271,-0.4352438,-0.7991428,-0.3006751,0,1,0
0,-1.1546191,-1.626447,2.1088557,-1.7071065,-0.6238992,-1.5628289,-0.10063361,0,1,0
0,-0.15297614,0.7394741,-0.5545451,0.48873943,1.0425571,0.45082274,1.399679,0,1,0
0,-0.50355726,0.19867977,-0.61532813,0.62847483,1.0582784,0.5978219,1.2996587,0,1,0
0,0.6984112,0.67187226,-1.6873193,1.5766809,0.6966889,0.8654726,-0.40069535,0,0,1
0,2.1007204,2.564601,-0.32246453,0.48873943,0.4451483,0.63497925,-0.40069535,0,0,1
0,0.49808568,1.5506347,0.05881069,-0.50937223,0.052116103,-0.5761201,1.2996587,0,1,0
0,-1.6053706,-1.4236621,-1.4828674,2.1356237,0.2722141,1.7621545,1.0996172,0,1,0
0,1.1491475,0.6042704,2.733263,-2.0265021,1.2940978,-1.9457414,-1.4009037,0,1,0
0,-0.6037277,-0.6800827,-0.23405288,0.37894693,0.6180824,0.54432666,0.1994291,1,0,0
0,-1.054464,-0.13930896,2.5453882,-1.8668044,-1.2370294,-1.6986564,1.8997831,0,1,0
0,-0.5536425,-1.0180714,-0.60980237,1.506813,0.5080334,1.8303663,-0.40069535,0,1,0
0,1.2493179,0.19867977,-0.09038396,-0.39958012,-0.56101406,-0.5045393,-2.2010705,0,1,0
0,-0.4033869,-1.0856733,-0.7921514,0.8480595,-1.6143403,0.7530531,-0.8007793,0,0,1
0,2.1007204,2.294214,1.0810703,-1.1082394,1.3255403,-0.96219623,-0.8007793,0,1,0
0,1.4496434,1.4154516,-1.1347466,1.4668888,-0.30947348,1.2670858,-0.8007793,0,1,0
0,-1.35496,-1.3560601,-0.7534713,0.4987204,-0.48240766,0.30667537,0.6995333,0,0,1
0,-1.1045492,-0.6124808,-0.5932252,0.25917345,-1.4256848,0.09849576,1.2996587,0,0,1
0,1.0990776,1.0774629,1.8380951,-1.9566344,1.4827532,-2.129429,-0.6007378,0,1,0
0,1.9003797,2.159031,-0.04617814,-0.06022199,0.8067379,0.031915024,-0.6007378,0,1,0
0,0.6984112,0.26628166,0.10854224,-0.39958012,1.3884255,-0.3779793,-1.0008208,0,1,0
0,-1.0043788,-0.8828677,-0.60427666,1.1874176,-0.95404625,1.3888801,0.6995333,0,0,1
0,0.19758973,-0.4772977,-0.7092655,0.15936227,0.82245916,-0.12665607,-1.100842,0,0,1
0,1.0489924,0.53666854,-0.19537279,-0.24986336,-1.0326527,-0.35102656,-1.3008834,0,0,1
0,-0.6537976,-0.13930896,-0.758997,1.4269642,0.319378,1.5755565,1.0996172,0,1,0
0,-0.80405325,-0.2068902,1.8270437,-1.7470309,0.979672,-1.749925,1.2996587,0,0,1
0,0.24767493,-0.34209394,-1.571279,2.2054913,0.47659084,1.7520082,-1.0008208,0,1,0
0,-1.054464,-0.6800827,0.2411597,-0.3297122,-0.057932902,-0.185395,1.0996172,0,1,0
0,-0.45347208,0.53666854,-0.12353833,-0.16003315,1.2154913,-0.17009294,1.6997416,0,0,1
0,-0.5536425,-0.8828677,-0.83083147,0.48873943,-0.60817796,0.23158893,-0.20065387,0,1,0
0,-0.95429355,-1.5588452,0.5174461,-0.9285792,0.5866399,-0.96301675,-0.40069535,0,0,1
0,-1.7055258,-1.626447,-0.44403055,0.019626869,-0.1837032,-0.13112885,0.999596,0,1,0
0,0.24767493,1.009861,-1.2342097,0.967833,-0.828276,0.52836984,0.999596,0,1,0
0,1.7000542,1.4830534,0.417983,-0.42952338,-0.81255466,-0.22842161,-1.2008623,0,0,1
0,-0.90420836,-1.4912639,1.4623456,-1.4875218,0.0049522435,-1.4369037,-0.40069535,0,1,0
0,-1.0043788,-1.626447,0.6334864,-1.1082394,0.24077155,-1.1907954,-0.40069535,0,1,0
0,1.9003797,2.159031,-0.18432134,0.68836176,0.7281314,1.0387311,-0.6007378,1,0,0
0,2.00055,2.226612,-0.6871626,1.2772474,-0.4038012,1.4372193,-0.70075804,0,0,1
0,-0.50355726,0.19867977,-0.5655966,0.77819157,-0.13653934,0.8490081,1.2996587,0,1,0
0,0.19758973,1.2802478,-0.5600708,0.66839945,-1.0483739,0.69920635,1.4997002,1,0,0
0,0.8486668,0.67187226,-0.013023773,-0.64910805,0.60236114,-0.8305583,-0.70075804,0,0,1
0,-0.35331696,0.33388352,-0.18984707,-0.12010892,-1.2213081,-0.15630397,1.1996374,0,1,0
0,0.59825605,0.063496664,-1.3502499,1.6565298,-1.0798166,1.2990385,-1.100842,0,0,1
0,1.2493179,1.4830534,1.0976475,-1.4675597,-1.4728488,-1.5647331,-0.3006751,0,1,0
0,-0.30323175,-0.8828677,-0.8750373,1.6665112,-0.08937548,1.787867,-0.70075804,0,1,0
0,-1.054464,-0.6124808,0.44008592,-0.52933455,-1.1741443,-0.372579,1.1996374,0,1,0
0,-0.50355726,-0.00410521,0.23563398,-0.80880594,-0.8911611,-0.9305271,0.999596,0,1,0
0,0.99890715,0.6042704,0.10301651,0.5286637,1.3412616,1.0334579,-1.100842,0,0,1
0,0.94882196,0.4014854,-0.70373976,0.64843714,-0.2937522,0.55305684,-1.3008834,0,0,1
0,-1.4551151,-1.0180714,-0.13458979,0.20926785,-0.4195225,0.36980873,1.399679,0,0,1
0,-2.106192,-2.5052302,-1.1181693,1.4569074,-0.32519478,1.2700546,0.49949178,0,1,0
0,-0.10290622,-0.4096958,-0.7645228,0.80813485,0.5551973,0.7220087,-0.40069535,0,0,1
0,0.7484964,0.33388352,-0.062755324,-0.42952338,1.4198681,-0.5317261,-1.0008208,0,1,0
0,0.34784535,1.2802478,-1.1623752,1.916039,0.20932898,1.8243995,1.1996374,1,0,0
1,1.0990776,0.4014854,-1.0684378,0.74824834,0.02067353,0.38479844,-1.6009462,0,1,0
0,-1.5052003,-1.4236621,0.16379952,-0.66907036,0.5237547,-0.7565169,0.89957476,0,0,1
0,0.59825605,-0.00410521,-0.52139074,0.5586069,-1.4099636,0.57590836,-1.2008623,0,0,1
0,0.34784535,1.5506347,-0.515865,0.538645,-0.34091607,0.55211973,1.5997214,1,0,0
0,0.097434595,1.0774629,-1.0131805,1.3471153,0.38226312,1.2257001,1.399679,0,1,0
0,0.29776013,0.67187226,0.020130593,-0.52933455,-0.2937522,-0.63011307,0.39947057,0,1,0
0,0.34784535,0.063496664,-0.902666,1.077625,-0.5138502,0.96738476,-0.6007378,0,1,0
0,0.6984112,0.26628166,0.82688683,-0.93856037,0.036394816,-0.8116231,-1.0008208,0,1,0
0,-0.80405325,-0.54487896,0.2411597,-0.45946667,0.067837395,-0.38635796,0.79955447,0,1,0
0,-0.0027358106,0.26628166,-1.1402723,0.90794605,0.36654183,0.5327743,0.39947057,0,1,0
0,1.1491475,0.6042704,1.230265,-1.5474086,-0.5452928,-1.6430912,-1.4009037,0,0,1
0,0.14750452,0.13109854,-0.60980237,0.46877712,1.4984745,0.3790662,-0.10063361,0,0,1
0,-1.2547895,-0.4772977,-0.7479456,0.34900364,1.3727041,0.1054096,1.7997628,0,1,0
0,-0.0027358106,0.33388352,0.10301651,-0.3297122,0.46086955,-0.27499303,0.49949178,1,0,0
0,-0.80405325,-1.5588452,0.478766,-0.88865477,0.9167869,-0.92048824,-0.70075804,1,0,0
0,-0.85413843,-0.6124808,-1.3447242,1.8661335,1.467032,1.5703416,0.79955447,0,0,1
0,0.44800046,0.33388352,0.89872134,-1.068315,-1.1898656,-0.9888462,-0.40069535,0,0,1
0,-1.35496,-1.1532751,0.05881069,-0.29976895,-0.84399724,-0.25825527,0.999596,0,1,0
0,1.7000542,1.2802478,-0.758997,0.9977762,-0.84399724,0.9868377,-1.500925,1,0,0
0,1.8002245,2.091429,-0.79767716,0.4088902,0.19360769,0.14891477,-0.50071657,0,1,0
0,1.0489924,0.67187226,-1.0408092,0.9478707,1.3884255,0.67185336,-1.100842,0,1,0
0,-0.0027358106,-0.34209394,1.0810703,-1.1082394,-0.4038012,-0.96219623,-0.50071657,1,0,0
0,-1.4050299,-0.95046955,0.12511942,-0.6990136,-0.37235865,-0.825041,1.399679,0,1,0
1,0.34784535,1.1450647,3.081384,-2.1063511,1.9543918,-1.9883673,0.999596,0,0,1
0,-0.753968,-0.4772977,-0.28378445,0.36896595,1.2783765,0.49130037,0.79955447,0,0,1
0,1.0489924,0.4014854,-0.5545451,-0.0003354402,-1.5828978,-0.23774782,-1.500925,0,1,0
0,-0.10290622,0.063496664,0.07538787,0.1992869,1.0897211,0.51087034,0.2994503,0,1,0
0,0.34784535,-0.4772977,-0.6319053,0.5286637,-0.12081805,0.44510007,-1.4009037,0,1,0
0,-1.054464,-1.626447,-1.3336728,1.2672665,0.38226312,0.82127446,-0.3006751,0,1,0
0,-0.6037277,-1.0856733,0.3572,-1.0483527,-1.4728488,-1.2379233,-0.40069535,0,0,1
0,0.097434595,-0.34209394,-0.24510434,-0.7389382,-0.92260367,-1.0993519,-0.70075804,0,1,0
0,-0.25314656,-0.6124808,1.7883635,-1.7470309,-0.45096508,-1.7653054,-0.40069535,0,1,0
0,0.24767493,-0.4096958,3.5344934,-2.3658602,-0.7653908,-2.3902736,-1.100842,0,0,1
0,-1.0043788,-1.7616508,0.36825144,-0.47942898,1.3727041,-0.33821428,-0.6007378,1,0,0
0,-1.0043788,-1.2208564,-0.14011551,-0.20993873,-1.5514551,-0.2552669,0.1994291,0,1,0
0,1.4496434,1.6182365,2.1199071,-1.6072953,2.1430473,-1.370567,-0.50071657,0,1,0
0,-0.6537976,-1.0856733,1.1639563,-1.417654,-0.56101406,-1.4496377,-0.3006751,0,1,0
0,-1.5552855,-1.4236621,-0.576648,0.15936227,0.49231213,-0.029157957,0.999596,0,1,0
0,-0.30323175,-0.54487896,0.13617088,-0.10014661,-1.2841933,0.09779272,-0.20065387,0,1,0
0,0.14750452,1.1450647,-1.228684,1.6465489,-1.5828978,1.4077767,1.399679,0,1,0
0,-0.5536425,-1.0856733,-0.4992878,0.23921151,0.649525,0.14091678,-0.50071657,1,0,0
0,-1.0043788,-0.95046955,-0.040652413,0.25917345,-0.84399724,0.514503,0.599513,0,1,0
0,-1.9058514,-2.0320377,0.014604866,0.05955111,-1.2527508,0.2549377,0.79955447,1,0,0
0,-0.30323175,-0.6124808,-1.0352834,0.46877712,1.0111146,0.042950116,-0.3006751,0,0,1
0,-0.6037277,-0.13930896,0.13064516,-0.62914574,0.5551973,-0.71497464,0.999596,0,1,0
0,-0.85413843,-0.74768454,-0.8860888,1.4668888,-0.26230964,1.5074623,0.599513,0,1,0
0,0.8486668,0.063496664,-0.637431,1.0177386,-0.84399724,1.1220691,-1.6009462,0,1,0
0,-0.6537976,0.063496664,0.7550524,-0.64910805,-0.59245664,-0.37583104,1.399679,0,1,0
0,1.2493179,0.33388352,-0.068281054,-0.12010892,0.4451483,-0.07294635,-2.001029,0,0,1
0,-0.20306134,0.063496664,-0.8584601,0.9778139,-1.5200126,0.8719179,0.49949178,0,1,0
0,0.14750452,1.212646,-0.48823637,0.09947573,-0.828276,-0.049177304,1.4997002,0,1,0
0,0.14750452,-0.4772977,0.4014058,-0.39958012,0.7910166,-0.19165497,-1.0008208,0,1,0
0,0.49808568,-0.34209394,-0.60427666,0.8480595,0.22505026,0.91408485,-1.500925,0,1,0
0,0.44800046,0.33388352,0.42350873,-0.64910805,-1.2999146,-0.5721159,-0.40069535,0,1,0
0,0.29776013,0.6042704,-0.5876995,0.25917345,-0.105096765,0.102655716,0.2994503,0,1,0
0,0.648326,0.063496664,-0.38877326,-0.030278714,1.1211636,-0.16359892,-1.2008623,1,0,0
0,-1.1546191,-1.7616508,0.57270336,-0.34967452,-0.828276,-0.002449713,-0.3006751,0,1,0
0,-1.4551151,-1.0856733,-0.394299,0.43883386,1.4041468,0.5063001,1.2996587,0,1,0
0,-0.0027358106,0.94225913,0.3572,-0.13008988,1.2154913,0.20314221,1.399679,0,1,0
0,-0.5536425,-0.95046955,0.19142815,-0.64910805,0.319378,-0.70951563,-0.3006751,0,0,1
0,-0.15297614,-0.74768454,-0.3390417,0.09947573,-0.32519478,0.05892607,-0.8007793,0,0,1
0,0.34784535,0.33388352,-0.52139074,0.10945669,1.467032,-0.05908908,-0.20065387,0,1,0
0,-0.5536425,0.13109854,0.4621888,-0.27980664,1.0897211,0.03720786,1.2996587,0,1,0
0,-0.95429355,-1.2884582,-0.71479124,0.57856923,-0.5767354,0.44759032,-0.0006123865,0,1,0
0,0.047349393,-0.4772977,0.6334864,-0.8986359,1.467032,-0.8516026,-0.8007793,0,1,0
0,0.8987367,-0.00410521,-0.8087286,0.48873943,1.577081,0.2491276,-1.8009876,0,1,0
0,0.7484964,0.46908727,-0.16221842,-0.39958012,-0.6867844,-0.5502415,-0.8007793,0,0,1
0,-1.2047043,-0.8828677,-0.72584265,1.4768697,0.6180824,1.6761209,1.0996172,0,0,1
0,-0.10290622,-0.4096958,-0.5711223,1.1574739,0.7910166,1.3772204,-0.40069535,0,1,0
0,0.14750452,-0.071707085,-0.74241984,1.2073796,1.5299171,1.2896149,-0.40069535,1,0,0
0,-1.35496,-0.74768454,1.4347169,-1.5474086,0.46086955,-1.5545673,1.5997214,0,0,1
0,0.648326,0.4014854,-0.32246453,0.089494765,-0.7968334,0.056474987,-0.70075804,0,1,0
0,-0.6537976,-0.27449208,1.191585,-1.3078618,-0.5452928,-1.248519,0.89957476,1,0,0
0,-0.052821014,0.94225913,-0.23405288,-0.29976895,0.85390174,-0.44975498,1.4997002,1,0,0
0,0.24767493,0.19867977,-1.123695,1.7064353,-1.2370294,1.5908881,-0.20065387,0,1,0
0,0.99890715,0.53666854,1.2578937,-1.2579561,-1.5200126,-1.1307182,-1.2008623,0,1,0
0,-0.30323175,0.46908727,0.06433642,0.11943804,-1.6457828,0.3814977,1.2996587,0,1,0
0,0.8987367,0.13109854,-0.455082,0.039589178,1.6556873,-0.110523485,-1.6009462,0,1,0
0,-1.35496,-1.0180714,1.2413164,-0.91859823,0.6338037,-0.5530541,1.1996374,0,1,0
0,-0.5536425,-0.27449208,-0.58217376,0.37894693,1.1368849,0.2748596,0.6995333,0,0,1
0,0.59825605,-0.071707085,0.57270336,-0.70899457,0.99539334,-0.5800556,-1.3008834,0,1,0
0,-2.106192,-2.5052302,-0.52691644,0.548626,-0.49812892,0.55735385,0.49949178,0,0,1
0,-1.5552855,-1.5588452,-0.637431,0.32904133,0.19360769,0.16255713,0.79955447,0,1,0
0,-0.90420836,-0.6800827,-0.69821405,1.496832,0.5866399,1.7304753,0.79955447,0,1,0
0,0.99890715,0.26628166,1.5949631,-1.3677485,-0.4038012,-1.1638622,-1.6009462,0,0,1
0,0.24767493,-0.00410521,-0.73689413,1.0177386,0.1778864,1.033829,-0.50071657,0,0,1
0,0.19758973,-0.27449208,-0.5932252,0.46877712,1.3255403,0.3921617,-0.8007793,0,1,0
0,-0.052821014,-0.34209394,1.3242024,-1.3877106,0.96395075,-1.3244545,-0.40069535,0,1,0
0,-1.4050299,-1.4236621,0.009079138,-0.42952338,0.96395075,-0.48640507,0.6995333,0,0,1
0,-1.4551151,-1.2208564,-0.62085384,0.5186827,0.4451483,0.4400126,1.0996172,0,1,0
0,-0.90420836,-1.4236621,-0.7534713,0.5087014,1.3412616,0.320376,-0.3006751,0,0,1
0,1.4496434,1.4830534,-0.16221842,0.13940035,-0.21514577,0.24603176,-0.70075804,0,1,0
0,1.4496434,1.6182365,0.66111505,-0.6890327,0.6966889,-0.49624854,-0.50071657,0,0,1
0,-1.054464,-1.8292526,-0.6595339,0.77819157,0.99539334,0.7696543,-0.6007378,0,0,1
0,1.1491475,0.063496664,0.8213611,-0.9585227,0.115001254,-0.84757924,-2.2010705,1,0,0
0,-0.0027358106,0.94225913,-0.17326988,-0.17999546,-1.4099636,-0.23329462,1.399679,0,1,0
0,0.7985816,0.33388352,0.34614855,-0.7688815,-1.6615041,-0.80564684,-1.100842,1,0,0
0,-1.0043788,-1.2208564,0.3958801,-0.93856037,1.3727041,-1.0447047,0.1994291,0,1,0
0,-0.5536425,-0.2068902,-0.4992878,0.87800276,0.6180824,1.0465237,0.79955447,0,1,0
0,-1.3048747,-0.8152864,-0.42745337,0.967833,0.38226312,1.2369694,1.399679,0,1,0
0,0.24767493,0.94225913,-0.5379679,0.69834274,-0.85971856,0.75969374,0.89957476,0,1,0
0,1.3494883,0.80707604,0.031182049,-0.4894103,0.319378,-0.5629855,-1.500925,0,1,0
0,-0.0027358106,-0.2068902,0.2577369,-0.21992008,-0.07365419,-0.004275614,-0.3006751,0,1,0
0,-1.4050299,-1.4236621,-0.5434936,-0.0003354402,1.3727041,-0.22993515,0.6995333,0,1,0
0,1.3995582,1.4830534,-0.44955626,1.0975873,-1.0326527,1.4026496,-0.6007378,0,1,0
0,1.2493179,0.19867977,0.29089126,-0.7389382,1.0425571,-0.7905492,-2.2010705,0,1,0
0,-0.5536425,-0.00410521,-0.31693882,0.10945669,-0.4038012,0.08941407,1.0996172,0,1,0
0,1.1992327,0.13109854,3.7831511,-2.3958035,0.7281314,-2.3837993,-2.2010705,0,1,0
0,2.0506353,2.226612,-0.5600708,0.548626,1.2626551,0.5306943,-0.8007793,0,1,0
0,0.34784535,1.5506347,0.20800534,-0.6790513,-0.12081805,-0.7459016,1.5997214,0,1,0
0,0.94882196,0.33388352,-0.34456745,0.23921151,0.319378,0.25685194,-1.4009037,0,1,0
0,1.2493179,1.009861,-0.10143542,0.4088902,-1.1112591,0.6915407,-1.0008208,0,1,0
0,1.1992327,0.7394741,0.6224349,-0.60918343,0.49231213,-0.38981488,-1.3008834,0,1,0
0,-0.7038828,-0.2068902,-1.3557756,1.9360013,-0.057932902,1.6473322,1.0996172,0,1,0
0,0.7484964,0.53666854,0.28536552,-1.0383716,-1.1741443,-1.2598368,-0.70075804,1,0,0
0,-0.45347208,-0.34209394,-1.1071179,0.8181162,-0.34091607,0.4438602,0.39947057,0,0,1
0,-2.106192,-2.3024244,0.45113736,-0.83874923,-0.19942449,-0.85652435,0.79955447,0,1,0
0,2.00055,1.8210422,-0.46060774,1.1175497,0.82245916,1.4211258,-1.3008834,0,0,1
0,1.3494883,0.33388352,0.15827379,-0.3097499,-1.2527508,-0.20852931,-2.2010705,1,0,0
0,2.0506353,2.4294178,-0.5434936,0.36896595,0.36654183,0.2907281,-0.50071657,0,0,1
0,-0.95429355,-0.071707085,0.56717765,-0.9585227,-0.7811121,-0.9841394,1.7997628,0,1,0
1,-1.0043788,-0.8828677,-0.333516,1.8461711,1.0739998,2.5904684,0.6995333,0,0,1
0,1.1992327,1.212646,-0.2561558,-0.16003315,0.38226312,-0.26009122,-0.6007378,0,1,0
0,1.8002245,1.2802478,0.025656322,-0.28978798,-0.30947348,-0.2648563,-1.7009664,1,0,0
0,0.94882196,0.67187226,0.54507476,-0.45946667,0.13072254,-0.19622518,-0.9007995,0,0,1
0,-0.80405325,-0.27449208,-0.34456745,-0.43950474,-0.105096765,-0.7239489,1.1996374,0,1,0
0,-0.85413843,-0.6124808,-0.5655966,-0.19995777,-0.23086706,-0.52621835,0.79955447,0,1,0
0,-1.2547895,-0.6124808,0.3958801,-0.9784848,1.6242448,-1.1076326,1.5997214,0,1,0
0,-1.0043788,-1.4912639,0.26878834,-0.45946667,0.09927996,-0.3690734,-0.20065387,1,0,0
0,-0.6037277,-0.13930896,-0.8971402,0.9578516,-1.268472,0.8109816,0.999596,0,0,1
0,-0.6537976,-1.0180714,-0.32799026,0.2192492,-0.7811121,0.24036783,-0.20065387,0,1,0
0,-0.6537976,-0.2068902,0.1416966,-0.070203334,-0.21514577,0.14744996,0.999596,1,0,0
0,-0.6037277,-1.1532751,0.5229718,-1.2080506,-1.5042913,-1.4068068,-0.50071657,0,1,0
0,1.3494883,0.53666854,0.08643933,-0.38959914,-1.1427017,-0.37685645,-1.9010079,0,0,1
0,-1.35496,-1.0180714,-0.106961146,0.23921151,0.99539334,0.43489552,1.1996374,0,0,1
0,-0.6037277,-0.74768454,-0.7811,1.147493,-1.6929468,1.1720879,0.09940883,0,1,0
0,0.39791524,0.80707604,-0.96344894,1.1674553,0.052116103,1.0327839,0.39947057,0,0,1
0,0.99890715,0.6042704,-0.515865,0.39890924,-0.6867844,0.35442838,-1.100842,0,1,0
0,0.54817086,0.4014854,-0.333516,0.10945669,-0.56101406,0.07737313,-0.50071657,0,0,1
0,0.34784535,0.53666854,-0.41087618,0.5186827,-0.24658835,0.60774326,0.09940883,0,0,1
0,2.0506353,2.226612,1.0644932,-1.1481639,0.38226312,-1.0383177,-0.8007793,0,1,0
0,-1.1546191,-1.0856733,-1.38893,0.9478707,-0.26230964,0.3673185,0.6995333,1,0,0
0,-0.4033869,0.4014854,0.90977275,-0.93856037,0.82245916,-0.76679975,1.399679,1,0,0
0,1.0489924,0.67187226,1.0479159,-1.3877106,1.6085235,-1.4518938,-1.100842,1,0,0
0,-0.20306134,-0.54487896,0.34614855,-0.26982567,-1.2055868,-0.023435283,-0.40069535,0,1,0
0,-0.35331696,-1.0180714,-0.16221842,0.538645,-0.56101406,0.8358639,-0.8007793,0,1,0
0,0.44800046,0.8746573,0.40693155,-0.7289569,0.979672,-0.7079433,0.39947057,0,1,0
0,-0.25314656,-0.6124808,-0.6484825,0.5286637,-0.07365419,0.43182883,-0.40069535,0,0,1
0,-1.3048747,-0.54487896,-0.6595339,0.5586069,1.3412616,0.46458212,1.7997628,0,1,0
0,-1.1546191,-0.74768454,-0.04617814,0.82809716,-0.37235865,1.3625431,1.1996374,0,0,1
0,-1.1045492,-0.4096958,-0.24510434,-0.34967452,0.38226312,-0.5299781,1.5997214,0,0,1
0,0.39791524,1.1450647,0.78268105,-0.8686927,1.7814577,-0.720619,0.89957476,0,1,0
0,-0.0027358106,0.26628166,-0.8529344,1.2073796,0.319378,1.1878589,0.39947057,0,0,1
0,-1.4551151,-0.95046955,0.98160726,-0.8686927,-0.73394823,-0.6105823,1.4997002,0,0,1
0,-1.9058514,-2.0996394,-0.07380678,-0.50937223,0.5080334,-0.657915,0.6995333,0,1,0
0,1.0990776,0.94225913,-0.82530576,0.80813485,-1.0640953,0.6703398,-0.8007793,0,1,0
0,-1.3048747,-1.3560601,-0.86398584,0.61849385,1.2626551,0.38085338,0.599513,0,1,0
0,1.1992327,1.2802478,-0.95792323,0.728286,0.85390174,0.45089105,-0.50071657,1,0,0
0,-1.35496,-1.1532751,-1.2728897,2.1456046,-0.81255466,2.0027843,0.999596,0,1,0
0,0.8486668,0.4014854,-0.880563,0.57856923,-0.59245664,0.31341344,-1.100842,0,0,1
0,1.599899,0.94225913,-0.14011551,0.11943804,1.9229492,0.23263347,-1.8009876,0,1,0
0,-0.25314656,-0.6124808,-1.0076548,0.728286,-0.02649033,0.4093197,-0.40069535,0,1,0
0,0.34784535,0.46908727,-0.1787956,0.6085125,1.5928022,0.92557895,-0.0006123865,0,1,0
0,-0.4033869,0.26628166,-0.79767716,1.5367566,-0.49812892,1.6882883,1.1996374,0,0,1
0,0.097434595,-0.54487896,-0.59875095,1.1275307,-0.7968334,1.3101028,-1.0008208,0,1,0
0,-0.6537976,-0.95046955,1.0092359,-1.5274463,-0.6867844,-1.70516,-0.10063361,0,0,1
0,-0.35331696,-0.95046955,-0.31693882,-0.2398824,0.38226312,-0.41711918,-0.70075804,0,1,0
0,-0.6537976,-0.071707085,-0.41087618,-0.030278714,-0.56101406,-0.17910634,1.1996374,0,1,0
0,-1.3048747,-1.2208564,0.25221115,0.61849385,-1.1112591,1.2922026,0.79955447,1,0,0
0,1.3995582,1.4830534,-0.32246453,0.019626869,1.9229492,-0.044763267,-0.6007378,0,1,0
0,0.49808568,-0.27449208,1.0202874,-1.1880883,0.39798442,-1.1279252,-1.4009037,0,1,0
0,1.7000542,1.212646,3.28031,-2.1662378,1.5613596,-2.0469015,-1.6009462,0,0,1
0,-0.30323175,-0.8152864,-0.82530576,1.6964544,-0.24658835,1.8784217,-0.6007378,0,1,0
0,-0.50355726,0.19867977,-0.3556189,0.23921151,-0.23086706,0.24857073,1.2996587,0,1,0
0,0.7985816,0.33388352,0.296417,-0.54929686,-0.08937548,-0.49179533,-1.100842,0,1,0
1,0.7985816,0.46908727,-0.880563,1.1774362,1.7028512,1.1219913,-0.9007995,0,1,0
0,0.097434595,0.94225913,0.15827379,0.09947573,-1.1898656,0.41927063,1.1996374,0,1,0
0,-1.3048747,-1.1532751,-0.31141308,-0.12010892,-1.3313571,-0.2396616,0.89957476,0,1,0
0,-0.753968,-0.34209394,0.16379952,0.09947573,0.71241015,0.4232744,0.999596,0,1,0
1,0.99890715,0.26628166,-1.8088853,1.5567186,-0.45096508,0.72192085,-1.6009462,0,0,1
0,0.7985816,0.67187226,-0.30036163,0.009645524,0.539476,-0.04356209,-0.6007378,0,1,0
0,-1.2547895,-0.74768454,-0.82530576,0.4587958,0.5080334,0.19525167,1.399679,0,1,0
0,-0.35331696,-0.8152864,-1.0960665,0.76821065,1.4355893,0.38779682,-0.50071657,0,1,0
0,1.5498139,1.5506347,0.4621888,-0.83874923,-0.105096765,-0.8503527,-0.8007793,0,0,1
0,-0.45347208,0.13109854,-1.0352834,1.2772474,-1.0483739,1.1123818,1.0996172,0,1,0
0,-1.6554406,-1.4236621,0.2190568,-0.65908897,-0.9068824,-0.7085781,1.1996374,1,0,0
0,-0.4033869,0.4014854,-0.22852716,0.10945669,-0.30947348,0.15363115,1.399679,0,1,0
0,-1.8557814,-1.7616508,2.3133078,-2.0863888,-0.63962054,-2.2066736,1.0996172,0,0,1
0,1.8503097,2.0238273,-0.46060774,0.548626,-0.8911611,0.6106729,-0.70075804,0,1,0
0,-1.3048747,-1.1532751,-0.024075229,-0.5393159,-0.8911611,-0.6722117,0.89957476,0,0,1
0,-0.0027358106,-0.6124808,-0.59875095,0.538645,-0.27803093,0.48561686,-0.9007995,0,1,0
0,0.94882196,0.46908727,-0.74241984,0.87800276,-0.46668637,0.83684057,-1.2008623,0,1,0
0,0.29776013,-0.00410521,0.014604866,-0.60918343,-0.12081805,-0.7539679,-0.6007378,0,0,1
0,1.1491475,0.94225913,2.042547,-1.677163,-1.2999146,-1.5337379,-0.9007995,0,0,1
0,-1.0043788,-0.8828677,-0.5711223,0.8181162,1.467032,0.90043294,0.6995333,0,0,1
0,-0.6037277,-0.4772977,0.43456018,-0.4894103,1.0268359,-0.3127655,0.49949178,0,0,1
0,-1.1045492,-1.5588452,-0.18984707,-0.030278714,-1.2999146,-0.024031319,-0.10063361,0,1,0
1,0.34784535,0.26628166,-0.68163687,2.1755478,1.5928022,2.6868825,-0.3006751,0,1,0
0,-1.7055258,-1.5588452,-0.36114463,1.2572851,-0.105096765,1.7126434,1.0996172,0,0,1
0,0.19758973,-0.2068902,-0.9523975,1.1175497,0.5551973,0.97613454,-0.70075804,0,0,1
0,-0.25314656,-0.95046955,0.7329495,-0.9485415,1.0897211,-0.8787507,-0.9007995,0,1,0
0,0.7985816,0.53666854,2.3298848,-1.8168987,0.6338037,-1.6840278,-0.8007793,0,1,0
0,-0.4033869,-1.0180714,0.025656322,0.15936227,0.60236114,0.41364586,-0.70075804,0,1,0
0,0.34784535,0.80707604,-0.48271063,0.43883386,-1.1741443,0.43692634,0.49949178,0,1,0
0,-0.35331696,-0.95046955,-0.9302946,1.0476818,0.4451483,0.90241545,-0.70075804,0,1,0
0,-1.4050299,-0.95046955,-0.2174757,-0.28978798,0.8381804,-0.4242675,1.399679,0,1,0
0,1.1491475,0.80707604,-0.47165918,0.37894693,0.067837395,0.36040467,-1.100842,0,0,1
0,-0.25314656,-0.6800827,0.34614855,-0.8686927,1.6085235,-0.96208876,-0.50071657,0,0,1
0,-0.45347208,-0.34209394,-0.15116698,-0.10014661,-0.5138502,-0.10025018,0.39947057,0,1,0
0,-0.5536425,-0.071707085,0.29089126,-0.7988248,-0.74966955,-0.88382864,0.999596,0,1,0
0,-0.20306134,0.6042704,-0.035126686,-0.8187871,-0.26230964,-1.0981407,1.2996587,0,1,0
0,-0.6037277,0.063496664,0.6279607,-0.96850383,0.1778864,-0.9676257,1.2996587,0,1,0
0,-1.1045492,-1.6940489,0.23010825,-0.6890327,0.13072254,-0.74837226,-0.3006751,0,1,0
0,-1.1546191,-1.8968339,0.7108466,-0.21992008,-1.6143403,0.29841372,-0.50071657,0,1,0
0,-0.5536425,-0.54487896,-0.70373976,0.4088902,0.5080334,0.22212613,0.2994503,0,0,1
0,-0.15297614,-0.6124808,-0.36667037,-0.06022199,0.2722141,-0.1912447,-0.6007378,0,1,0
0,-0.45347208,0.4014854,-1.1789523,0.967833,-0.46668637,0.5769042,1.4997002,0,1,0
0,1.1491475,1.212646,-0.5324422,0.33902267,1.0582784,0.25698853,-0.50071657,0,0,1
0,0.047349393,-0.27449208,0.4732403,-0.19995777,-0.9697675,0.1714239,-0.50071657,0,0,1
0,-0.90420836,-1.626447,-0.94687176,1.1774362,-1.6143403,1.0612894,-0.6007378,0,1,0
0,0.6984112,0.33388352,-0.6540082,0.37894693,1.1683275,0.21925522,-0.9007995,1,0,0
0,-1.4050299,-1.0180714,-0.28931016,0.68836176,1.0268359,0.9517112,1.2996587,0,0,1
0,-0.4033869,0.4014854,-0.029600957,-0.030278714,-0.38807994,0.08839821,1.399679,0,1,0
0,0.6984112,0.46908727,0.2798398,-0.36963683,-1.0169314,-0.22241618,-0.70075804,0,1,0
0,1.1491475,0.8746573,-1.1071179,1.077625,0.24077155,0.7838339,-1.0008208,0,0,1
0,-0.6037277,-0.95046955,0.17485097,-0.62914574,-0.73394823,-0.6886471,-0.20065387,0,0,1
0,-0.45347208,0.4014854,-0.880563,0.46877712,0.979672,0.16517393,1.4997002,0,1,0
0,0.44800046,0.26628166,0.20247962,0.039589178,-0.24658835,0.35895944,-0.50071657,0,0,1
0,-1.5052003,-1.4236621,-0.6484825,1.2972097,0.115001254,1.5010853,0.89957476,0,0,1
1,1.1992327,0.46908727,-0.9800261,1.4768697,0.74385273,1.4299538,-1.7009664,0,1,0
0,0.097434595,-0.13930896,-0.80320287,0.73826736,-1.3627998,0.59383726,-0.40069535,0,0,1
0,2.0506353,2.159031,-0.95792323,0.6584181,-1.1427017,0.3575142,-0.9007995,0,1,0
0,0.34784535,0.33388352,0.3019427,-0.8986359,1.3884255,-1.0332397,-0.20065387,0,0,1
0,1.9003797,1.7534404,0.1416966,-0.39958012,1.1211636,-0.35688582,-1.2008623,0,1,0
0,-0.95429355,-0.8152864,-0.5932252,0.33902267,-0.6238992,0.21036841,0.6995333,0,1,0
0,0.99890715,0.6042704,0.13617088,-0.10014661,-1.4571275,0.09779272,-1.100842,0,1,0
0,0.44800046,0.46908727,1.108699,-1.4675597,0.8853443,-1.5597918,-0.20065387,0,1,0
0,0.7484964,0.33388352,0.4014058,-1.0184094,0.6338037,-1.167651,-1.0008208,0,0,1
1,0.94882196,0.6042704,-0.6650597,0.76821065,-1.378521,0.7511293,-1.0008208,0,0,1
0,-0.80405325,-0.74768454,-0.21194997,0.9977762,1.4984745,1.4702266,0.49949178,0,1,0
0,0.8987367,0.67187226,-1.2010553,1.2972097,0.9167869,0.98351735,-0.8007793,0,1,0
0,-1.6053706,-1.3560601,-0.9302946,1.4469265,-0.34091607,1.4379518,1.1996374,0,1,0
0,-1.3048747,-1.1532751,-0.37219608,0.548626,-1.6615041,0.68176556,0.89957476,0,1,0
0,1.1992327,0.80707604,-0.50481355,1.0476818,-0.85971856,1.2821442,-1.2008623,0,1,0
0,-0.7038828,-0.071707085,-1.0131805,1.9459823,-1.158423,2.0202153,1.2996587,0,1,0
0,0.097434595,0.19867977,0.296417,-0.38959914,-1.1269804,-0.24289404,0.09940883,0,0,1
0,0.39791524,0.53666854,-0.43297908,0.129419,-0.85971856,0.03366306,-0.0006123865,0,0,1
0,-0.4033869,-1.0856733,0.9484529,-1.1082394,1.4041468,-1.0299294,-0.8007793,0,1,0
0,1.0990776,0.46908727,0.15274806,-0.3596555,-0.12081805,-0.28864494,-1.500925,0,1,0
0,0.6984112,0.4014854,3.302413,-2.196181,-0.13653934,-2.1023593,-0.8007793,0,1,0
0,0.34784535,0.13109854,-0.333516,1.2273419,-1.5514551,1.6949973,-0.50071657,1,0,0
0,0.24767493,0.53666854,-0.16774416,-0.6990136,0.71241015,-0.99583834,0.2994503,0,1,0
0,-0.30323175,-0.8828677,-0.15116698,-0.27980664,0.2879354,-0.36602625,-0.70075804,0,1,0
0,0.7985816,0.6042704,-0.007498046,0.039589178,-1.48857,0.2090402,-0.70075804,0,1,0
0,1.1992327,1.212646,-0.3500932,0.6584181,0.036394816,0.8580902,-0.6007378,0,1,0
0,1.0990776,0.53666854,-0.7866257,0.75822926,-1.5200126,0.6350084,-1.4009037,1,0,0
0,0.19758973,-0.2068902,0.042233504,-0.19995777,1.1526061,-0.11802334,-0.70075804,0,0,1
0,-0.80405325,-0.74768454,0.20800534,-0.28978798,-1.6929468,-0.14529848,0.49949178,1,0,0
0,-0.4033869,-0.6124808,-0.71479124,0.7083237,-1.5514551,0.62659055,-0.10063361,1,0,0
0,0.39791524,0.19867977,-0.86398584,0.6584181,-1.3942423,0.43487594,-0.50071657,0,1,0
0,0.19758973,-0.27449208,0.17485097,-0.6391271,0.2879354,-0.7039883,-0.8007793,1,0,0
0,-1.2047043,-1.1532751,-0.09038396,-0.050241023,0.46086955,0.016006915,0.6995333,0,1,0
0,-0.6037277,-0.2068902,-0.9137174,1.8561522,0.24077155,2.0040436,0.89957476,0,1,0
0,0.44800046,-0.27449208,-0.8584601,0.23921151,0.36654183,-0.12821878,-1.3008834,0,1,0
0,1.1491475,0.13109854,-0.18432134,-0.61916476,-1.0169314,-0.887852,-2.10105,1,0,0
0,0.94882196,0.4014854,0.18590243,-0.33969358,-1.4571275,-0.23659536,-1.3008834,0,1,0
0,0.097434595,1.009861,-0.62637955,0.4288525,-0.5452928,0.31026888,1.2996587,1,0,0
0,-0.80405325,-1.3560601,0.17485097,-0.25984433,-0.9068824,-0.12101172,-0.40069535,0,1,0
0,-1.2547895,-0.8152864,-0.37772182,1.2273419,0.6966889,1.654139,1.2996587,0,0,1
0,-0.15297614,-0.54487896,-0.7645228,1.4070019,0.1621651,1.5428911,-0.50071657,0,1,0
0,-0.90420836,-0.8828677,0.36272573,-1.0583339,-0.95404625,-1.250716,0.49949178,0,1,0
0,0.8987367,0.46908727,0.77715534,-0.75890017,-0.49812892,-0.5432106,-1.100842,0,1,0
0,-0.20306134,-0.6124808,-0.7313684,1.0576627,-0.35663736,1.0936908,-0.50071657,0,1,0
0,-0.45347208,0.4014854,1.5397058,-1.587333,1.0268359,-1.5801235,1.4997002,0,1,0
0,1.7000542,1.8210422,0.3019427,-0.7189759,-0.45096508,-0.7530499,-0.70075804,0,0,1
0,1.7000542,1.5506347,0.68321794,-0.60918343,-0.46668637,-0.35339975,-1.100842,0,1,0
0,1.7501394,1.212646,2.1420102,-1.8069175,1.3727041,-1.7375914,-1.7009664,0,1,0
0,1.4997287,1.5506347,-0.32799026,0.13940035,0.2722141,0.124745026,-0.70075804,0,1,0
0,0.34784535,-0.27449208,1.0700189,-1.5174652,-0.35663736,-1.661704,-1.100842,0,1,0
0,-1.1546191,-0.6124808,-0.576648,-0.12010892,0.9010656,-0.4215332,1.399679,0,1,0
0,0.59825605,0.063496664,0.6997951,-0.50937223,-1.1112591,-0.18077606,-1.100842,0,0,1
0,-0.35331696,-1.0180714,-0.6484825,0.538645,-1.1112591,0.44571525,-0.8007793,0,0,1
0,-0.95429355,-0.4772977,-0.5324422,0.5286637,-0.59245664,0.5247276,1.1996374,0,1,0
0,0.44800046,0.46908727,-0.81425434,0.41887155,-0.16798191,0.14958866,-0.20065387,0,1,0
0,-0.6037277,-1.0180714,-0.068281054,-0.3796178,-1.6457828,-0.46065348,-0.3006751,0,1,0
0,1.1491475,0.67187226,-0.10143542,-0.51935357,-0.56101406,-0.6898091,-1.3008834,0,0,1
0,0.34784535,-0.071707085,1.3020995,-1.337805,0.649525,-1.2479817,-0.8007793,0,1,0
0,0.8987367,0.6042704,-1.328147,2.0358126,-0.938325,1.803189,-0.9007995,0,0,1
0,0.49808568,0.94225913,-0.32246453,-0.24986336,1.3412616,-0.4352534,0.39947057,0,1,0
0,-1.2547895,-0.95046955,-1.0629121,1.6964544,0.38226312,1.639071,1.0996172,0,0,1
0,-0.6037277,0.13109854,-0.068281054,-0.8786736,-0.08937548,-1.2062441,1.399679,0,0,1
0,-0.80405325,-0.6124808,-0.07933251,-0.070203334,-0.34091607,-0.0060628117,0.6995333,0,0,1
0,1.3494883,1.4154516,-0.3390417,-0.39958012,1.3098191,-0.66273934,-0.6007378,1,0,0
0,0.39791524,0.46908727,-0.31141308,0.079513416,-1.2527508,0.049980972,-0.10063361,0,0,1
0,0.24767493,-0.2068902,-0.8584601,0.85804045,0.5237547,0.7097337,-0.8007793,0,1,0
0,0.94882196,0.6042704,-0.5434936,0.36896595,-1.6929468,0.2907281,-1.0008208,0,0,1
0,0.7484964,0.6042704,-0.38877326,0.46877712,0.8853443,0.55367243,-0.6007378,0,1,0
0,-0.5536425,-0.95046955,2.9266634,-2.1263132,-1.268472,-2.0804555,-0.3006751,0,1,0
0,0.49808568,1.4830534,-0.92476887,0.69834274,-0.7653908,0.43841073,1.1996374,0,1,0
0,-1.2047043,-1.0856733,0.478766,-0.75890017,0.35082054,-0.71406627,0.79955447,0,1,0
0,0.14750452,-0.27449208,-1.1789523,1.2373232,-0.7968334,0.926526,-0.70075804,0,1,0
0,0.14750452,0.94225913,-0.9302946,1.0177386,0.02067353,0.8622502,1.0996172,0,0,1
0,-0.95429355,-1.4912639,0.5340233,-0.3297122,-0.8911611,0.004552459,-0.3006751,0,0,1
0,0.34784535,-0.34209394,-0.52139074,0.63845617,-1.3156358,0.6887964,-1.2008623,0,0,1
0,-1.2547895,-0.95046955,0.036707778,-0.61916476,0.49231213,-0.7558234,1.0996172,0,1,0
0,0.6984112,0.7394741,-0.38877326,-0.3097499,0.39798442,-0.5652703,-0.3006751,0,1,0
0,0.24767493,0.94225913,0.3958801,-0.7289569,-1.0012101,-0.7143299,0.89957476,0,1,0
0,0.49808568,-0.00410521,-0.32799026,0.34900364,-1.3627998,0.4282549,-1.0008208,0,1,0
0,0.14750452,-0.00410521,-0.013023773,-0.24986336,-1.598619,-0.23017967,-0.3006751,0,0,1
0,0.7484964,0.26628166,0.49534318,-0.5892215,0.68096757,-0.43414012,-1.100842,0,1,0
0,1.8002245,1.212646,-0.5932252,0.24919248,0.6652463,0.08451145,-1.8009876,0,0,1
0,1.8002245,1.6182365,-0.19537279,0.9478707,0.02067353,1.4114385,-1.2008623,0,0,1
0,-0.25314656,-0.54487896,0.8324126,-1.078296,0.0049522435,-1.039685,-0.3006751,0,1,0
0,1.3995582,0.7394741,1.0037102,-0.9984471,-0.32519478,-0.8168376,-1.7009664,0,1,0
0,0.59825605,0.67187226,0.721898,-0.6990136,1.4513106,-0.47700098,-0.20065387,0,1,0
0,-0.45347208,0.063496664,1.9596611,-1.9865776,-0.02649033,-2.1410892,0.999596,0,1,0
0,-0.753968,-1.1532751,-1.1347466,0.9778139,1.2312126,0.6287589,-0.20065387,0,1,0
0,0.8987367,0.7394741,-0.79767716,0.4587958,0.99539334,0.21702862,-0.70075804,0,0,1
0,1.3494883,0.6042704,-0.79767716,0.82809716,-0.4352438,0.7210712,-1.8009876,0,1,0
0,0.94882196,0.53666854,0.15274806,-0.070203334,-1.5514551,0.15512556,-1.100842,0,1,0
0,0.7985816,0.4014854,-0.3390417,-0.33969358,1.7342938,-0.5761392,-1.0008208,0,1,0
0,1.9504648,2.159031,0.46771455,-0.020297749,-0.010769043,0.45317638,-0.70075804,0,0,1
0,-0.753968,-0.54487896,2.4514508,-1.9765965,0.09927996,-1.9470304,0.6995333,0,1,0
0,0.7484964,0.33388352,-0.92476887,0.39890924,1.4984745,0.03646566,-1.0008208,0,1,0
0,0.047349393,-0.2068902,-1.0408092,1.8162279,0.74385273,1.8196532,-0.40069535,0,1,0
0,1.2493179,0.33388352,-0.1787956,0.019626869,1.467032,0.057305068,-2.001029,0,0,1
0,0.39791524,-0.2068902,-1.5547018,1.4868511,0.94822943,0.8856873,-1.100842,0,0,1
0,-0.20306134,-0.6800827,-0.07933251,0.27913576,0.82245916,0.51516736,-0.6007378,0,1,0
0,-1.4551151,-1.4912639,-0.61532813,0.36896595,1.1211636,0.23525076,0.6995333,0,1,0
0,-1.6053706,-1.7616508,0.05328496,0.82809716,-0.04221162,1.4474438,0.599513,0,1,0
0,-0.5536425,0.4014854,-0.9745004,1.2572851,1.2940978,1.1424792,1.6997416,0,1,0
0,-1.5552855,-1.0856733,-0.82530576,0.17932458,1.1997701,-0.184819,1.4997002,0,1,0
0,0.24767493,-0.071707085,-1.0850149,2.3651893,0.25649282,2.495509,-0.6007378,0,0,1
0,0.39791524,0.7394741,0.8766184,-1.5174652,0.759574,-1.7464677,0.2994503,1,0,0
0,1.9003797,1.9562253,-0.9523975,0.9877953,1.3255403,0.80259335,-0.9007995,0,1,0
0,-0.80405325,-1.2208564,-0.062755324,-0.3796178,1.3884255,-0.45711824,-0.20065387,0,1,0
0,-0.5536425,0.063496664,0.05328496,0.019626869,-0.67106307,0.22218487,1.1996374,0,0,1
0,0.7985816,0.6042704,-0.6650597,1.0177386,-0.8911611,1.0975579,-0.70075804,1,0,0
0,-0.6037277,-0.2068902,-0.637431,0.9578516,0.33509928,1.0386332,0.89957476,0,1,0
0,-0.5536425,0.13109854,-0.26720726,0.5087014,-0.105096765,0.70794654,1.2996587,0,1,0
0,0.6984112,0.33388352,0.5948063,-0.66907036,-0.35663736,-0.5028696,-0.9007995,0,1,0
0,0.047349393,0.4014854,-0.9137174,0.538645,0.1778864,0.23290713,0.49949178,0,1,0
0,1.8002245,1.8886235,1.5783858,-1.4775406,-1.2370294,-1.3676082,-0.8007793,0,0,1
0,0.7484964,0.6042704,-0.7700485,1.077625,-1.6615041,1.086445,-0.6007378,0,1,0
0,-2.106192,-2.3700264,-1.0021291,0.9179274,-0.70250565,0.6659062,0.6995333,0,1,0
0,1.4496434,1.4830534,-1.3668271,1.4369456,0.4451483,1.004884,-0.70075804,0,0,1
0,0.94882196,-0.27449208,0.06433642,-0.5393159,1.6242448,-0.6181504,-2.301092,0,0,1
0,0.44800046,0.53666854,-0.34456745,-0.16003315,-1.2055868,-0.32008958,-0.10063361,1,0,0
0,0.29776013,0.46908727,-0.21194997,0.5286637,1.0582784,0.7813045,0.09940883,1,0,0
0,1.0990776,1.0774629,0.3019427,-0.31973127,-0.4038012,-0.13040623,-0.6007378,1,0,0
0,-0.5536425,0.063496664,0.6390121,-0.8487304,1.0111146,-0.7677664,1.1996374,0,0,1
0,-1.3048747,-1.1532751,-0.74241984,1.1674553,0.0049522435,1.2347331,0.89957476,0,0,1
0,0.39791524,0.6042704,-1.2618383,1.5766809,0.1621651,1.2850542,0.09940883,0,1,0
0,-0.4033869,-1.0856733,1.6667975,-1.7170876,-1.0640953,-1.7597098,-0.8007793,0,1,0
0,-1.2547895,-0.95046955,-0.32246453,-0.12010892,-1.4728488,-0.24723977,1.0996172,1,0,0
1,0.59825605,1.0774629,-0.43297908,1.2872288,1.577081,1.6886694,0.39947057,0,1,0
0,0.49808568,0.063496664,1.1971107,-0.9285792,-1.6615041,-0.5942639,-0.9007995,1,0,0
0,0.59825605,0.46908727,0.020130593,-0.70899457,-1.0640953,-0.90133816,-0.50071657,0,0,1
0,-0.90420836,-0.74768454,0.7937325,-0.8287681,-0.52957153,-0.648765,0.6995333,0,1,0
0,0.34784535,1.009861,0.16379952,-0.3596555,-1.378521,-0.28153574,0.79955447,0,0,1
0,0.19758973,-0.2068902,-0.001972318,-0.22990105,0.759574,-0.19279741,-0.70075804,0,0,1
0,0.94882196,0.67187226,-0.46613345,0.59853154,-1.2370294,0.6772732,-0.9007995,0,1,0
0,-0.30323175,-0.6124808,-1.3005184,1.0476818,0.71241015,0.57200205,-0.3006751,0,1,0
0,1.8002245,1.8886235,0.89319557,-0.91859823,-1.5042913,-0.74254256,-0.8007793,0,1,0
1,1.599899,0.94225913,-1.0408092,1.3770586,-1.5671765,1.2391567,-1.8009876,0,1,0
0,-0.50355726,-0.8828677,-0.1787956,-0.24986336,0.4137057,-0.34004062,-0.3006751,0,1,0
0,-1.2547895,-0.95046955,-0.14011551,-0.3097499,0.4137057,-0.40311527,1.0996172,0,1,0
0,-0.30323175,-0.95046955,1.1418533,-1.317843,-0.010769043,-1.2892115,-0.8007793,0,1,0
0,-1.1045492,-1.7616508,2.003867,-1.5673709,0.33509928,-1.3452845,-0.40069535,0,0,1
0,-0.5536425,-1.1532751,-0.5932252,0.8879841,-1.0955378,0.97949404,-0.6007378,0,1,0
0,-0.6037277,0.063496664,-0.31141308,0.538645,1.3255403,0.71615946,1.2996587,1,0,0
0,-0.15297614,0.67187226,-0.50481355,0.9778139,-0.4352438,1.1831617,1.2996587,0,0,1
0,-0.25314656,0.53666854,-0.51033926,0.09947573,-0.23086706,-0.06519242,1.2996587,0,1,0
0,-0.6537976,0.13109854,-0.9745004,0.548626,-1.2527508,0.19744869,1.4997002,0,1,0
0,-1.6554406,-1.626447,-0.12906405,-0.25984433,0.60236114,-0.3218868,0.89957476,0,1,0
0,0.24767493,-0.2068902,-1.0629121,1.4269642,0.4451483,1.2839118,-0.8007793,0,0,1
0,0.54817086,0.67187226,0.76057816,-1.0882771,1.2626551,-1.0931311,-0.10063361,0,1,0
1,0.8486668,0.6042704,-0.74241984,0.63845617,1.5613596,0.50755,-0.8007793,0,1,0
0,0.99890715,0.67187226,0.05881069,-0.47942898,1.1997701,-0.5307107,-1.0008208,0,1,0
0,-1.8557814,-1.9644357,1.2965738,-1.4076729,0.7281314,-1.3718464,0.79955447,1,0,0
0,-0.50355726,0.26628166,0.36825144,-0.88865477,0.4137057,-0.9812293,1.399679,0,1,0
0,-1.0043788,-0.54487896,-0.8916145,0.967833,-0.21514577,0.829282,1.1996374,0,1,0
0,1.7501394,2.0238273,-1.2010553,1.9459823,-0.5767354,1.822661,-0.50071657,0,1,0
0,-0.7038828,-0.4096958,-0.5545451,0.7083237,0.649525,0.759977,0.79955447,1,0,0
1,-1.5552855,-1.6940489,6.529438,-3.0645382,-1.4099636,-3.3875585,0.599513,0,1,0
0,-0.50355726,-0.6800827,-0.6650597,0.5186827,-1.268472,0.40470076,-0.0006123865,0,0,1
0,1.9003797,1.8886235,-0.61532813,1.327153,0.6966889,1.5739743,-1.0008208,0,1,0
0,1.0990776,0.94225913,-0.16221842,0.48873943,-1.1741443,0.7621348,-0.8007793,0,1,0
0,2.00055,2.159031,-0.32246453,0.25917345,1.6556873,0.3023392,-0.8007793,0,1,0
0,0.39791524,1.6858385,-0.64295673,0.728286,0.24077155,0.7141769,1.6997416,0,1,0
0,-1.1045492,-1.7616508,-1.0187062,0.57856923,-0.74966955,0.20159908,-0.40069535,0,1,0
0,0.24767493,1.2802478,0.7550524,-0.47942898,-0.16798191,-0.097594194,1.399679,0,0,1
0,-0.7038828,-0.34209394,0.042233504,0.4787581,-1.1269804,0.90926105,0.89957476,0,1,0
0,1.8503097,1.6182365,-0.07933251,0.38892826,1.2626551,0.6789821,-1.3008834,0,1,0
0,0.8987367,-0.34209394,-0.07933251,-0.040260058,1.8757854,0.03861394,-2.301092,0,1,0
0,-0.45347208,0.19867977,1.0368645,-1.1282016,-1.0169314,-1.0185037,1.1996374,0,1,0
0,-0.5536425,0.4014854,-0.73689413,0.37894693,-1.5042913,0.15509596,1.6997416,0,1,0
0,-1.6053706,-1.2208564,0.57270336,-0.52933455,1.3098191,-0.29125264,1.399679,0,1,0
0,-0.4033869,-1.0180714,-0.5379679,0.64843714,-1.5200126,0.689285,-0.70075804,0,1,0
0,-0.0027358106,0.94225913,-0.9137174,0.18930593,-0.1837032,-0.23671238,1.399679,0,1,0
0,-1.2047043,-1.0180714,-0.59875095,1.2572851,-1.2841933,1.4917691,0.89957476,0,0,1
0,-1.6554406,-1.4912639,-0.9081917,1.137512,0.0049522435,1.0429889,1.0996172,0,0,1
0,-0.6537976,-0.13930896,-0.38877326,-0.16003315,-0.71822697,-0.350089,1.0996172,0,1,0
1,2.2008755,2.4970198,-0.16774416,-0.4993913,1.5299171,-0.7011174,-0.70075804,0,1,0
0,-0.753968,-0.34209394,-0.95792323,2.1855292,0.35082054,2.3984702,0.999596,0,0,1
0,-0.50355726,0.19867977,-0.25063008,0.6584181,0.57091856,0.9400026,1.2996587,0,0,1
0,0.097434595,-0.6800827,0.56717765,-0.8786736,-1.1112591,-0.8558605,-1.2008623,0,0,1
0,1.9003797,2.159031,-0.8860888,1.0177386,1.1054423,0.9014679,-0.6007378,1,0,0
0,1.2493179,0.19867977,-0.51033926,-0.080184296,1.0111146,-0.31954274,-2.2010705,0,0,1
0,0.49808568,1.0774629,-0.38324755,0.33902267,0.39798442,0.37142017,0.599513,0,1,0
0,-2.2063472,-2.7080152,-0.9745004,0.9977762,-1.4728488,0.7964117,0.39947057,0,1,0
0,-0.50355726,0.063496664,-0.28931016,0.74824834,0.24077155,1.0388385,1.0996172,0,0,1
0,1.2493179,1.2802478,-1.024232,0.9378897,0.14644383,0.67313284,-0.6007378,0,1,0
0,-0.80405325,-0.4096958,-0.81425434,1.0077572,0.14644383,0.9516037,0.999596,0,1,0
0,-1.0043788,-0.8828677,3.1034868,-2.2560678,1.4198681,-2.2887423,0.6995333,0,0,1
0,-0.0027358106,-0.6124808,0.5063946,-1.1681262,0.036394816,-1.3512707,-0.9007995,0,1,0
0,0.047349393,0.94225913,-0.39982474,-0.42952338,-0.98548883,-0.74438804,1.2996587,0,1,0
0,-0.90420836,-0.8828677,-0.5711223,0.90794605,-1.2841933,1.0266414,0.49949178,0,1,0
0,-0.10290622,-0.2068902,-0.31141308,-0.040260058,-0.32519478,-0.123804756,-0.10063361,0,1,0
0,0.54817086,1.5506347,-0.029600957,-0.10014661,0.33509928,-0.016463162,1.1996374,0,1,0
0,0.8987367,0.4014854,-1.3502499,2.2254536,-0.26230964,2.0198739,-1.2008623,0,1,0
0,1.3494883,1.1450647,-0.32799026,0.5186827,-1.5671765,0.6739529,-1.0008208,0,1,0
0,-0.10290622,-0.6124808,-0.23957862,0.43883386,0.74385273,0.62770385,-0.70075804,0,0,1
1,-0.80405325,-1.2208564,-1.4220843,2.0657558,1.7028512,1.740475,-0.20065387,0,1,0
0,-2.0060217,-2.2348225,2.7885203,-1.7669932,-0.938325,-1.4075295,0.6995333,0,0,1
0,1.4997287,1.6858385,0.478766,-0.9485415,-0.32519478,-1.0157598,-0.50071657,0,1,0
0,-0.6037277,-0.74768454,1.7275805,-1.4975029,-0.7968334,-1.3373351,0.09940883,0,1,0
0,-0.4033869,-1.0856733,1.8657237,-1.6072953,-1.6300616,-1.4779282,-0.8007793,0,1,0
0,-0.052821014,0.26628166,-0.38324755,0.9977762,0.6338037,1.3188621,0.49949178,0,1,0
0,-0.85413843,-1.2208564,-0.37219608,0.4288525,-0.5767354,0.5092689,-0.10063361,0,1,0
0,-1.8557814,-1.9644357,-0.029600957,-0.61916476,0.68096757,-0.7954318,0.79955447,0,0,1
0,0.99890715,0.33388352,0.18590243,-0.7888438,0.5551973,-0.9278415,-1.500925,0,0,1
0,0.19758973,0.7394741,0.27431408,-0.4494857,1.3098191,-0.35009903,0.6995333,0,1,0
0,-0.5536425,-1.0180714,-0.029600957,0.2891171,0.20932898,0.56776375,-0.40069535,0,0,1
0,1.0990776,0.8746573,0.20800534,-1.0184094,0.067837395,-1.2695045,-0.9007995,0,0,1
0,1.2493179,1.0774629,-0.6650597,0.36896595,-1.0798166,0.19684353,-0.9007995,0,1,0
1,-1.4050299,-1.2884582,-1.1015922,2.1256423,1.5613596,2.1627905,0.89957476,0,0,1
0,1.9003797,1.6858385,-0.07933251,-0.19995777,1.5928022,-0.19966252,-1.3008834,1,0,0
0,0.99890715,0.53666854,3.3355672,-2.266049,1.8757854,-2.238304,-1.2008623,0,1,0
0,0.34784535,1.1450647,-0.19537279,-0.3097499,1.907228,-0.43914974,0.999596,0,0,1
0,1.599899,0.80707604,-0.7479456,1.0876064,-1.2055868,1.1199992,-2.001029,0,1,0
0,-1.0043788,-1.4912639,-1.510496,2.0457935,-0.4195225,1.6209072,-0.20065387,0,1,0
0,0.8987367,0.4014854,-0.92476887,1.4668888,-0.19942449,1.4700704,-1.2008623,0,1,0
0,-1.3048747,-1.0856733,-0.81425434,0.967833,1.0425571,0.8972301,0.999596,0,1,0
0,-0.80405325,-0.4772977,-0.19537279,-0.070203334,1.3255403,-0.086657,0.89957476,0,1,0
0,-0.6037277,0.13109854,-0.43297908,0.66839945,-0.04221162,0.8040969,1.399679,0,1,0
0,-0.10290622,0.7394741,-0.48271063,0.728286,1.2626551,0.8481293,1.2996587,0,1,0
0,-0.7038828,-0.34209394,0.24668543,-0.8187871,-1.268472,-0.939765,0.89957476,1,0,0
0,0.34784535,0.4014854,0.99818444,-0.96850383,-0.1837032,-0.7693779,-0.10063361,0,1,0
0,0.19758973,1.0774629,-0.9966033,1.5367566,0.82245916,1.4935267,1.1996374,0,0,1
0,-0.4033869,0.26628166,0.16932525,-0.26982567,-1.1112591,-0.13999562,1.1996374,0,1,0
0,1.9504648,2.0238273,-0.7534713,0.82809716,-1.5357338,0.7588049,-0.9007995,0,1,0
0,0.44800046,0.33388352,-0.15116698,0.11943804,-0.92260367,0.22458676,-0.40069535,1,0,0
0,1.8503097,1.4830534,-0.28931016,-0.59920245,-0.21514577,-0.9215233,-1.500925,0,1,0
0,1.1992327,1.3478497,0.12511942,-0.20993873,-1.5357338,-0.07761401,-0.40069535,0,1,0
0,0.7484964,0.53666854,-1.0463349,1.8461711,-1.48857,1.8535192,-0.70075804,0,1,0
0,-0.052821014,-0.54487896,-0.5711223,1.1973985,-0.010769043,1.4333134,-0.70075804,0,1,0
0,1.2493179,0.19867977,-0.001972318,-0.10014661,0.1778864,0.002579484,-2.2010705,0,1,0
0,1.8503097,2.091429,-0.23957862,0.73826736,-0.938325,1.0659766,-0.6007378,0,1,0
0,0.097434595,0.19867977,-1.1513237,1.2073796,-1.2213081,0.9131182,0.09940883,0,1,0
0,-1.3048747,-1.1532751,-1.1292208,1.7862846,0.08355868,1.689607,0.89957476,0,0,1
0,-0.10290622,-0.54487896,0.28536552,-0.24986336,0.02067353,-0.032429554,-0.6007378,0,1,0
0,-1.2547895,-0.74768454,0.0809136,-0.51935357,1.5141958,-0.57766277,1.399679,0,1,0
0,2.0506353,2.159031,-0.48271063,0.7981539,0.2879354,0.947385,-0.9007995,0,1,0
0,-0.6037277,-0.2068902,-0.5545451,0.57856923,-0.4195225,0.5772949,0.89957476,0,0,1
0,1.1992327,1.3478497,-0.17326988,-0.3097499,-1.6143403,-0.42473605,-0.40069535,0,1,0
0,-0.5536425,0.063496664,-1.0960665,1.4469265,-0.8911611,1.278287,1.1996374,0,1,0
0,0.29776013,1.1450647,-0.83083147,1.2073796,1.6085235,1.2082102,1.0996172,0,0,1
0,0.7985816,-0.00410521,1.8215178,-1.7071065,-1.4099636,-1.6791157,-1.6009462,0,1,0
0,0.34784535,0.7394741,-1.1900038,1.2173609,-0.35663736,0.8904333,0.39947057,0,1,0
0,0.44800046,1.4154516,0.42903444,-0.8986359,0.6338037,-0.9636123,1.1996374,0,0,1
0,-1.054464,-1.0180714,3.258207,-2.1263132,0.2879354,-1.9708873,0.599513,1,0,0
0,-1.3048747,-0.4096958,-0.7645228,0.5885506,-0.92260367,0.42101866,1.9998044,0,1,0
0,-2.2063472,-2.6404133,-0.86398584,0.8680218,0.6180824,0.71849304,0.49949178,0,1,0
0,-1.2047043,-0.95046955,-0.09590969,-0.29976895,-0.02649033,-0.3594248,0.999596,0,1,0
0,-1.0043788,-1.626447,1.6833746,-1.6172764,-1.0012101,-1.5729556,-0.40069535,0,0,1
0,0.047349393,-0.54487896,-0.035126686,-0.29976895,-0.105096765,-0.3196798,-0.9007995,0,1,0
0,0.34784535,0.53666854,1.2855222,-1.2679373,-0.60817796,-1.1346442,0.09940883,0,1,0
0,-1.6053706,-1.4912639,-0.80320287,0.76821065,0.74385273,0.63467646,0.999596,0,1,0
1,0.49808568,0.33388352,-0.8860888,1.7263976,1.5141958,1.8575917,-0.50071657,0,1,0
0,0.34784535,1.2802478,-0.83083147,0.64843714,1.2312126,0.44861573,1.1996374,1,0,0
0,0.29776013,-0.4096958,-0.6319053,0.029607834,-0.07365419,-0.25068668,-1.2008623,0,1,0
0,2.0506353,2.226612,-0.7866257,0.9578516,-1.158423,0.9078549,-0.8007793,1,0,0
0,0.6984112,0.19867977,0.55060047,-0.7289569,0.99539334,-0.6249176,-1.100842,0,1,0
0,0.99890715,0.4014854,0.2411597,-0.47942898,0.99539334,-0.41727534,-1.4009037,0,1,0
0,1.7501394,1.6858385,-0.6705854,0.2192492,0.979672,-0.0151349455,-1.0008208,0,1,0
0,-1.6554406,-1.4236621,1.1252762,-1.2080506,-0.828276,-1.1098301,1.1996374,0,1,0
0,-2.2564325,-2.775617,-0.880563,1.2373232,1.4827532,1.202849,0.39947057,0,0,1
0,0.19758973,-0.071707085,-0.14564124,-0.13008988,-0.49812892,-0.14076696,-0.50071657,1,0,0
0,1.8002245,2.0238273,0.42903444,-0.9086171,0.22505026,-0.97940296,-0.6007378,0,1,0
0,0.6984112,0.063496664,0.4621888,-0.7688815,-1.0798166,-0.7394076,-1.3008834,1,0,0
0,-1.2047043,-0.27449208,-1.1568494,1.3071907,-1.5828978,1.0379106,1.9998044,0,0,1
0,1.7501394,2.091429,1.9762383,-1.6372385,-0.5138502,-1.4868245,-0.40069535,0,1,0
0,1.1992327,0.94225913,-0.3556189,0.5186827,-0.9697675,0.6518832,-1.0008208,0,0,1
0,1.3995582,0.53666854,-0.48823637,0.46877712,-1.1898656,0.4750995,-2.001029,0,0,1
0,0.34784535,-0.2068902,-0.7866257,1.1275307,0.74385273,1.139774,-1.0008208,0,0,1
0,0.34784535,-0.34209394,0.5174461,-0.8686927,-0.27803093,-0.86733496,-1.2008623,0,0,1
0,-1.1045492,-0.6800827,0.7495267,-0.9984471,0.036394816,-0.95160097,1.1996374,0,0,1
0,-0.35331696,0.19867977,-0.7921514,0.73826736,-1.4728488,0.6030952,0.999596,0,1,0
0,-0.30323175,-0.6124808,0.042233504,0.089494765,-0.9068824,0.32008323,-0.3006751,1,0,0
0,-0.95429355,-1.5588452,-0.52139074,0.7981539,-0.5452928,0.91457343,-0.40069535,0,0,1
0,-1.6554406,-1.626447,0.00355341,-0.14007123,-0.85971856,-0.0537671,0.89957476,0,1,0
0,0.94882196,-0.2068902,-0.637431,0.27913576,0.5080334,0.09302716,-2.2010705,0,1,0
0,-0.50355726,0.19867977,-0.21194997,0.29909807,-0.26230964,0.44417256,1.2996587,0,1,0
0,1.8503097,1.6858385,0.5119204,-0.33969358,1.2312126,-0.025720619,-1.2008623,0,1,0
0,1.7501394,1.0774629,3.5565965,-2.2959924,0.036394816,-2.234681,-1.9010079,0,1,0
0,-1.1045492,-0.74768454,-0.1180126,0.039589178,-1.6615041,0.13013576,1.0996172,0,1,0
0,0.14750452,-0.13930896,-0.4937621,1.496832,0.429427,1.9292017,-0.50071657,0,1,0
0,0.54817086,0.7394741,3.037178,-2.0165212,0.85390174,-1.8195329,-0.0006123865,0,0,1
0,0.097434595,-0.27449208,-0.5379679,0.9179274,-0.73394823,1.0694922,-0.6007378,1,0,0
0,1.1491475,1.0774629,-0.28378445,0.17932458,-0.5138502,0.21521229,-0.70075804,0,1,0
0,0.047349393,0.80707604,-0.48271063,0.23921151,1.2940978,0.15333837,1.0996172,0,0,1
0,1.2994031,1.5506347,0.66664076,-0.96850383,-1.1269804,-0.9469133,-0.3006751,0,1,0
0,-0.35331696,0.53666854,-0.62637955,0.23921151,-1.6929468,0.045684412,1.4997002,0,1,0
0,1.3494883,0.33388352,-0.1566927,-0.22990105,-0.74966955,-0.29588115,-2.2010705,0,1,0
0,1.3995582,0.7394741,0.13064516,-0.7788625,-0.46668637,-0.9439254,-1.7009664,0,1,0
0,0.6984112,0.33388352,-0.5932252,1.4269642,-0.4195225,1.7346354,-0.9007995,0,1,0
0,0.6984112,0.46908727,0.6500636,-1.1282016,0.0049522435,-1.2146915,-0.70075804,0,1,0
0,1.0990776,0.33388352,-0.1787956,0.039589178,0.052116103,0.08673805,-1.7009664,0,0,1
0,-1.0043788,-0.54487896,0.6942694,-0.33969358,-1.3470784,0.09222622,1.1996374,0,1,0
0,-0.6037277,-0.2068902,2.285679,-1.9366721,-1.2999146,-1.9299212,0.89957476,0,1,0
0,-0.7038828,-0.2068902,-0.6484825,0.967833,0.49231213,1.0428327,1.0996172,0,0,1
0,-0.90420836,-1.4236621,-0.42745337,0.548626,0.99539334,0.63733286,-0.3006751,1,0,0
0,2.0506353,2.159031,-0.16221842,0.68836176,0.6966889,1.0570511,-0.9007995,0,0,1
0,0.097434595,-0.13930896,-0.7811,1.4768697,-1.0798166,1.6226065,-0.40069535,0,1,0
0,1.1992327,0.13109854,0.5174461,-1.1980695,0.8853443,-1.3935843,-2.2010705,0,1,0
0,0.648326,0.26628166,-0.007498046,-0.16003315,1.3727041,-0.09134424,-0.9007995,0,1,0
0,1.0990776,0.80707604,-0.9910776,1.2772474,1.0739998,1.1536312,-1.0008208,0,0,1
0,0.44800046,0.4014854,0.06986214,-0.50937223,-0.19942449,-0.5693037,-0.3006751,0,1,0
0,0.648326,0.4014854,0.20247962,-0.9585227,-0.24658835,-1.1800727,-0.70075804,0,1,0
0,-0.15297614,-0.34209394,-1.0352834,0.967833,1.1997701,0.7030931,-0.20065387,0,1,0
0,-0.80405325,-0.74768454,-0.81978005,0.8380785,-0.12081805,0.71578836,0.49949178,0,1,0
0,1.2994031,1.2802478,-1.024232,0.7981539,-0.63962054,0.48801923,-0.70075804,0,1,0
0,0.14750452,1.1450647,-0.5932252,0.76821065,-0.73394823,0.8116846,1.399679,1,0,0
0,-0.85413843,-0.6800827,-1.1071179,1.8761145,-1.1427017,1.8299073,0.6995333,0,1,0
0,-0.85413843,-0.6800827,-0.07380678,-0.3097499,-1.378521,-0.35987422,0.6995333,0,0,1
0,-0.50355726,-0.6800827,-0.5711223,0.38892826,-1.378521,0.29743704,-0.0006123865,1,0,0
0,1.8503097,1.8886235,0.48429173,-0.8287681,-1.0640953,-0.8221209,-0.9007995,0,1,0
0,0.8486668,0.6042704,0.5782291,-0.7489192,1.467032,-0.6410598,-0.8007793,0,0,1
0,-1.1546191,-0.2068902,0.16932525,-0.41954243,0.82245916,-0.36997175,1.9998044,1,0,0
0,-0.753968,-1.3560601,0.46771455,-1.0184094,0.82245916,-1.1327299,-0.50071657,0,1,0
0,0.44800046,1.7534404,0.08643933,0.05955111,0.02067353,0.30648002,1.6997416,0,0,1
0,-0.95429355,-1.5588452,-1.3834043,0.82809716,-1.0326527,0.2211007,-0.40069535,0,1,0
0,-0.35331696,-0.95046955,-0.106961146,-0.62914574,-0.49812892,-0.85648566,-0.70075804,0,1,0
0,-0.5536425,0.063496664,-1.0131805,0.77819157,0.13072254,0.4709104,1.1996374,0,1,0
0,-0.052821014,0.26628166,-0.9523975,1.327153,1.467032,1.2564709,0.49949178,0,0,1
0,-0.50355726,-1.2208564,-1.0021291,0.2691548,-0.9068824,-0.19608814,-0.8007793,0,0,1
0,-0.052821014,-0.4096958,-0.9745004,2.0857182,-0.7968334,2.2472327,-0.50071657,0,1,0
0,0.8486668,0.4014854,-0.51033926,1.6864735,-0.95404625,2.1815696,-1.100842,0,1,0
0,0.8987367,0.46908727,0.06433642,-0.22990105,-0.6867844,-0.1486188,-1.100842,0,1,0
0,2.1007204,2.294214,-0.31693882,0.13940035,-1.1898656,0.1328309,-0.8007793,0,1,0
0,-0.052821014,0.33388352,0.05328496,0.27913576,1.577081,0.6154776,0.599513,1,0,0
0,1.1491475,1.1450647,0.89319557,-1.247975,0.5866399,-1.2907054,-0.6007378,0,1,0
0,0.14750452,-0.27449208,-0.013023773,-0.28978798,1.2469339,-0.29021722,-0.70075804,0,1,0
0,-0.4033869,-0.95046955,-0.42745337,1.496832,0.869623,1.9936538,-0.6007378,1,0,0
1,-1.7055258,-1.5588452,-0.84740865,2.2254536,-0.12081805,2.5735054,1.0996172,1,0,0
0,1.0990776,1.0774629,-0.86398584,0.4288525,-0.56101406,0.12424734,-0.6007378,0,1,0
0,0.047349393,0.80707604,-0.2782587,-0.090165645,1.2626551,-0.17330581,1.0996172,0,1,0
0,1.1992327,1.3478497,-0.34456745,-0.030278714,-1.4099636,-0.13258365,-0.40069535,1,0,0
0,-0.10290622,-0.4096958,-0.64295673,0.2891171,0.25649282,0.102743596,-0.40069535,0,0,1
0,0.34784535,0.67187226,2.3740907,-1.9266909,0.02067353,-1.8785063,0.2994503,0,1,0
0,-1.3048747,-0.8828677,0.24668543,-0.17999546,0.7281314,0.05021547,1.2996587,0,1,0
0,-0.80405325,-0.4772977,0.8545155,-0.9086171,0.052116103,-0.74705404,0.89957476,1,0,0
0,-0.7038828,-0.4096958,-1.2342097,1.137512,-0.8754398,0.7468423,0.79955447,0,1,0
0,0.24767493,1.0774629,-0.23405288,0.049570143,1.1368849,0.061904427,1.0996172,0,1,0
0,1.2493179,0.8746573,-0.8087286,0.74824834,0.35082054,0.60281193,-1.2008623,1,0,0
0,0.49808568,0.4014854,0.26878834,-0.62914574,0.09927996,-0.63270074,-0.40069535,0,1,0
0,0.14750452,-0.27449208,-0.7479456,0.4587958,-0.32519478,0.25622675,-0.70075804,0,1,0
0,-1.0043788,-0.8152864,-0.7092655,1.3770586,-0.5452928,1.5543852,0.79955447,1,0,0
0,-1.4551151,-1.4236621,-1.0905406,0.90794605,1.1211636,0.5759275,0.79955447,0,1,0
0,1.1491475,0.4014854,-0.07933251,0.8680218,0.09927996,1.393812,-1.7009664,1,0,0
0,-0.6037277,-0.071707085,-0.61532813,0.23921151,0.38226312,0.05396517,1.0996172,0,1,0
0,-1.4050299,-0.95046955,-1.4110329,1.1275307,-1.1898656,0.5736818,1.399679,0,0,1
0,1.0990776,0.46908727,-0.69821405,0.8879841,0.09927996,0.8887631,-1.500925,1,0,0
0,0.14750452,1.0774629,0.37377718,-0.64910805,0.02067353,-0.60155886,1.2996587,0,1,0
0,0.14750452,1.0774629,1.4457684,-1.6372385,-0.16798191,-1.70807,1.2996587,1,0,0
0,0.047349393,0.94225913,-0.30036163,0.039589178,-0.5138502,-5.691712e-05,1.2996587,1,0,0
0,0.34784535,0.6042704,-0.94134605,1.1175497,-0.70250565,0.98613465,0.1994291,0,0,1
0,1.3494883,0.4014854,0.8324126,-1.3278239,-1.6300616,-1.4522744,-2.10105,0,1,0
0,1.1491475,1.1450647,-0.31141308,0.049570143,-1.5671765,0.0065345406,-0.6007378,0,0,1
0,1.1491475,0.8746573,-0.455082,0.4488148,-0.38807994,0.4728342,-1.0008208,0,1,0
0,-0.35331696,-0.6800827,-0.6871626,0.75822926,0.759574,0.71867883,-0.3006751,0,1,0
0,-0.10290622,-0.2068902,0.92634994,-1.0882771,-0.21514577,-1.0078788,-0.10063361,0,1,0
0,1.0990776,0.80707604,0.025656322,0.35898462,-0.70250565,0.71520233,-1.0008208,0,0,1
0,1.2493179,0.19867977,-0.7092655,0.9478707,0.036394816,0.96188706,-2.2010705,0,0,1
0,-1.755611,-1.626447,0.009079138,-0.15005219,-0.15226063,-0.0650458,1.0996172,0,1,0
0,-1.1546191,-0.8828677,-0.4992878,0.019626869,-0.19942449,-0.17038573,0.999596,0,1,0
0,-0.50355726,-0.071707085,1.9044038,-1.4376162,-0.12081805,-1.1488234,0.89957476,1,0,0
0,-0.15297614,-0.6124808,-0.17326988,0.11943804,0.6966889,0.20849334,-0.6007378,0,0,1
0,-2.2063472,-2.6404133,-0.27273297,0.2691548,0.99539334,0.35433048,0.49949178,0,0,1
0,0.7484964,0.6042704,-0.96344894,0.64843714,1.0111146,0.33963355,-0.6007378,0,1,0
0,-1.0043788,-1.626447,0.7937325,-0.7189759,0.22505026,-0.46797758,-0.40069535,0,1,0
0,0.047349393,-0.2068902,-0.6595339,0.8380785,-1.1269804,0.8528557,-0.40069535,0,0,1
0,0.047349393,-0.4096958,-1.1623752,1.5167943,0.5551973,1.3052689,-0.70075804,1,0,0
0,0.39791524,0.80707604,3.8549857,-2.2959924,-0.19942449,-2.1450343,0.39947057,1,0,0
0,-0.80405325,-0.54487896,-1.0739635,1.2672665,1.3884255,1.0631545,0.79955447,0,1,0
0,-1.054464,-1.4912639,-0.44403055,0.68836176,-0.35663736,0.8234714,-0.10063361,0,1,0
1,0.24767493,-0.13930896,0.68321794,-1.0882771,0.5866399,-1.1329157,-0.70075804,0,1,0
0,0.34784535,0.53666854,-1.0684378,1.1973985,1.3412616,0.9762907,0.09940883,1,0,0
0,-0.35331696,-1.0856733,-0.73689413,0.73826736,-1.6457828,0.64938337,-0.9007995,0,1,0
0,-0.6537976,-0.27449208,0.6334864,-0.56925917,0.4451483,-0.31858608,0.89957476,1,0,0
0,2.0506353,2.4294178,0.09196506,-0.25984433,0.33509928,-0.17579558,-0.50071657,0,1,0
0,-1.9058514,-1.8292526,-0.3556189,-0.29976895,-1.0012101,-0.5292459,1.0996172,0,1,0
0,-1.3048747,-0.8152864,-0.057229597,0.129419,0.9010656,0.30791524,1.399679,0,1,0
0,0.097434595,-0.27449208,-0.9966033,1.147493,-0.6553418,0.9759492,-0.6007378,0,1,0
0,-1.2047043,-1.0856733,-0.12353833,-0.57924014,-0.6553418,-0.7922877,0.79955447,0,1,0
0,-1.2547895,-1.0180714,1.0092359,-0.9585227,1.1054423,-0.7466438,0.999596,0,1,0
0,1.7501394,1.009861,-0.024075229,-0.66907036,0.19360769,-0.86708087,-2.001029,0,1,0
0,-2.2564325,-2.7080152,0.036707778,-0.40956107,0.96395075,-0.4387791,0.49949178,0,1,0
0,-0.6537976,-1.0180714,-0.38877326,-0.0103164045,-0.63962054,-0.1349077,-0.20065387,0,1,0
0,0.7985816,0.6042704,-0.8529344,1.0676441,1.3727041,0.9985071,-0.70075804,0,1,0
0,0.29776013,-0.071707085,-0.61532813,0.87800276,0.02067353,0.9464479,-0.70075804,0,1,0
1,0.24767493,-0.13930896,-0.8860888,1.4169832,1.5613596,1.4401293,-0.70075804,0,1,0
0,-1.3048747,-0.8152864,-1.1900038,1.3471153,0.96395075,1.0585159,1.399679,1,0,0
0,0.29776013,0.46908727,1.1639563,-0.93856037,0.99539334,-0.6293417,0.09940883,0,1,0
0,-2.2564325,-2.7080152,-1.1789523,1.077625,-1.4099636,0.7193427,0.49949178,0,0,1
0,-0.20306134,-0.54487896,0.00355341,-0.3297122,1.7814577,-0.33950335,-0.40069535,0,1,0
0,0.44800046,0.46908727,-0.333516,0.32904133,1.467032,0.39512092,-0.20065387,0,1,0
0,0.14750452,-0.2068902,-0.48271063,0.14938131,0.49231213,0.025723806,-0.6007378,1,0,0
0,0.44800046,0.6042704,-0.93582034,1.2473042,-0.010769043,1.1650566,-0.0006123865,0,1,0
0,1.4496434,1.6858385,-1.0076548,1.496832,-1.5042913,1.4296998,-0.40069535,1,0,0
0,-0.6037277,-0.74768454,-0.40535045,0.4088902,1.1997701,0.4546799,0.09940883,1,0,0
0,0.8987367,0.7394741,0.68321794,-0.83874923,1.4355893,-0.7269177,-0.70075804,0,0,1
0,0.648326,0.4014854,-0.22300144,-0.38959914,0.869623,-0.5742742,-0.70075804,0,0,1
0,0.6984112,0.063496664,2.1972673,-1.8168987,1.5299171,-1.7351207,-1.3008834,0,1,0
0,-0.45347208,0.13109854,0.32404563,-0.65908897,-1.378521,-0.64660674,1.0996172,0,1,0
0,0.94882196,0.80707604,-0.94134605,0.9778139,-0.6553418,0.7989702,-0.70075804,0,1,0
0,0.59825605,1.5506347,-0.062755324,-0.16003315,-0.35663736,-0.12884352,1.0996172,0,1,0
0,-0.85413843,-0.8152864,1.2578937,-1.2679373,0.94822943,-1.1479737,0.49949178,0,1,0
0,-1.0043788,-1.2208564,-0.2782587,0.039589178,-1.5200126,0.015723696,0.1994291,0,1,0
1,1.1491475,0.94225913,-1.1402723,2.6646223,1.5299171,2.8238232,-0.9007995,0,1,0
0,0.24767493,1.3478497,1.8104664,-1.6971253,-0.07365419,-1.6653563,1.4997002,0,0,1
0,-0.753968,-1.1532751,-0.8750373,1.0476818,-1.3470784,0.9517307,-0.20065387,0,0,1
0,-1.3048747,-1.1532751,-1.0629121,0.57856923,-1.0169314,0.16581869,0.89957476,0,1,0
0,-0.35331696,0.33388352,-0.7479456,0.74824834,-1.5042913,0.65383613,1.1996374,0,0,1
0,-0.4033869,-0.6800827,-0.72584265,0.71830505,-1.6929468,0.63114166,-0.20065387,0,1,0
0,0.7484964,0.67187226,-0.19537279,0.25917345,0.02067353,0.39802098,-0.50071657,0,0,1
0,0.097434595,-0.34209394,-0.5711223,0.87800276,0.429427,0.98457193,-0.70075804,0,1,0
0,-0.80405325,-0.4096958,0.6997951,-1.5673709,-0.6238992,-1.9053124,0.999596,0,0,1
0,0.7985816,0.26628166,-1.1568494,0.9478707,-1.2213081,0.5703419,-1.2008623,1,0,0
0,0.59825605,0.46908727,0.417983,-0.50937223,-0.19942449,-0.35459092,-0.50071657,0,0,1
0,-0.90420836,-0.6800827,-0.6705854,0.41887155,-0.32519478,0.26181284,0.79955447,0,1,0
0,0.44800046,0.46908727,0.6555893,-1.1481639,-1.4099636,-1.2442707,-0.20065387,0,1,0
0,0.39791524,0.4014854,-0.9910776,0.87800276,-0.26230964,0.62239146,-0.20065387,0,1,0
0,1.1491475,0.94225913,-0.30588734,-0.050241023,-1.3470784,-0.13442959,-0.9007995,0,0,1
0,0.8486668,0.4014854,-1.3060441,1.9659446,-1.0326527,1.7377115,-1.100842,0,1,0
0,1.0990776,0.53666854,3.667111,-2.3359168,-0.95404625,-2.2875314,-1.4009037,0,1,0
0,-0.90420836,-0.6800827,0.6169092,-0.8487304,1.4041468,-0.780071,0.79955447,0,1,0
0,1.4997287,0.8746573,1.4015626,-1.068315,0.7752953,-0.7284704,-1.7009664,0,1,0
0,-1.4551151,-1.0856733,-0.9966033,0.6584181,1.0739998,0.32565928,1.2996587,1,0,0
0,-0.85413843,-0.95046955,0.24668543,-1.068315,0.85390174,-1.3264762,0.2994503,0,1,0
1,-1.0043788,-1.0180714,-0.60980237,-0.22990105,1.7657363,-0.59777004,0.49949178,0,1,0
0,0.047349393,-0.54487896,-1.1789523,1.5866623,-0.828276,1.3797398,-0.9007995,0,1,0
0,0.047349393,-0.27449208,0.24668543,-0.3297122,0.9010656,-0.1818115,-0.50071657,0,0,1
0,-0.6037277,0.13109854,0.68321794,-0.9585227,1.5928022,-0.9217969,1.399679,1,0,0
0,-0.6037277,-0.95046955,0.32404563,-0.4894103,-0.8754398,-0.3813192,-0.20065387,0,0,1
0,-0.753968,-0.34209394,-0.21194997,0.019626869,0.09927996,0.03375094,0.999596,0,0,1
0,-1.35496,-1.0856733,-0.4992878,0.43883386,-1.158423,0.42391917,1.0996172,0,0,1
0,-0.7038828,-0.4096958,0.8766184,-0.6790513,0.6180824,-0.35360467,0.79955447,0,1,0
0,-1.0043788,-1.4912639,-0.84740865,1.7263976,0.6180824,1.8967608,-0.20065387,0,1,0
0,-1.4050299,-1.0856733,1.6225916,-1.4775406,0.14644383,-1.3479213,1.1996374,0,1,0
0,0.39791524,1.1450647,-0.333516,-0.06022199,-1.4099636,-0.16815913,0.89957476,0,1,0
0,-0.45347208,-1.2208564,-1.0573864,1.6066242,0.036394816,1.5261629,-0.9007995,0,1,0
0,0.097434595,-0.34209394,-0.001972318,-0.469448,-0.4352438,-0.5534935,-0.70075804,0,1,0
0,-0.85413843,-1.0856733,-0.72584265,0.30907902,1.0897211,0.06740262,0.09940883,0,1,0
0,-0.50355726,-0.2068902,-0.2782587,0.069532454,1.6399661,0.059345886,0.6995333,0,0,1
0,0.7484964,0.4014854,-0.8750373,1.0676441,1.5456383,0.9787031,-0.9007995,0,1,0
0,0.8486668,0.46908727,-0.5379679,0.10945669,-0.2937522,-0.07113001,-1.0008208,0,0,1
0,-0.0027358106,-0.34209394,1.8215178,-1.7270685,-0.92260367,-1.7156191,-0.50071657,0,1,0
0,0.7484964,0.53666854,-0.6761111,0.967833,-1.6143403,1.0185655,-0.70075804,0,1,0
0,0.6984112,0.67187226,0.5229718,-0.7389382,0.74385273,-0.65684086,-0.40069535,0,1,0
0,-0.30323175,-0.6124808,2.307782,-1.7869554,-0.828276,-1.6352102,-0.3006751,0,1,0
0,1.0990776,0.53666854,-0.6484825,0.69834274,-1.6457828,0.6678987,-1.4009037,0,0,1
0,0.14750452,1.212646,-0.9910776,0.7981539,0.1778864,0.51614356,1.4997002,0,1,0
0,0.097434595,1.0774629,0.00355341,-0.22990105,-0.5767354,-0.18911602,1.399679,0,1,0
0,0.34784535,0.4014854,-0.7313684,0.23921151,1.7342938,-0.032985974,-0.10063361,0,0,1
0,0.39791524,0.6042704,-0.14011551,-0.13008988,-0.6553418,-0.13698813,0.09940883,0,0,1
0,0.7484964,0.46908727,-0.637431,1.1075684,-1.3470784,1.247223,-0.8007793,0,1,0
0,-0.20306134,-0.4096958,0.56717765,-0.96850383,-0.4352438,-1.000174,-0.20065387,0,0,1
0,-1.2047043,-0.8828677,-0.43850482,0.66839945,0.6652463,0.79953665,1.0996172,0,1,0
0,0.6984112,0.6042704,-0.6926883,-0.12010892,0.85390174,-0.501102,-0.50071657,0,1,0
0,0.648326,0.53666854,-0.61532813,1.5167943,-0.30947348,1.8389302,-0.50071657,0,1,0
0,0.648326,0.26628166,-0.6926883,1.137512,1.4355893,1.2387465,-0.9007995,0,1,0
0,0.8987367,0.33388352,-0.3390417,-0.14007123,0.5237547,-0.28747335,-1.3008834,1,0,0
0,1.4997287,1.8210422,-0.9855519,0.87800276,0.19360769,0.627157,-0.3006751,0,1,0
0,-1.2047043,-0.95046955,-0.16774416,-0.030278714,0.9167869,-0.008523453,0.999596,0,0,1
0,0.14750452,0.80707604,1.3463053,-1.4376162,0.49231213,-1.4013187,0.89957476,0,0,1
0,-0.95429355,-1.5588452,0.6113835,-0.5892215,0.47659084,-0.36420992,-0.40069535,0,1,0
0,-1.4050299,-1.3560601,-0.36114463,0.36896595,0.85390174,0.43155563,0.79955447,0,1,0
0,1.2994031,1.3478497,-0.9745004,0.5685883,-0.26230964,0.2240695,-0.6007378,0,0,1
0,0.097434595,0.063496664,-0.81425434,0.78817296,1.467032,0.65254706,-0.10063361,0,1,0
0,-0.25314656,-0.4096958,0.13064516,0.14938131,1.1840488,0.4755685,-0.10063361,0,1,0
0,0.047349393,0.94225913,-0.08485824,0.05955111,-0.15226063,0.18357228,1.2996587,0,0,1
0,0.54817086,0.46908727,-0.5711223,0.5286637,-1.5671765,0.49376148,-0.40069535,0,1,0
0,0.54817086,1.5506347,-0.4164019,-0.469448,-0.67106307,-0.81203336,1.1996374,0,1,0
0,-1.2047043,-0.95046955,-0.52691644,0.8181162,-0.9697675,0.9380884,0.999596,0,0,1
0,0.14750452,-0.54487896,0.26326263,-0.85871154,-1.0169314,-0.9924397,-1.100842,0,1,0
0,-0.6037277,-0.95046955,-0.59875095,0.5685883,-0.16798191,0.52753973,-0.20065387,0,1,0
0,0.6984112,0.8746573,0.744001,-0.66907036,-0.9697675,-0.41506833,-0.10063361,0,1,0
0,-1.1546191,-0.27449208,-0.32799026,0.78817296,-1.4099636,1.0641799,1.8997831,0,1,0
0,0.7484964,0.33388352,-0.024075229,-0.10014661,1.5141958,-0.01265427,-1.0008208,0,1,0
0,0.34784535,1.212646,0.35167426,-0.5892215,-1.4256848,-0.5207206,1.0996172,0,1,0
0,0.54817086,0.33388352,-1.1900038,1.2373232,0.99539334,0.9162919,-0.6007378,0,1,0
0,-0.95429355,-1.626447,0.014604866,-0.28978798,-0.37235865,-0.27210253,-0.50071657,1,0,0
0,-0.25314656,0.46908727,-0.5600708,0.5685883,-0.02649033,0.5587795,1.1996374,0,1,0
0,-0.4033869,-0.8152864,-0.5490194,-0.090165645,1.2626551,-0.36040148,-0.40069535,1,0,0
0,0.54817086,1.0774629,-0.6761111,1.3371344,-1.6929468,1.5305574,0.49949178,1,0,0
0,-1.2047043,-1.0180714,-0.48271063,0.25917345,0.13072254,0.1816972,0.89957476,0,1,0
0,-0.6037277,-0.6124808,-0.8916145,1.4369456,0.9010656,1.46175,0.2994503,0,1,0
0,-1.4551151,-1.4236621,-0.26168153,-0.06022199,0.99539334,-0.11814082,0.79955447,0,1,0
0,-0.30323175,-0.6124808,-0.6761111,0.728286,-0.7653908,0.6864628,-0.3006751,0,0,1
0,-0.50355726,-0.6800827,0.025656322,-0.8187871,-1.2999146,-1.0639813,-0.0006123865,0,1,0
0,-0.4033869,-1.0856733,0.70532084,-1.0982583,1.4355893,-1.1378274,-0.8007793,0,1,0
0,-0.85413843,-0.6800827,-0.72584265,0.538645,-0.15226063,0.38364643,0.6995333,0,1,0
0,-0.052821014,-0.54487896,-1.1402723,1.077625,-0.73394823,0.7540685,-0.70075804,0,1,0
0,0.047349393,-0.4096958,0.15827379,-0.030278714,-1.0326527,0.22021188,-0.70075804,0,1,0
0,-0.80405325,-0.6800827,-0.36114463,1.2672665,-0.19942449,1.727038,0.599513,0,1,0
0,-1.0043788,-0.54487896,-0.5600708,0.2891171,-0.105096765,0.16558419,1.1996374,0,0,1
0,2.0506353,2.294214,-0.7755742,0.36896595,0.052116103,0.11149336,-0.70075804,0,1,0
0,-1.0043788,-0.6124808,1.5618087,-1.6472197,0.22505026,-1.6774654,1.0996172,0,1,0
0,0.8987367,0.4014854,0.6113835,-0.80880594,0.2879354,-0.7186952,-1.2008623,0,1,0
0,-1.4551151,-1.2208564,1.3849853,-0.96850383,0.319378,-0.5622528,1.0996172,1,0,0
0,-0.10290622,-0.6124808,0.21353106,0.20926785,1.3098191,0.62881714,-0.70075804,0,1,0
0,-0.0027358106,0.94225913,0.2798398,-0.6391271,-1.6143403,-0.64164585,1.399679,0,1,0
0,0.24767493,0.4014854,-0.94687176,0.9578516,-1.5357338,0.76738894,0.09940883,0,1,0
0,-0.85413843,-0.74768454,0.58928055,-1.4575785,-0.9697675,-1.7759594,0.599513,0,0,1
0,1.1491475,0.94225913,-0.6705854,0.129419,-0.71822697,-0.13976113,-0.9007995,0,0,1
0,-1.054464,-1.4912639,-0.007498046,-0.15005219,0.24077155,-0.07632495,-0.10063361,0,1,0
0,-0.90420836,-0.8828677,2.4956567,-1.9466532,-1.1269804,-1.8729206,0.49949178,0,1,0
0,-1.4050299,-1.2884582,0.0809136,0.129419,0.6180824,0.4087437,0.89957476,0,0,1
0,-1.3048747,-1.0856733,0.35167426,-0.5393159,-0.67106307,-0.44245046,0.999596,0,1,0
0,-1.6053706,-1.1532751,-0.18432134,0.5885506,1.1683275,0.8916636,1.4997002,0,1,0
0,-0.90420836,-1.1532751,-0.3556189,0.9877953,-0.95404625,1.3288718,0.09940883,0,1,0
0,-1.0043788,-0.8828677,0.49534318,-0.56925917,1.3098191,-0.40232435,0.6995333,0,1,0
0,-0.20306134,-0.6124808,0.5008689,-0.7688815,1.356983,-0.71732783,-0.50071657,1,0,0
0,-2.1562622,-2.5052302,-0.42745337,0.4288525,-1.1112591,0.4660078,0.599513,0,0,1
0,-0.10290622,0.13109854,-0.013023773,-0.33969358,1.3098191,-0.36526448,0.39947057,1,0,0
0,0.49808568,0.6042704,1.4899743,-1.4276351,1.3255403,-1.3186541,-0.10063361,0,1,0
0,0.24767493,-0.00410521,-0.69821405,0.4488148,0.6966889,0.28162682,-0.50071657,0,1,0
1,1.0489924,0.67187226,-1.0408092,2.0258312,1.5613596,2.0967083,-1.100842,0,0,1
0,-0.6537976,0.063496664,-0.94687176,1.6764921,-0.56101406,1.7292446,1.399679,0,0,1
0,0.34784535,-0.13930896,-0.27273297,-0.12010892,1.0268359,-0.21313868,-0.9007995,0,0,1
0,0.34784535,1.1450647,-0.43850482,0.6085125,-1.4571275,0.7139916,0.999596,0,1,0
0,-1.1546191,-1.8292526,-0.14011551,-0.14007123,-1.3942423,-0.15177292,-0.40069535,1,0,0
0,1.649969,0.80707604,1.2357907,-1.2679373,-1.268472,-1.1586376,-2.10105,0,1,0
0,0.29776013,0.13109854,0.08643933,0.18930593,-1.3942423,0.5038882,-0.40069535,0,1,0
0,-1.1045492,-0.74768454,-1.4220843,1.8062465,0.0049522435,1.4149737,1.0996172,0,1,0
0,-1.6554406,-1.4912639,-0.18984707,-0.06022199,2.017277,-0.06812205,1.0996172,0,1,0
0,0.7985816,0.6042704,-0.040652413,0.35898462,-1.4571275,0.6641094,-0.70075804,0,1,0
1,1.2994031,0.67187226,-1.4110329,2.7943773,0.09927996,2.6676636,-1.6009462,0,1,0
1,-1.8557814,-1.8968339,-1.2176324,2.8243208,-1.3156358,2.9387228,0.89957476,0,0,1
0,-0.753968,-1.3560601,-0.8584601,1.9459823,-1.268472,2.1829073,-0.50071657,0,1,0
0,1.4997287,1.5506347,0.744001,-1.0483527,0.02067353,-1.0362673,-0.70075804,0,0,1
0,1.2994031,0.33388352,2.3519878,-1.9765965,-1.0640953,-1.9825376,-2.10105,0,0,1
0,1.2493179,1.3478497,-0.86398584,1.1275307,1.2940978,1.0696385,-0.50071657,0,1,0
0,0.8486668,0.53666854,0.7274238,-0.83874923,0.46086955,-0.7022307,-0.9007995,0,0,1
0,-1.1045492,-1.4912639,-0.70373976,0.82809716,-1.268472,0.8012551,-0.0006123865,0,1,0
0,1.1992327,0.7394741,-0.50481355,0.4787581,1.3727041,0.4761445,-1.3008834,0,1,0
0,-1.4050299,-1.0180714,-0.6319053,0.57856923,0.02067353,0.5146788,1.2996587,0,0,1
0,-1.5552855,-1.1532751,0.08643933,-0.17999546,1.0582784,-0.057966217,1.399679,0,1,0
0,-1.35496,-1.0180714,0.031182049,-0.56925917,-0.52957153,-0.6836862,1.1996374,0,1,0
0,-1.054464,-0.74768454,0.042233504,0.39890924,-0.56101406,0.7884041,0.999596,0,0,1
0,-1.054464,-0.8152864,-0.38877326,0.8979651,-0.8911611,1.1705252,0.89957476,0,0,1
0,0.19758973,-0.54487896,1.1750077,-1.0982583,-0.8754398,-0.8971099,-1.2008623,0,1,0
0,0.14750452,1.0774629,-0.13458979,0.48873943,-0.60817796,0.7840584,1.2996587,0,1,0
0,0.59825605,0.46908727,-0.80320287,0.27913576,0.94822943,-0.032361254,-0.50071657,0,0,1
0,1.4997287,1.5506347,-0.31141308,-0.12010892,0.09927996,-0.2396616,-0.70075804,0,0,1
0,1.1992327,0.6042704,-0.38877326,0.15936227,0.25649282,0.10896441,-1.500925,0,0,1
0,-0.6037277,-0.6124808,-0.5545451,-0.080184296,-0.057932902,-0.35016733,0.2994503,0,1,0
0,0.7484964,0.4014854,0.18590243,-0.25984433,-1.1112591,-0.1137072,-0.9007995,0,0,1
0,-1.4050299,-1.4236621,0.8158354,-0.9585227,-0.4038012,-0.850548,0.6995333,0,0,1
0,-0.45347208,-1.2208564,-0.2561558,-0.50937223,0.1778864,-0.7703837,-0.9007995,0,1,0
0,-1.1546191,-0.2068902,0.77715534,-0.9784848,0.94822943,-0.9041408,1.9998044,0,0,1
0,-0.5536425,0.13109854,0.86556697,-0.9784848,1.6714087,-0.85695416,1.2996587,0,1,0
0,-0.35331696,-0.6124808,1.412614,-1.5274463,1.2469339,-1.5290798,-0.20065387,0,1,0
0,0.6984112,0.26628166,0.020130593,0.089494765,1.2940978,0.3041068,-1.0008208,0,1,0
0,-2.1562622,-2.5728114,-0.64295673,0.24919248,0.20932898,0.047158793,0.49949178,0,0,1
0,0.14750452,0.94225913,-0.07380678,-0.15005219,-0.105096765,-0.12144156,1.0996172,0,1,0
0,-1.1546191,-1.0180714,0.99818444,-1.0084282,1.6085235,-0.8365642,0.79955447,1,0,0
0,1.4997287,0.80707604,0.56165195,-0.7389382,-0.70250565,-0.63455623,-1.8009876,0,1,0
0,-1.0043788,-1.626447,0.23010825,0.33902267,0.08355868,0.84185976,-0.40069535,0,0,1
0,-0.6537976,-0.6800827,0.8379383,-0.98846596,0.7281314,-0.8882135,0.2994503,0,1,0
0,0.097434595,-0.13930896,-0.6705854,0.92790836,-1.4414061,0.96802956,-0.40069535,0,1,0
0,-0.25314656,-0.54487896,-0.8087286,0.728286,-1.378521,0.5756056,-0.3006751,0,1,0
0,0.34784535,0.063496664,-0.9523975,1.2572851,0.9325082,1.1630253,-0.6007378,0,0,1
0,0.54817086,0.7394741,-0.84188294,1.3071907,1.2626551,1.3334812,-0.0006123865,0,1,0
0,-0.80405325,0.13109854,1.0258131,-0.7988248,-0.4352438,-0.46821207,1.7997628,0,0,1
0,0.7484964,0.26628166,0.296417,-0.31973127,-0.9068824,-0.13399975,-1.100842,0,0,1
0,0.24767493,1.2802478,1.9209809,-1.8268797,-0.81255466,-1.859991,1.399679,0,1,0
0,-2.1562622,-2.3700264,1.0921218,-1.3777294,-0.16798191,-1.4145406,0.79955447,0,1,0
0,0.047349393,0.8746573,0.6113835,-0.61916476,-1.0955378,-0.41254896,1.1996374,0,0,1
0,1.2994031,0.7394741,-0.106961146,0.29909807,-0.30947348,0.52395624,-1.500925,0,0,1
0,0.19758973,-0.4096958,-0.70373976,1.1574739,0.71241015,1.2562852,-1.0008208,0,1,0
0,-1.1546191,-1.2208564,0.99818444,-1.4376162,1.0425571,-1.5588156,0.49949178,0,0,1
0,0.097434595,1.0774629,0.7274238,-1.1182206,0.649525,-1.1591358,1.399679,0,1,0
0,1.4496434,0.67187226,-0.48271063,1.8262088,0.24077155,2.4078639,-1.9010079,1,0,0
0,0.14750452,1.212646,0.29089126,-0.7888438,-1.5200126,-0.8682821,1.4997002,0,0,1
0,1.1491475,1.212646,0.1416966,-0.21992008,-0.7653908,-0.08179355,-0.50071657,0,1,0
0,-0.5536425,-0.95046955,0.4621888,-0.8986359,1.1368849,-0.94544846,-0.3006751,1,0,0
0,0.8987367,0.53666854,-0.38324755,-0.2398824,1.5141958,-0.46118075,-1.0008208,1,0,0
0,-1.3048747,-1.0856733,1.3794596,-1.4975029,1.6085235,-1.4911411,0.999596,0,0,1
0,-0.95429355,-1.1532751,0.77715534,-0.62914574,1.2154913,-0.32993352,0.1994291,0,0,1
0,0.7484964,0.33388352,4.1865296,-2.4157658,1.3098191,-2.3146012,-1.0008208,0,1,0
0,-1.0043788,-1.626447,-0.44403055,0.43883386,0.869623,0.46727726,-0.40069535,0,0,1
0,1.2493179,0.67187226,0.04775923,-0.16003315,1.2626551,-0.053844962,-1.500925,0,1,0
0,0.34784535,0.53666854,-0.18432134,0.39890924,-0.16798191,0.6122356,0.09940883,0,0,1
0,-1.3048747,-0.95046955,-0.062755324,-1.0882771,0.869623,-1.5165508,1.1996374,0,0,1
0,1.9504648,2.091429,-0.31141308,0.71830505,-0.5767354,0.9768376,-0.8007793,0,0,1
1,1.1491475,0.6042704,-0.95792323,0.8380785,0.35082054,0.59762657,-1.4009037,1,0,0
0,1.9003797,1.6858385,0.6390121,-1.1980695,0.979672,-1.3334292,-1.3008834,1,0,0
0,-1.2047043,-0.4096958,-0.26720726,0.019626869,1.9386705,-0.0055059344,1.7997628,0,1,0
0,-1.35496,-1.1532751,-0.7092655,0.3190604,-0.70250565,0.09380807,0.999596,0,1,0
0,-0.20306134,0.063496664,0.58928055,-1.0383716,-0.5452928,-1.1008555,0.49949178,0,0,1
0,-0.10290622,0.8746573,-0.12353833,0.11943804,-0.04221162,0.24470355,1.4997002,0,0,1
0,0.648326,0.26628166,-0.007498046,-0.16003315,-0.67106307,-0.09134424,-0.9007995,1,0,0
0,-0.15297614,0.19867977,-0.60980237,0.76821065,-1.1427017,0.7977103,0.599513,0,0,1
0,1.4997287,1.6858385,0.8766184,-0.9984471,-0.2937522,-0.8842193,-0.50071657,1,0,0
0,1.1491475,1.0774629,-0.7811,0.90794605,0.1778864,0.8444379,-0.70075804,0,1,0
0,0.44800046,0.46908727,-0.7534713,0.05955111,1.5613596,-0.29616436,-0.20065387,1,0,0
0,1.8503097,1.7534404,0.45113736,-0.12010892,1.1683275,0.28321868,-1.100842,0,1,0
0,0.94882196,0.6042704,-0.8860888,1.4768697,-0.13653934,1.5209284,-1.0008208,0,1,0
0,0.29776013,-0.4096958,0.09196506,-0.39958012,-0.15226063,-0.3885258,-1.2008623,0,1,0
0,0.34784535,0.4014854,-1.0518606,1.4469265,-1.3942423,1.3208642,-0.10063361,0,0,1
0,1.4997287,0.7394741,-0.27273297,0.29909807,0.0049522435,0.39798182,-1.9010079,0,0,1
0,1.9504648,2.159031,-0.8087286,0.64843714,-1.5514551,0.4667796,-0.70075804,0,1,0
0,-0.0027358106,0.063496664,-0.41087618,0.089494765,-0.74966955,-0.0074297334,0.09940883,0,1,0
0,-0.95429355,-0.8828677,0.7937325,-1.0882771,0.8381804,-1.0760806,0.599513,0,1,0
0,-0.85413843,-1.1532751,-0.52691644,0.37894693,1.0739998,0.31763214,-0.0006123865,0,1,0
0,0.49808568,1.4830534,0.3406228,-0.6990136,0.02067353,-0.6993598,1.1996374,0,1,0
0,0.44800046,0.67187226,-0.8695116,1.1175497,0.4451483,1.051133,0.09940883,0,1,0
0,-1.35496,-1.2208564,0.6279607,-0.85871154,-1.5514551,-0.7900611,0.89957476,1,0,0
0,-0.30323175,0.6042704,1.169482,-1.2180318,-1.5357338,-1.1051328,1.4997002,0,1,0
0,-1.0043788,-1.0180714,0.68874365,-1.1681262,1.3884255,-1.2600713,0.49949178,0,1,0
0,1.7000542,1.2802478,-0.029600957,-0.6790513,1.6085235,-0.88531303,-1.500925,1,0,0
0,-0.4033869,0.063496664,-0.029600957,-0.22990105,-1.5357338,-0.21120532,0.89957476,0,1,0
0,-1.4050299,-1.4236621,2.4846053,-1.9666156,1.2312126,-1.9157711,0.6995333,0,1,0
0,1.0990776,1.009861,0.04775923,-0.75890017,-0.4195225,-0.96085846,-0.70075804,0,1,0
0,0.047349393,-0.74768454,0.04775923,-0.16003315,-1.2055868,-0.053844962,-1.2008623,0,0,1
0,-0.753968,-0.27449208,-0.6540082,1.3570963,0.22505026,1.5791696,1.0996172,0,1,0
0,-0.35331696,-0.74768454,-0.902666,2.0258312,0.869623,2.2439225,-0.40069535,0,1,0
0,-0.85413843,-1.3560601,0.21353106,-0.21992008,-0.105096765,-0.03380649,-0.3006751,0,1,0
0,-0.6037277,-0.95046955,-0.4992878,0.9378897,0.6652463,1.1314244,-0.20065387,1,0,0
0,0.99890715,0.80707604,0.4732403,-0.9285792,1.2783765,-0.9870007,-0.8007793,0,0,1
0,0.6984112,0.33388352,-0.2782587,0.34900364,-0.15226063,0.46648633,-0.9007995,0,1,0
0,0.24767493,0.46908727,0.36825144,-0.64910805,0.20932898,-0.60483044,0.1994291,0,1,0
0,-0.0027358106,0.94225913,-0.8584601,0.6085125,-1.5828978,0.37184957,1.399679,0,0,1
0,-1.2047043,-0.95046955,-0.82530576,1.3371344,1.0582784,1.3897594,0.999596,0,0,1
0,0.29776013,-0.34209394,1.8104664,-1.6971253,2.1116047,-1.6653563,-1.100842,0,1,0
0,-0.4033869,-0.74768454,-0.60427666,-0.090165645,0.14644383,-0.39858422,-0.3006751,0,1,0
0,-1.6053706,-1.4236621,-0.92476887,0.8979651,0.5080334,0.7063742,1.0996172,0,1,0
0,1.2493179,1.4830534,0.19142815,-0.13008988,-1.2213081,0.089765586,-0.3006751,0,1,0
0,-0.20306134,0.13109854,-1.1402723,1.1175497,-1.0640953,0.8061381,0.599513,0,1,0
0,-0.90420836,-0.6800827,0.57270336,-0.5892215,-0.26230964,-0.38752,0.79955447,0,1,0
0,1.2994031,1.0774629,0.20247962,-0.52933455,1.1683275,-0.51828915,-1.0008208,0,1,0
0,-0.20306134,-0.54487896,-0.6319053,0.5885506,0.39798442,0.5285948,-0.40069535,0,1,0
0,0.39791524,1.2802478,-1.0131805,0.4288525,1.6714087,0.007442938,1.0996172,0,0,1
0,-1.35496,-0.8152864,-0.38877326,0.4088902,0.6652463,0.46759963,1.4997002,0,0,1
0,-1.3048747,-1.1532751,-0.52691644,0.39890924,-1.4099636,0.34583434,0.89957476,0,0,1
0,-1.2047043,-0.8828677,-0.72584265,1.147493,-1.6300616,1.2223798,1.0996172,0,0,1
0,1.3494883,0.26628166,-0.2782587,0.2691548,-1.1741443,0.3501605,-2.301092,0,1,0
0,-1.2547895,-0.54487896,0.9705558,-1.1980695,-1.2213081,-1.1693699,1.6997416,0,1,0
0,1.4997287,1.7534404,-0.81425434,0.2891171,-0.21514577,-0.0271267,-0.40069535,0,0,1
0,1.0990776,0.6042704,-0.09590969,-0.40956107,-0.73394823,-0.5229176,-1.3008834,1,0,0
0,-1.0043788,-1.1532751,0.67769223,-0.7289569,-1.6929468,-0.5514718,0.2994503,0,1,0
0,0.19758973,-0.13930896,-0.60427666,0.33902267,1.4198681,0.20189232,-0.6007378,0,0,1
0,-0.4033869,-1.0180714,-1.0905406,0.74824834,0.6180824,0.36624438,-0.70075804,1,0,0
0,0.097434595,1.0774629,-0.6871626,1.5766809,-0.4038012,1.8517616,1.399679,0,0,1
0,0.047349393,0.8746573,1.1529047,-1.337805,-1.0326527,-1.3181171,1.1996374,0,0,1
0,1.1491475,1.3478497,-1.024232,1.2173609,0.9010656,1.04336,-0.3006751,0,1,0
0,1.0990776,1.009861,0.26878834,-0.93856037,-1.0798166,-1.1134336,-0.70075804,0,1,0
0,-2.056107,-2.3024244,-0.70373976,0.09947573,0.02067353,-0.20532647,0.6995333,0,1,0
0,0.94882196,0.4014854,-0.42745337,-0.12010892,-1.3470784,-0.31923038,-1.3008834,0,1,0
0,0.99890715,0.53666854,-0.52139074,0.62847483,-1.4256848,0.67468554,-1.2008623,0,0,1
0,1.2493179,0.13109854,1.169482,-0.9485415,-0.27803093,-0.6434526,-2.301092,0,0,1
0,-0.5536425,-1.0180714,-0.6871626,1.3970209,-1.598619,1.6030365,-0.40069535,1,0,0
0,-0.753968,-1.0856733,1.0700189,-1.3976917,-1.5671765,-1.4586219,-0.10063361,0,1,0
0,-1.35496,-1.2208564,-0.27273297,0.09947573,-1.4414061,0.106972314,0.89957476,0,1,0
0,0.6984112,0.46908727,0.9208242,-1.2080506,0.979672,-1.2106385,-0.70075804,0,1,0
0,-1.1546191,-0.6124808,0.12511942,-0.31973127,1.0111146,-0.24540386,1.399679,0,1,0
0,2.0506353,2.091429,0.05881069,-0.9086171,-1.5514551,-1.1815766,-1.0008208,0,1,0
0,0.047349393,-0.6800827,-1.2452611,1.8162279,0.09927996,1.6093644,-1.100842,0,1,0
0,0.047349393,-0.4096958,0.10854224,-0.030278714,-1.3156358,0.18532032,-0.70075804,0,1,0
0,1.7000542,1.009861,0.114067964,-0.3596555,0.09927996,-0.3135273,-1.9010079,0,0,1
1,1.2994031,0.67187226,-0.94134605,1.9958879,-0.23086706,2.1625955,-1.6009462,0,1,0
0,-0.0027358106,-0.071707085,0.6169092,-1.1880883,0.09927996,-1.3282439,-0.10063361,0,0,1
0,0.24767493,-0.13930896,-0.5434936,0.87800276,1.4513106,1.0083997,-0.70075804,0,1,0
0,-1.2047043,-1.0856733,-0.43850482,0.029607834,1.3727041,-0.11294542,0.79955447,0,1,0
0,0.19758973,1.212646,0.5340233,-0.7688815,-1.5828978,-0.69840264,1.399679,0,1,0
0,0.7985816,0.33388352,-0.7866257,0.9378897,-0.057932902,0.88057023,-1.100842,0,1,0
0,-0.0027358106,-0.4096958,2.6006455,-1.9965588,-0.828276,-1.9330266,-0.6007378,0,1,0
0,1.0990776,1.1450647,-0.28378445,0.4587958,1.1054423,0.6220791,-0.50071657,0,1,0
0,0.19758973,0.80707604,-0.95792323,1.6066242,1.0897211,1.6247743,0.79955447,0,0,1
0,0.19758973,1.3478497,0.5063946,-0.50937223,0.115001254,-0.3000607,1.5997214,0,1,0
0,-1.2547895,-0.4096958,-0.94687176,0.5286637,0.33509928,0.19294676,1.8997831,1,0,0
0,0.097434595,1.1450647,0.35167426,-0.9485415,1.0739998,-1.0842643,1.4997002,0,1,0
0,-1.6053706,-1.4912639,-0.32799026,-0.06022199,0.22505026,-0.16431153,0.999596,0,1,0
0,-0.25314656,0.53666854,0.17485097,-0.17999546,-0.52957153,0.001720263,1.2996587,0,1,0
0,1.0990776,1.009861,-0.4992878,0.4488148,0.08355868,0.43806922,-0.70075804,0,0,1
0,-0.50355726,0.13109854,0.6500636,-0.7688815,-0.6867844,-0.6321639,1.1996374,0,0,1
0,0.6984112,0.67187226,-0.2948359,-0.34967452,-0.26230964,-0.5620575,-0.40069535,0,0,1
0,-0.25314656,0.46908727,-0.9689747,0.9478707,-1.6929468,0.73469394,1.1996374,0,0,1
0,1.4496434,1.6182365,-0.637431,0.9478707,0.74385273,1.0247277,-0.50071657,0,1,0
0,0.54817086,0.67187226,-0.8916145,1.1075684,1.2940978,1.0176767,-0.10063361,0,1,0
0,0.24767493,-0.13930896,-0.68163687,0.8480595,0.036394816,0.8477778,-0.70075804,0,0,1
0,1.0990776,0.94225913,1.1860591,-1.3078618,-1.1741443,-1.2511457,-0.8007793,0,1,0
0,-1.1045492,-1.1532751,-0.22852716,0.728286,0.82245916,1.0606054,0.49949178,0,1,0
0,-0.5536425,-0.00410521,0.5174461,-0.8786736,-0.49812892,-0.88328177,1.0996172,0,1,0
0,-1.3048747,-0.95046955,1.5507572,-1.5374274,-0.45096508,-1.4865513,1.1996374,0,1,0
0,-0.15297614,0.6042704,0.44561163,-0.27980664,1.4984745,0.026309825,1.1996374,0,0,1
0,-1.2547895,-0.54487896,-0.05170387,-0.0003354402,1.5456383,0.11771417,1.6997416,0,0,1
0,1.0990776,0.7394741,-0.80320287,1.3670776,0.5080334,1.4514571,-1.100842,0,1,0
0,0.54817086,0.33388352,-0.057229597,-0.13008988,-0.26230964,-0.080299586,-0.6007378,0,1,0
0,0.24767493,0.4014854,2.2691019,-1.9666156,1.577081,-1.9930841,0.09940883,0,1,0
0,1.1491475,1.212646,0.36272573,-0.47942898,0.6966889,-0.34165207,-0.50071657,0,1,0
0,-0.85413843,-0.54487896,1.3463053,-1.1681262,0.35082054,-0.931201,0.89957476,0,0,1
0,-0.4033869,0.33388352,0.04775923,-0.64910805,-1.1427017,-0.7945726,1.2996587,0,0,1
1,-0.80405325,-0.8828677,-0.6540082,2.0657558,0.1778864,2.564414,0.2994503,0,0,1
0,1.1992327,0.67187226,-1.228684,1.9360013,1.1211636,1.7807473,-1.4009037,0,1,0
0,0.34784535,-0.4096958,0.27431408,-0.4993913,-0.8754398,-0.42768526,-1.3008834,0,0,1
0,0.49808568,0.33388352,0.3406228,-0.6790513,-0.48240766,-0.6680909,-0.50071657,0,1,0
0,-0.50355726,0.19867977,1.5894374,-1.1980695,1.1054423,-0.8631258,1.2996587,0,0,1
1,1.1992327,0.13109854,-1.0684378,2.2354348,-0.02649033,2.343295,-2.2010705,0,1,0
0,0.49808568,1.0774629,-1.3170955,1.496832,-1.5514551,1.1289247,0.599513,0,0,1
0,-1.3048747,-0.74768454,-1.0573864,1.9060577,1.467032,1.9210767,1.4997002,0,0,1
0,-1.0043788,-1.4912639,-0.6926883,1.1674553,0.5080334,1.2801716,-0.20065387,0,1,0
0,0.648326,0.26628166,-1.0684378,0.66839945,-0.27803093,0.27964428,-0.9007995,0,1,0
0,2.0506353,2.294214,-0.1180126,0.23921151,-0.04221162,0.4266143,-0.70075804,0,0,1
0,0.34784535,0.13109854,-1.0573864,1.4768697,-0.9068824,1.3550336,-0.50071657,0,1,0
0,-1.35496,-1.1532751,0.8710927,-1.2579561,0.20932898,-1.3180193,0.999596,0,0,1
0,-1.6053706,-1.626447,0.042233504,-0.34967452,1.1211636,-0.34463042,0.79955447,0,1,0
0,-0.45347208,-0.4096958,-0.5545451,0.41887155,-0.4038012,0.3524554,0.2994503,0,1,0
0,0.54817086,0.6042704,-0.7921514,0.5087014,-1.5042913,0.2895465,-0.20065387,0,0,1
0,1.649969,1.212646,-0.5434936,0.48873943,-0.73394823,0.45959207,-1.500925,0,0,1
0,0.097434595,0.67187226,1.3131509,-1.247975,0.68096757,-1.0866079,0.79955447,1,0,0
0,-0.0027358106,0.94225913,-0.86398584,0.9578516,-0.105096765,0.8400434,1.399679,0,1,0
0,-0.50355726,0.26628166,-0.19537279,-0.56925917,-0.938325,-0.8210176,1.399679,0,1,0
0,-0.6037277,-0.13930896,0.13064516,-0.12010892,-0.67106307,0.063457124,0.999596,1,0,0
0,-0.85413843,-0.74768454,0.8600412,-0.9285792,1.0425571,-0.77714133,0.599513,0,1,0
0,0.6984112,0.46908727,0.42903444,-0.56925917,-0.105096765,-0.44251922,-0.70075804,0,0,1
0,1.2493179,1.3478497,1.5839115,-1.4675597,1.4984745,-1.3473157,-0.50071657,0,0,1
0,-1.9559366,-1.8968339,0.417983,-0.91859823,-1.4099636,-1.001209,1.0996172,0,1,0
0,0.29776013,1.3478497,-0.27273297,-0.020297749,-0.21514577,-0.067633934,1.399679,0,0,1
0,1.7501394,2.0238273,-0.26168153,0.6085125,-0.2937522,0.8580511,-0.50071657,0,0,1
0,0.648326,0.8746573,-0.58217376,0.9778139,-1.4414061,1.1150774,-0.0006123865,0,1,0
1,2.00055,2.159031,-1.4828674,2.8542638,0.8381804,2.6558084,-0.8007793,1,0,0
0,-1.0043788,-1.6940489,0.7937325,-1.2180318,-1.2841933,-1.2897388,-0.50071657,1,0,0
0,-1.0043788,-0.74768454,0.37377718,-0.22990105,-0.92260367,0.057549126,0.89957476,0,1,0
0,-0.052821014,0.19867977,0.54507476,-1.0882771,0.6966889,-1.2039592,0.39947057,0,1,0
0,-1.2547895,-0.74768454,-0.40535045,0.29909807,-1.4571275,0.29720253,1.399679,0,1,0
0,-0.7038828,-0.13930896,1.6723232,-1.9865776,0.539476,-2.2431574,1.1996374,0,1,0
0,0.44800046,0.33388352,0.16932525,0.009645524,-0.45096508,0.28929287,-0.40069535,0,1,0
0,0.24767493,1.212646,0.5340233,-0.55927783,-1.6615041,-0.36290127,1.2996587,0,0,1
0,1.2493179,0.26628166,-0.6871626,0.8181162,0.14644383,0.80158746,-2.10105,0,1,0
0,-0.50355726,0.13109854,0.78820676,-1.1182206,-0.92260367,-1.1281989,1.1996374,0,1,0
0,-1.4050299,-1.4236621,-1.1181693,1.8062465,1.1997701,1.727028,0.6995333,0,1,0
0,1.3494883,0.4014854,0.13617088,-0.56925917,-1.6929468,-0.62004465,-2.10105,0,1,0
0,-0.80405325,-1.2208564,-0.37772182,0.69834274,1.6714087,0.8927965,-0.20065387,0,1,0
0,-1.4050299,-1.4236621,-0.4937621,-0.27980664,0.68096757,-0.59125644,0.6995333,1,0,0
0,0.648326,0.26628166,-0.5490194,0.14938131,1.4041468,-0.022908002,-0.9007995,0,1,0
0,-0.50355726,-1.1532751,-0.8971402,0.71830505,-1.1427017,0.48825374,-0.70075804,0,0,1
0,1.4997287,0.80707604,-0.72031695,0.18930593,-0.15226063,-0.09350254,-1.8009876,0,1,0
0,-0.6037277,-0.6124808,-0.9800261,0.538645,0.08355868,0.17970511,0.2994503,0,1,0
0,-0.35331696,-0.6124808,-0.7755742,1.2073796,-1.268472,1.2590882,-0.20065387,0,1,0
0,0.59825605,0.46908727,0.7550524,-0.75890017,-0.15226063,-0.55586624,-0.50071657,0,1,0
0,-0.6037277,-0.2068902,-0.50481355,0.4787581,-1.2055868,0.4761445,0.89957476,0,0,1
0,-0.25314656,-0.071707085,-0.758997,1.1674553,-0.7811121,1.2195868,0.39947057,0,1,0
0,1.1491475,1.1450647,0.3958801,-0.14007123,0.5551973,0.21386449,-0.6007378,0,1,0
0,-1.054464,-0.6800827,0.49534318,-1.0982583,-1.2841933,-1.2454426,1.0996172,0,1,0
0,1.0990776,0.8746573,2.164113,-1.8069175,-0.105096765,-1.7290365,-0.9007995,0,0,1
0,0.7484964,0.46908727,-0.9966033,0.7083237,0.115001254,0.39201507,-0.8007793,0,0,1
0,-1.3048747,-1.1532751,1.2965738,-1.1082394,0.9167869,-0.8521299,0.89957476,0,0,1
0,-0.30323175,0.6042704,-0.36667037,0.009645524,-1.5828978,-0.09055332,1.4997002,0,0,1
0,-0.6537976,-0.13930896,0.27431408,-0.8187871,1.7185725,-0.92423797,1.0996172,0,1,0
0,-0.15297614,0.19867977,-0.42745337,0.039589178,-1.3942423,-0.09079738,0.599513,1,0,0
0,-0.0027358106,-0.2068902,-1.1789523,2.1855292,-0.4352438,2.156678,-0.3006751,0,1,0
0,-0.95429355,-0.4772977,-1.145798,1.0975873,-0.56101406,0.7751228,1.1996374,1,0,0
0,1.8002245,1.5506347,2.0757015,-1.7669932,0.13072254,-1.6884514,-1.3008834,0,0,1
0,0.648326,0.46908727,-0.040652413,0.069532454,1.1054423,0.2302507,-0.6007378,0,0,1
0,-1.2047043,-0.95046955,-0.32799026,-0.020297749,-1.3942423,-0.10650013,0.999596,1,0,0
0,-0.80405325,-0.6800827,4.2252097,-2.4856334,-0.2937522,-2.4612975,0.599513,0,1,0
0,-1.054464,-1.5588452,-1.2784154,1.5167943,-0.32519478,1.1920681,-0.20065387,0,1,0
0,0.14750452,0.8746573,-1.145798,2.0457935,0.067837395,2.010841,0.999596,0,1,0
0,-1.2547895,-1.2208564,0.39035437,-0.6391271,0.115001254,-0.5760222,0.6995333,0,1,0
0,-0.95429355,-0.8828677,-0.9800261,0.9578516,0.7910166,0.7383266,0.599513,0,0,1
0,0.7484964,0.46908727,1.8325694,-1.8668044,0.6966889,-1.966981,-0.8007793,0,0,1
0,-1.3048747,-0.95046955,-0.48271063,0.11943804,1.4041468,-0.016814683,1.1996374,0,0,1
0,0.24767493,0.46908727,-0.28378445,-0.06022199,0.8067379,-0.13353075,0.1994291,0,1,0
0,-1.4551151,-1.2208564,-0.7755742,0.25917345,1.356983,-0.03878697,1.0996172,0,1,0
0,0.8486668,0.67187226,-0.20089853,0.4787581,0.4137057,0.71676457,-0.70075804,0,1,0
0,1.3494883,1.4154516,0.35167426,-0.7489192,0.6338037,-0.7711846,-0.6007378,1,0,0
0,1.8002245,1.9562253,-0.8750373,1.7763033,-1.268472,1.936213,-0.70075804,0,1,0
0,0.34784535,0.7394741,-0.5490194,0.29909807,0.6338037,0.18802503,0.39947057,0,1,0
0,0.8987367,0.46908727,-0.6595339,1.1973985,-0.30947348,1.3520648,-1.100842,0,0,1
0,-0.30323175,-0.6124808,0.721898,-0.40956107,-0.6238992,-0.004060695,-0.3006751,0,1,0
0,-0.0027358106,0.94225913,1.7938893,-1.667182,-1.6615041,-1.6174862,1.399679,0,0,1
0,1.9003797,1.8886235,-0.68163687,1.8661335,0.759574,2.258219,-1.0008208,0,1,0
0,-0.7038828,-0.13930896,-1.4386616,1.5866623,0.6966889,1.1231729,1.1996374,1,0,0
0,-0.35331696,-0.8828677,-0.30588734,0.049570143,1.6556873,0.010489598,-0.6007378,0,1,0
0,-1.1045492,-1.6940489,-0.83635724,-0.0003354402,0.8067379,-0.4369623,-0.3006751,0,1,0
0,-0.15297614,0.80707604,0.114067964,0.38892826,0.2879354,0.82902837,1.4997002,0,0,1
0,-0.15297614,-0.4772977,0.036707778,-0.27980664,-1.6300616,-0.24251337,-0.40069535,0,1,0
0,-1.054464,-1.5588452,0.15274806,-0.52933455,-0.52957153,-0.5487867,-0.20065387,0,1,0
0,-1.4050299,-1.1532751,1.4070883,-1.247975,-1.0955378,-1.0409545,1.0996172,0,0,1
0,-1.5052003,-1.4236621,-0.333516,-0.080184296,0.68096757,-0.19704525,0.89957476,0,1,0
1,0.7985816,0.063496664,-1.1789523,0.8181162,-0.48240766,0.38266975,-1.500925,0,1,0
0,0.54817086,0.7394741,-0.8584601,0.24919248,1.2154913,-0.11470302,-0.0006123865,0,0,1
0,-0.0027358106,0.94225913,-0.28931016,0.11943804,-1.3470784,0.12400283,1.399679,0,1,0
0,0.7985816,0.6042704,0.4621888,-0.5892215,-0.81255466,-0.4541203,-0.70075804,0,1,0
0,-1.6053706,-1.4912639,0.48429173,-0.9485415,0.14644383,-1.0127814,0.999596,1,0,0
0,0.047349393,-0.6800827,-0.7479456,1.4768697,-1.2370294,1.6547151,-1.100842,0,1,0
0,1.1491475,0.063496664,0.6279607,-1.0283904,-1.158423,-1.0644795,-2.2010705,0,1,0
0,-1.3048747,-1.1532751,-0.59875095,0.29909807,0.08355868,0.15023297,0.89957476,0,1,0
0,0.648326,0.4014854,-0.057229597,0.17932458,1.0739998,0.3825723,-0.70075804,0,1,0
0,-0.4033869,-1.0180714,-0.27273297,0.3190604,0.7910166,0.42708284,-0.70075804,0,1,0
0,0.19758973,-0.2068902,-0.28378445,0.2192492,0.39798442,0.27333605,-0.70075804,0,0,1
0,-1.054464,-0.8152864,0.34614855,-0.7888438,-0.7653908,-0.8369353,0.89957476,0,0,1
0,0.047349393,0.94225913,-0.82530576,1.2073796,-0.21514577,1.2132977,1.2996587,0,0,1
0,-1.2047043,-0.6800827,1.9099295,-1.4775406,-1.3156358,-1.2199547,1.399679,1,0,0
0,-1.1546191,-0.74768454,1.1197504,-1.3677485,-1.3156358,-1.3847367,1.1996374,0,1,0
0,-1.1045492,-1.8292526,1.7662606,-1.5973141,1.1054423,-1.501785,-0.50071657,0,1,0
0,-0.0027358106,1.009861,1.5065514,-1.1681262,-0.21514577,-0.85105574,1.4997002,0,1,0
0,-0.80405325,-1.2208564,0.24668543,0.09947573,1.3098191,0.48333198,-0.20065387,0,0,1
0,1.9003797,1.8886235,0.58928055,-0.41954243,0.5551973,-0.10427353,-1.0008208,0,1,0
0,0.34784535,0.67187226,-0.23957862,-0.1700145,-0.13653934,-0.26345024,0.2994503,0,1,0
0,-2.2063472,-2.5728114,-0.637431,0.24919248,-0.7811121,0.05130919,0.599513,0,1,0
0,-0.6037277,-0.8828677,0.5284976,-0.47942898,-0.95404625,-0.23852873,-0.10063361,0,1,0
0,0.7985816,-0.071707085,-0.7866257,0.36896595,-0.08937548,0.102958515,-1.7009664,0,1,0
0,-0.6037277,-1.0180714,0.9484529,-1.1481639,0.5080334,-1.0967637,-0.3006751,0,0,1
0,0.19758973,0.26628166,-0.2948359,0.62847483,-0.938325,0.8600628,-0.0006123865,0,1,0
0,1.599899,1.009861,-0.14564124,-0.20993873,-1.6929468,-0.25896788,-1.7009664,0,1,0
0,0.6984112,0.26628166,0.07538787,0.46877712,1.0268359,0.9203448,-1.0008208,0,0,1
0,0.49808568,0.6042704,1.5618087,-1.8368609,0.94822943,-2.0155249,-0.10063361,0,1,0
0,-1.35496,-1.0180714,-0.08485824,0.92790836,1.0739998,1.4783511,1.1996374,0,0,1
0,-1.3048747,-1.0180714,-0.42745337,0.27913576,-0.6238992,0.2518519,1.0996172,0,1,0
0,1.1491475,1.212646,1.4623456,-1.4975029,-1.0169314,-1.4545207,-0.50071657,1,0,0
0,-0.30323175,-0.6800827,0.40693155,-0.7788625,1.1054423,-0.7867016,-0.40069535,0,1,0
0,1.7000542,1.8886235,-0.9910776,1.077625,-0.21514577,0.88801134,-0.6007378,0,1,0
0,-1.4050299,-1.0180714,0.19142815,-0.41954243,-0.19942449,-0.35598746,1.2996587,0,1,0
0,-0.85413843,-0.34209394,0.114067964,-0.3097499,0.36654183,-0.23735714,1.1996374,0,0,1
0,1.1992327,1.212646,-0.47718492,0.20926785,-0.04221162,0.11491157,-0.6007378,0,0,1
0,0.24767493,0.53666854,1.0423902,-1.3677485,0.2722141,-1.4206933,0.2994503,0,1,0
0,1.649969,0.8746573,-0.8087286,0.73826736,-1.4099636,0.5892088,-2.001029,0,1,0
0,1.7501394,2.0238273,-0.41087618,0.09947573,-0.81255466,0.006876499,-0.50071657,0,1,0
0,0.29776013,0.13109854,0.4566631,-0.5892215,-1.6457828,-0.45745018,-0.40069535,0,1,0
0,-0.85413843,-1.4236621,-0.576648,-0.0103164045,0.5551973,-0.2673857,-0.40069535,0,1,0
0,0.94882196,0.33388352,1.9486096,-1.8168987,1.0897211,-1.8309195,-1.4009037,0,1,0
0,2.1507905,2.226612,1.3020995,-1.5074841,-1.0798166,-1.5426534,-1.0008208,0,1,0
0,0.54817086,0.33388352,0.58928055,-0.9285792,-0.49812892,-0.92404264,-0.6007378,0,0,1
0,-1.6554406,-1.2884582,-0.062755324,0.62847483,1.4984745,1.0499614,1.399679,1,0,0
0,1.1491475,1.1450647,-0.47718492,0.24919248,-0.81255466,0.17166795,-0.6007378,0,0,1
0,-0.6537976,-1.0180714,-0.9081917,0.63845617,-0.938325,0.37161553,-0.20065387,0,1,0
0,1.0489924,0.80707604,-0.6761111,0.7981539,-1.48857,0.78332573,-0.9007995,0,1,0
0,-1.3048747,-1.0856733,-0.28931016,0.61849385,0.6652463,0.85006315,0.999596,1,0,0
0,1.8002245,1.2802478,-0.36667037,1.0077572,-0.37235865,1.3478949,-1.7009664,0,1,0
0,-0.30323175,0.4014854,-0.6705854,1.3071907,-1.5357338,1.4942297,1.1996374,0,1,0
0,1.8002245,1.3478497,1.5894374,-1.667182,-0.07365419,-1.7016739,-1.6009462,0,1,0
0,-0.85413843,-0.6800827,1.5673344,-1.4076729,1.1526061,-1.2479134,0.6995333,1,0,0
0,-0.95429355,-1.4912639,0.36825144,-0.6990136,0.35082054,-0.6832468,-0.3006751,0,1,0
0,1.1491475,0.80707604,-0.84740865,1.3471153,-0.7653908,1.3824353,-1.100842,0,1,0
0,1.1992327,0.063496664,-0.6705854,1.2273419,0.5237547,1.3834507,-2.301092,0,1,0
1,0.99890715,-0.071707085,-1.2784154,1.756341,1.4041468,1.4986241,-2.10105,0,1,0
0,1.0990776,0.53666854,-1.0463349,1.6565298,-0.49812892,1.6030365,-1.4009037,0,1,0
0,-1.3048747,-0.95046955,0.57270336,-0.8986359,-0.2937522,-0.8849028,1.1996374,0,0,1
0,-0.5536425,0.063496664,-0.44955626,0.4288525,0.759574,0.44870362,1.1996374,1,0,0
0,0.8987367,0.53666854,0.20247962,-0.14007123,-1.0955378,0.081933334,-1.0008208,0,1,0
0,-0.6037277,-0.95046955,0.296417,-0.4494857,1.0582784,-0.3362322,-0.20065387,0,1,0
0,0.29776013,1.2802478,-0.42192763,-0.17999546,-1.0483739,-0.40116233,1.2996587,0,1,0
0,-0.50355726,0.19867977,2.1530616,-1.5573897,1.1368849,-1.2623757,1.2996587,0,1,0
0,0.29776013,0.46908727,-1.1071179,1.2872288,-1.6929468,1.058428,0.09940883,0,0,1
0,1.0990776,0.67187226,1.6170659,-1.677163,-0.59245664,-1.7081875,-1.2008623,0,1,0
0,1.7000542,1.8886235,-0.902666,1.3371344,-0.15226063,1.316753,-0.6007378,0,1,0
0,0.19758973,1.009861,0.90977275,-1.0283904,-0.07365419,-0.9165623,1.0996172,0,1,0
0,1.2994031,1.0774629,-0.1180126,-0.10014661,1.1997701,-0.07739909,-1.0008208,0,0,1
0,1.7000542,1.8210422,-1.0076548,1.5267754,-1.2055868,1.4694548,-0.70075804,0,0,1
0,0.29776013,0.063496664,-1.3391985,0.9977762,0.35082054,0.4741524,-0.50071657,0,1,0
0,-1.4050299,-1.1532751,0.21353106,-0.21992008,-1.6457828,-0.03380649,1.0996172,0,0,1
0,0.39791524,0.46908727,-0.9302946,0.46877712,1.5299171,0.12588792,-0.10063361,0,0,1
0,1.0990776,0.7394741,-0.58217376,1.8561522,-0.08937548,2.3473969,-1.100842,0,0,1
0,0.94882196,0.67187226,-1.3834043,1.4868511,0.319378,1.0518852,-0.9007995,0,1,0
0,0.54817086,0.6042704,0.06986214,-0.20993873,0.2879354,-0.11462516,-0.20065387,0,0,1
0,1.8503097,1.6182365,-1.2342097,1.92602,0.46086955,1.7620958,-1.3008834,0,1,0
0,1.7501394,1.8210422,-0.6595339,0.90794605,-1.0326527,0.9499244,-0.8007793,0,0,1
0,0.29776013,0.13109854,-1.692845,1.2273419,-1.3313571,0.4385965,-0.40069535,0,0,1
0,0.097434595,0.19867977,-1.8641427,1.9459823,-1.0640953,1.125409,0.09940883,0,1,0
0,-1.5552855,-1.3560601,-0.10143542,-0.54929686,-0.37235865,-0.7343688,1.0996172,0,1,0
0,-1.0043788,-1.3560601,-0.08485824,-0.29976895,-0.92260367,-0.3521986,-0.0006123865,0,1,0
0,-1.3048747,-1.1532751,1.0147616,-1.1182206,-1.1741443,-1.0128884,0.89957476,0,1,0
0,1.1992327,1.212646,-0.001972318,-0.0103164045,-0.105096765,0.13784051,-0.6007378,0,0,1
0,1.7501394,1.9562253,1.8988781,-1.667182,-0.12081805,-1.5742548,-0.6007378,0,0,1
0,-0.5536425,-0.74768454,-0.4937621,0.74824834,-1.5514551,0.8672111,-0.0006123865,0,1,0
0,0.097434595,-0.34209394,-0.58217376,1.147493,1.2783765,1.3531389,-0.70075804,0,0,1
0,-0.4033869,-0.8152864,0.36272573,-0.88865477,1.1526061,-0.9842659,-0.40069535,0,1,0
0,1.2493179,0.53666854,0.20800534,-0.3097499,0.7910166,-0.17609838,-1.7009664,0,1,0
0,0.94882196,0.26628166,-0.1180126,-0.5892215,0.74385273,-0.80377173,-1.500925,0,1,0
0,0.19758973,1.009861,0.67769223,-1.0982583,0.46086955,-1.1519876,1.0996172,1,0,0
0,2.0506353,2.091429,0.09196506,-0.36963683,-0.34091607,-0.34294114,-1.0008208,0,1,0
0,0.14750452,1.212646,2.567491,-2.0364833,-1.5042913,-2.0230248,1.4997002,0,1,0
0,1.8503097,1.6182365,-0.024075229,-0.14007123,-0.010769043,-0.07261441,-1.3008834,0,1,0
0,-0.95429355,-0.54487896,-0.43850482,0.57856923,-0.4352438,0.6712186,1.0996172,0,0,1
0,0.94882196,0.80707604,0.6500636,-1.0882771,-1.3313571,-1.1499658,-0.70075804,0,1,0
0,1.0990776,0.94225913,0.4732403,-0.45946667,-0.59245664,-0.24116558,-0.8007793,1,0,0
0,1.9504648,2.159031,-0.22300144,-0.25984433,-1.5828978,-0.38397518,-0.70075804,0,1,0
0,-1.1045492,-1.8292526,-0.5600708,0.4488148,-1.6457828,0.3902675,-0.50071657,0,1,0
0,0.54817086,1.4830534,-0.26720726,0.25917345,-0.8754398,0.34394014,1.0996172,1,0,0
0,-0.5536425,-0.74768454,-0.6484825,0.75822926,-1.4571275,0.7512172,-0.0006123865,0,1,0
0,-0.6037277,-0.8828677,-0.27273297,-0.6391271,-0.5767354,-0.96976435,-0.10063361,0,1,0
0,-0.4033869,0.19867977,-0.42192763,-0.110127576,0.82245916,-0.3011544,1.0996172,0,1,0
0,-0.95429355,-1.4912639,-1.2342097,1.7164167,1.3098191,1.492218,-0.3006751,0,0,1
0,-0.4033869,0.4014854,-0.58217376,0.8380785,0.71241015,0.9190262,1.399679,1,0,0
0,0.7985816,0.46908727,2.611697,-1.9266909,1.1054423,-1.7915843,-0.9007995,0,0,1
0,-1.2547895,-0.95046955,-1.5436504,1.3570963,0.46086955,0.736452,1.0996172,0,1,0
0,-0.052821014,-0.54487896,0.6555893,-0.51935357,-1.4414061,-0.22423251,-0.70075804,0,1,0
0,-0.753968,-1.1532751,1.5010257,-1.5274463,-1.268472,-1.4904869,-0.20065387,0,1,0
0,-1.2547895,-1.2884582,-0.38877326,0.4787581,-1.6143403,0.56801784,0.599513,0,0,1
0,0.19758973,-0.27449208,-0.09038396,-0.15005219,0.25649282,-0.13272025,-0.8007793,0,1,0
0,0.49808568,0.67187226,-0.17326988,0.68836176,0.08355868,1.0478911,-0.0006123865,0,0,1
0,1.0990776,0.7394741,0.5561262,-0.7189759,-0.48240766,-0.60570925,-1.100842,0,0,1
0,-0.80405325,-0.4772977,-0.82530576,1.3570963,-1.6143403,1.4169071,0.89957476,0,0,1
0,0.6984112,0.4014854,-0.4164019,-0.25984433,-0.52957153,-0.51180464,-0.8007793,0,0,1
0,1.7501394,1.3478497,-0.7866257,1.2872288,-0.4352438,1.3580512,-1.500925,1,0,0
0,0.097434595,0.063496664,-0.5490194,1.1075684,-1.0483739,1.327065,-0.10063361,0,1,0
0,-0.95429355,-1.5588452,0.68874365,-1.2379938,0.5866399,-1.373819,-0.40069535,0,1,0
0,-0.50355726,0.063496664,2.7277372,-2.0664268,-1.4571275,-2.0270777,1.0996172,0,1,0
0,1.1491475,0.67187226,0.6500636,-0.88865477,-1.6457828,-0.8263396,-1.3008834,0,1,0
0,1.7501394,1.7534404,-0.23957862,-0.10014661,-1.3627998,-0.16118655,-0.9007995,0,1,0
0,-0.15297614,-0.54487896,-1.0684378,1.736379,0.47659084,1.6860814,-0.50071657,0,1,0
0,-0.85413843,-1.1532751,-0.48271063,0.548626,-0.70250565,0.59290016,-0.0006123865,0,1,0
0,-0.90420836,-1.0856733,-0.16221842,-0.0103164045,0.4137057,0.024845006,0.1994291,0,0,1
0,-0.6037277,-0.071707085,-0.40535045,0.4587958,-0.6553418,0.52626073,1.0996172,1,0,0
0,0.29776013,0.4014854,-0.62085384,1.2772474,-0.5138502,1.4990932,-0.0006123865,0,0,1
0,-0.45347208,-0.74768454,0.77715534,-1.2779183,0.036394816,-1.3963186,-0.20065387,0,1,0
0,0.648326,0.19867977,-0.6650597,1.5667,0.2722141,1.8597009,-1.0008208,0,1,0
0,-1.2547895,-0.4096958,1.4899743,-1.5673709,0.036394816,-1.5659735,1.8997831,0,1,0
0,0.8486668,0.33388352,0.4732403,-0.40956107,0.20932898,-0.16182129,-1.2008623,0,0,1
0,-0.6537976,-0.2068902,-0.9800261,1.0476818,-1.158423,0.8580315,0.999596,0,0,1
0,1.7501394,1.0774629,-0.40535045,0.69834274,-0.4352438,0.86984754,-1.9010079,1,0,0
0,0.39791524,0.53666854,0.05328496,-0.4494857,-0.45096508,-0.48876825,-0.0006123865,0,0,1
0,-1.1045492,-0.8152864,-0.6540082,0.9578516,-0.105096765,1.0241024,0.999596,0,1,0
0,-0.753968,-0.6800827,-0.44955626,0.4787581,1.7185725,0.5198937,0.49949178,0,1,0
0,-0.45347208,0.13109854,-0.46060774,0.8380785,-0.105096765,1.0230087,1.0996172,0,0,1
0,0.19758973,1.212646,0.82688683,-0.91859823,1.3884255,-0.7786353,1.399679,0,1,0
0,1.0489924,0.8746573,1.2081621,-1.5573897,1.4513106,-1.669829,-0.8007793,0,1,0
0,2.00055,2.0238273,0.89319557,-0.9585227,0.99539334,-0.80898625,-1.0008208,1,0,0
0,0.39791524,0.6042704,0.76610386,-1.1880883,-0.70250565,-1.2541533,0.09940883,0,0,1
0,0.49808568,0.4014854,-0.95792323,1.0576627,-0.02649033,0.8910972,-0.40069535,1,0,0
0,-0.30323175,-0.4772977,0.31299418,-0.8187871,-1.0640953,-0.90250015,-0.10063361,0,1,0
0,0.34784535,1.4154516,-0.22852716,0.39890924,0.74385273,0.5778613,1.399679,0,1,0
0,0.39791524,1.3478497,-0.4937621,0.4987204,1.1840488,0.51321393,1.1996374,0,0,1
0,-1.6554406,-1.4912639,0.58928055,-0.5393159,2.0487196,-0.29716066,1.0996172,0,1,0
1,-0.20306134,0.6042704,-1.7149479,2.5149057,1.5928022,1.9663881,1.2996587,0,1,0
0,-0.5536425,0.4014854,0.417983,-0.6990136,1.7814577,-0.6542432,1.6997416,1,0,0
0,0.99890715,0.26628166,0.3958801,-0.43950474,0.14644383,-0.25809866,-1.6009462,0,1,0
0,0.44800046,0.53666854,-0.31693882,-0.29976895,-1.6143403,-0.5039533,-0.10063361,0,1,0
0,0.24767493,-0.13930896,-0.36667037,0.22923017,0.20932898,0.22590542,-0.70075804,0,0,1
0,-1.0043788,-0.8828677,-0.20089853,-0.36963683,-1.6143403,-0.53081816,0.6995333,1,0,0
0,-1.0043788,-0.8828677,-0.5324422,0.92790836,-0.8754398,1.0883883,0.6995333,0,1,0
0,0.097434595,-0.13930896,0.6113835,-1.0383716,-1.48857,-1.0892935,-0.40069535,0,1,0
0,1.2994031,1.1450647,1.291048,-1.2878995,-1.2213081,-1.1666061,-0.9007995,0,1,0
0,-1.2047043,-1.9644357,-0.07380678,-0.090165645,-1.0798166,-0.032028858,-0.50071657,0,0,1
0,0.14750452,0.4014854,1.473397,-1.5573897,-0.30947348,-1.5554562,0.2994503,0,1,0
0,0.94882196,1.009861,-0.26168153,0.079513416,0.6652463,0.08583967,-0.40069535,0,0,1
0,0.29776013,0.26628166,-0.7645228,0.25917345,0.09927996,-0.030466596,-0.20065387,0,1,0
0,-0.45347208,0.4014854,1.3905112,-1.1980695,0.94822943,-0.9615615,1.4997002,1,0,0
0,0.39791524,0.80707604,0.5229718,-0.80880594,1.1054423,-0.76853776,0.39947057,0,0,1
0,-0.4033869,-0.8152864,-1.2452611,1.2473042,1.3412616,0.87795293,-0.40069535,0,0,1
0,-0.6537976,-0.13930896,-0.05170387,-0.4494857,-1.6929468,-0.55463594,1.0996172,0,1,0
0,-1.2547895,-0.8152864,-0.6761111,0.9778139,1.0897211,1.0324032,1.2996587,0,1,0
0,-0.4033869,-1.0180714,-0.52139074,0.5186827,1.797179,0.5194639,-0.70075804,0,1,0
0,0.19758973,0.7394741,-0.74241984,1.4070019,1.3412616,1.5640233,0.6995333,0,1,0
0,-1.2547895,-1.1532751,-0.10143542,-0.17999546,-0.52957153,-0.18479942,0.79955447,0,0,1
0,1.0990776,1.009861,-0.2782587,-0.1700145,-1.1427017,-0.2896312,-0.70075804,0,1,0
0,0.14750452,0.19867977,-0.31141308,1.1574739,-0.9068824,1.6140516,-0.0006123865,0,1,0
0,0.097434595,-0.4096958,1.1750077,-1.2180318,1.577081,-1.1024182,-0.8007793,0,0,1
0,1.7000542,1.8210422,0.20247962,0.9877953,-1.2527508,1.82104,-0.70075804,0,0,1
0,0.14750452,1.1450647,-0.96344894,1.327153,0.08355868,1.246061,1.399679,0,1,0
0,2.1007204,2.294214,-0.27273297,0.39890924,-1.0483739,0.543487,-0.8007793,0,1,0
0,-0.5536425,0.19867977,-0.9689747,1.3970209,-0.19942449,1.3340963,1.399679,0,1,0
0,0.44800046,0.4014854,0.32404563,-0.45946667,1.2312126,-0.33450374,-0.3006751,0,1,0
0,-0.6037277,-1.0856733,-0.7645228,0.728286,-1.5357338,0.612558,-0.40069535,0,1,0
0,0.047349393,-0.2068902,0.3406228,-0.41954243,0.82245916,-0.26159474,-0.40069535,0,1,0
0,-0.35331696,-1.0856733,-0.5600708,0.22923017,-1.6929468,0.08132819,-0.9007995,0,0,1
0,-0.6037277,-0.071707085,-0.2948359,0.029607834,0.2879354,-0.010623467,1.0996172,0,1,0
0,0.7484964,0.46908727,-0.40535045,0.728286,-0.48240766,0.91279626,-0.8007793,0,1,0
0,1.2493179,1.2802478,-1.5160217,1.9759256,0.1778864,1.5285261,-0.6007378,0,1,0
0,0.8987367,0.46908727,-0.41087618,-0.41954243,-0.4038012,-0.7370544,-1.100842,0,0,1
0,0.44800046,0.46908727,-0.70373976,1.74636,-1.4414061,2.0698242,-0.20065387,0,1,0
0,0.14750452,0.26628166,-0.2561558,-0.24986336,1.7500151,-0.3913093,0.09940883,0,1,0
1,0.34784535,0.7394741,5.186686,-2.6553125,0.979672,-2.616099,0.39947057,0,1,0
0,-1.5052003,-1.2208564,0.89872134,-0.9285792,0.25649282,-0.7561553,1.1996374,0,0,1
0,0.8987367,1.009861,-0.68163687,0.8979651,0.4451483,0.916917,-0.3006751,0,0,1
0,1.4997287,0.7394741,-0.07933251,0.069532454,1.1211636,0.20242916,-1.9010079,0,1,0
1,1.5498139,0.8746573,-1.123695,1.2572851,1.0111146,1.0037904,-1.8009876,0,1,0
0,-1.054464,-1.626447,-0.19537279,0.23921151,1.1368849,0.36864674,-0.3006751,0,1,0
0,1.4997287,1.8210422,-0.62637955,0.6783804,-0.13653934,0.6584063,-0.3006751,0,0,1
0,-1.4551151,-1.3560601,-0.39982474,0.27913576,0.96395075,0.27275002,0.89957476,0,1,0
0,1.0489924,0.80707604,-0.51033926,1.0277195,-1.5200126,1.2489516,-0.9007995,0,1,0
0,0.39791524,1.1450647,-0.7866257,0.34900364,1.8757854,0.07567382,0.89957476,0,1,0
0,0.29776013,-0.27449208,-0.96344894,0.9977762,-0.59245664,0.80617684,-1.0008208,0,0,1
0,-0.95429355,-1.5588452,-0.902666,1.6166055,0.08355868,1.6929957,-0.40069535,1,0,0
0,-0.90420836,-0.6124808,-0.7092655,0.57856923,0.7752953,0.45206308,0.89957476,0,0,1
0,0.54817086,0.80707604,0.28536552,-0.4993913,1.577081,-0.42084974,0.09940883,0,0,1
0,0.6984112,0.46908727,-0.38324755,0.64843714,-0.105096765,0.81643057,-0.70075804,0,0,1
0,-0.25314656,0.53666854,-1.0131805,1.4868511,-0.56101406,1.411087,1.2996587,0,1,0
0,1.2994031,0.13109854,2.1199071,-1.846842,-1.4099636,-1.8212613,-2.4011126,0,1,0
0,0.047349393,-0.2068902,-1.0573864,1.7263976,-0.938325,1.6841284,-0.40069535,0,0,1
0,-0.7038828,-0.00410521,-0.12353833,-0.10014661,-1.6300616,-0.08120798,1.399679,0,1,0
0,-0.10290622,-0.4096958,-0.32799026,0.089494765,-1.6615041,0.052480772,-0.40069535,0,1,0
0,0.49808568,0.4014854,0.56165195,-0.65908897,-1.5042913,-0.50635564,-0.40069535,0,1,0
0,-0.45347208,-1.0180714,0.26326263,-0.43950474,-1.6615041,-0.34153458,-0.6007378,0,0,1
0,1.649969,1.009861,0.16379952,-0.33969358,-0.95404625,-0.25089204,-1.8009876,0,0,1
0,1.0990776,0.4014854,-0.84740865,0.9977762,0.38226312,0.9087142,-1.6009462,0,1,0
0,0.14750452,-0.071707085,0.3958801,-1.0982583,1.0897211,-1.2964181,-0.40069535,0,0,1
0,1.2994031,0.67187226,0.27431408,-0.10014661,0.22505026,0.1930055,-1.6009462,0,0,1
0,-0.6537976,-0.27449208,-0.46613345,0.6783804,0.85390174,0.7909431,0.89957476,0,0,1
0,0.34784535,0.19867977,0.29089126,-0.39958012,-1.4728488,-0.26196584,-0.40069535,0,1,0
0,0.29776013,-0.13930896,2.0646498,-1.7470309,0.7752953,-1.6554445,-0.8007793,1,0,0
0,-0.753968,-1.4236621,0.5561262,-0.6890327,0.60236114,-0.557663,-0.6007378,0,0,1
0,-1.2547895,-1.0856733,-0.94134605,1.4768697,0.5866399,1.467414,0.89957476,0,0,1
0,0.24767493,-0.2068902,1.6667975,-1.5374274,0.5551973,-1.4361027,-0.8007793,0,1,0
0,-0.10290622,0.7394741,0.35167426,-0.4894103,1.1211636,-0.36418077,1.2996587,0,1,0
0,-0.15297614,-0.4772977,-0.6595339,0.4088902,-0.74966955,0.25657874,-0.40069535,0,1,0
0,-0.4033869,-1.0856733,-0.8750373,0.24919248,-0.84399724,-0.12715422,-0.8007793,0,0,1
0,0.8486668,0.063496664,6.385769,-2.7351613,-1.5357338,-2.5426826,-1.6009462,0,1,0
0,0.7985816,0.063496664,0.8545155,-1.3677485,-1.4728488,-1.5080155,-1.500925,0,1,0
0,-1.5052003,-1.1532751,-0.7755742,1.8960768,0.429427,2.2017546,1.2996587,0,1,0
0,-1.4551151,-1.2208564,-0.057229597,-0.20993873,1.1840488,-0.19975041,1.0996172,0,0,1
0,-0.90420836,-0.6800827,-0.26720726,-0.1700145,0.20932898,-0.28215092,0.79955447,0,1,0
0,-1.2047043,-0.6800827,1.0810703,-1.3577673,-1.0483739,-1.3857721,1.399679,1,0,0
0,0.8486668,0.4014854,-0.26168153,0.2192492,-0.35663736,0.28982016,-1.100842,0,0,1
0,1.1491475,1.212646,0.19142815,0.27913576,1.68713,0.7199679,-0.50071657,0,1,0
0,0.49808568,0.53666854,0.05328496,0.13940035,0.20932898,0.4037045,-0.20065387,0,1,0
0,0.99890715,0.33388352,-0.44403055,0.3190604,0.6338037,0.29630417,-1.500925,1,0,0
0,0.29776013,-0.4096958,-0.42192763,0.9179274,2.0015557,1.1703886,-1.2008623,1,0,0
0,-0.50355726,0.063496664,-0.9800261,1.9459823,-0.9697675,2.0550778,1.0996172,0,1,0
0,-1.1045492,-0.54487896,0.7937325,-0.9086171,0.869623,-0.78024673,1.399679,0,1,0
0,0.29776013,-0.00410521,-0.6650597,0.23921151,-0.27803093,0.016700394,-0.6007378,1,0,0
0,-1.3048747,-0.6800827,0.15827379,-0.62914574,1.0582784,-0.6985197,1.5997214,0,1,0
0,-0.80405325,-1.0180714,0.5340233,-0.42952338,-0.010769043,-0.15521026,0.09940883,0,0,1
1,0.34784535,1.212646,-1.123695,1.8361902,1.2783765,1.7604944,1.0996172,0,1,0
0,0.14750452,0.13109854,-0.37772182,0.5186827,-0.938325,0.63422745,-0.10063361,0,1,0
0,-1.9559366,-2.0996394,0.009079138,-0.7389382,-1.1741443,-0.9529092,0.79955447,1,0,0
0,0.24767493,0.94225913,-1.2563125,1.137512,-0.74966955,0.7267647,0.89957476,0,0,1
0,1.7000542,1.1450647,1.4015626,-1.417654,0.8381804,-1.3413002,-1.7009664,0,1,0
0,-0.85413843,-0.071707085,-0.1787956,0.15936227,0.067837395,0.2633364,1.5997214,0,1,0
0,0.7484964,0.33388352,0.5340233,-1.1282016,-0.02649033,-1.2735474,-1.0008208,0,1,0
0,0.54817086,0.80707604,-0.7313684,1.2972097,0.9010656,1.4234499,0.09940883,0,0,1
0,-0.85413843,-1.4912639,-0.30036163,0.1992869,-1.48857,0.2319696,-0.50071657,0,0,1
0,0.14750452,-0.34209394,-0.50481355,0.23921151,0.5866399,0.13677639,-0.8007793,0,0,1
0,-0.6037277,-0.8152864,-0.5434936,0.049570143,-0.70250565,-0.15957557,-0.0006123865,0,0,1
0,-0.35331696,-0.6800827,-0.23957862,0.33902267,-0.63962054,0.4816131,-0.3006751,0,0,1
0,-0.95429355,-1.5588452,-0.6926883,0.8680218,0.8067379,0.86592203,-0.40069535,0,1,0
0,-1.1546191,-1.5588452,0.23010825,-0.50937223,-1.2055868,-0.4704678,-0.0006123865,0,1,0
0,-1.35496,-1.0180714,-0.46060774,1.4169832,1.1211636,1.84768,1.1996374,0,1,0
0,-1.35496,-0.95046955,-0.8529344,1.5167943,0.759574,1.6071378,1.2996587,0,1,0
0,1.2493179,0.13109854,0.042233504,-0.3097499,-0.07365419,-0.28420174,-2.301092,0,1,0
0,-1.35496,-1.2884582,1.230265,-1.3877106,0.7281314,-1.367784,0.79955447,0,1,0
0,-0.20306134,-0.6124808,0.19142815,-0.080184296,-0.38807994,0.16661918,-0.50071657,0,1,0
0,0.54817086,1.6182365,-0.60427666,-0.20993873,0.25649282,-0.5661591,1.2996587,0,1,0
0,-0.15297614,0.7394741,-1.0297577,0.7083237,0.5551973,0.364418,1.399679,1,0,0
0,-0.45347208,-1.0856733,-0.62637955,0.78817296,-0.63962054,0.81158715,-0.70075804,0,1,0
0,0.047349393,1.0774629,0.27431408,-0.20993873,-1.1112591,0.02231561,1.4997002,1,0,0
1,1.3494883,0.46908727,-0.94134605,0.74824834,-1.5200126,0.49148616,-2.001029,0,1,0
0,0.29776013,-0.2068902,0.296417,-0.75890017,-0.49812892,-0.8184782,-0.9007995,0,1,0
0,-1.3048747,-1.0180714,-0.24510434,-0.21992008,1.6242448,-0.34018725,1.0996172,0,1,0
0,-1.8056961,-1.6940489,0.09196506,-0.19995777,-0.71822697,-0.08462574,1.0996172,1,0,0
0,-0.6037277,-0.2068902,-0.4937621,0.30907902,-0.70250565,0.24417627,0.89957476,0,1,0
0,1.8503097,1.9562253,-0.20642425,0.049570143,-1.6929468,0.08167971,-0.8007793,0,1,0
0,-0.052821014,-0.6800827,0.07538787,-0.0003354402,-0.30947348,0.20755625,-0.9007995,0,1,0
0,1.2994031,1.4154516,-0.52139074,0.1992869,1.1526061,0.06791032,-0.50071657,0,0,1
0,1.1491475,1.212646,-0.42192763,-0.42952338,1.4041468,-0.7583332,-0.50071657,0,0,1
0,1.1491475,0.67187226,-0.515865,-0.2398824,-0.5138502,-0.54930395,-1.3008834,0,1,0
0,-0.35331696,-0.6800827,1.0755446,-0.93856037,0.7281314,-0.677153,-0.3006751,0,1,0
0,1.8503097,2.0238273,-0.455082,0.4088902,-1.0640953,0.41592118,-0.70075804,0,1,0
0,0.19758973,0.94225913,-0.52139074,1.2373232,-0.04221162,1.5354595,0.999596,1,0,0
0,-1.3048747,-1.4236621,0.36825144,-0.65908897,1.0739998,-0.6205136,0.49949178,0,1,0
0,-0.95429355,-0.8828677,0.56717765,-0.96850383,-1.6457828,-1.000174,0.599513,0,1,0
0,-1.1045492,-1.4236621,1.4512941,-1.417654,-1.0169314,-1.3186249,0.09940883,0,0,1
0,0.49808568,-0.071707085,-0.1787956,0.17932458,-1.3942423,0.29276937,-1.100842,0,1,0
0,-0.50355726,0.26628166,-0.48271063,0.61849385,0.94822943,0.6921559,1.399679,0,1,0
0,0.59825605,0.80707604,0.5284976,-1.0383716,1.6242448,-1.132652,-0.0006123865,0,1,0
0,-0.25314656,-0.54487896,-0.24510434,0.15936227,-1.4256848,0.2145871,-0.3006751,0,0,1
0,-0.85413843,-1.0180714,-0.007498046,-0.7788625,1.0268359,-1.022537,0.1994291,0,1,0
0,-1.054464,-0.6800827,-0.062755324,-0.24986336,-0.84399724,-0.26313788,1.0996172,0,1,0
0,-0.6537976,-0.27449208,1.0976475,-1.2679373,-0.45096508,-1.2252867,0.89957476,0,0,1
0,-0.50355726,-1.0856733,-0.024075229,0.74824834,0.869623,1.2614901,-0.6007378,0,0,1
0,0.34784535,0.13109854,-0.91924316,0.4088902,-1.2527508,0.054170527,-0.50071657,0,0,1
0,-0.6537976,0.13109854,-0.07933251,0.36896595,-1.158423,0.6491976,1.4997002,0,1,0
0,-1.054464,-1.0180714,-0.37219608,0.5087014,-0.59245664,0.6242665,0.599513,0,1,0
0,1.4997287,0.80707604,-0.84188294,0.13940035,-0.12081805,-0.25124356,-1.8009876,0,0,1
0,-1.3048747,-1.0180714,3.097961,-2.3059735,1.0739998,-2.3929787,1.0996172,0,1,0
0,0.44800046,1.4154516,-0.42745337,0.59853154,0.9167869,0.7087179,1.1996374,0,1,0
1,0.94882196,0.26628166,-0.93582034,1.1674553,0.71241015,1.0580274,-1.500925,0,1,0
0,-0.0027358106,-0.6124808,-0.42192763,0.5685883,-1.5200126,0.67034984,-0.9007995,0,0,1
0,-0.052821014,0.063496664,-0.9800261,1.6265866,1.1211636,1.6294615,0.1994291,0,0,1
0,0.24767493,-0.13930896,-0.1787956,0.24919248,0.14644383,0.3957848,-0.70075804,0,1,0
0,-0.20306134,0.13109854,-0.15116698,0.39890924,-0.45096508,0.63801634,0.599513,0,1,0
0,1.1491475,0.063496664,-0.28931016,0.59853154,1.1997701,0.82102036,-2.2010705,0,1,0
0,0.14750452,-0.27449208,0.15827379,-0.040260058,-0.35663736,0.20489982,-0.70075804,0,1,0
0,-0.50355726,0.13109854,1.1308019,-0.8487304,-1.6929468,-0.4939928,1.1996374,1,0,0
0,0.39791524,0.4014854,-0.8584601,1.2872288,0.9010656,1.2908939,-0.20065387,0,1,0
0,-0.35331696,0.6042704,0.7163723,-0.75890017,-1.6143403,-0.5780143,1.5997214,0,1,0
1,-0.4033869,0.19867977,-1.0352834,0.8879841,2.0487196,0.5974704,1.0996172,0,1,0
0,1.4496434,1.6182365,0.8766184,-0.61916476,1.4827532,-0.25411445,-0.50071657,0,1,0
0,0.8486668,0.33388352,5.1148515,-2.625369,0.649525,-2.5608952,-1.2008623,0,1,0
0,-0.50355726,-0.8828677,1.9486096,-1.7170876,-0.1837032,-1.6461574,-0.3006751,0,1,0
0,-1.4050299,-0.95046955,-0.5655966,1.2373232,-1.1112591,1.4945229,1.399679,0,1,0
0,-0.95429355,-1.4236621,0.21353106,-0.43950474,-0.828276,-0.3728231,-0.20065387,0,1,0
0,-1.4050299,-0.95046955,1.7938893,-1.6372385,-0.07365419,-1.5628777,1.399679,0,1,0
0,-0.50355726,0.063496664,-0.42192763,-0.25984433,-0.81255466,-0.5154569,1.0996172,0,1,0
0,0.44800046,0.6042704,1.1584306,-1.3577673,-1.0640953,-1.3496789,-0.0006123865,0,1,0
0,-0.15297614,0.7394741,0.35167426,-0.85871154,0.5237547,-0.9433785,1.399679,0,1,0
0,-0.4033869,-1.0180714,-0.8916145,1.3371344,-0.12081805,1.3271825,-0.70075804,0,1,0
0,1.2994031,0.67187226,-0.5600708,1.0975873,-0.02649033,1.3030423,-1.6009462,1,0,0
0,0.24767493,-0.13930896,-0.93582034,1.5866623,0.5551973,1.6199305,-0.70075804,0,0,1
0,0.7484964,0.33388352,-1.2784154,2.0457935,0.49231213,1.8690472,-1.0008208,0,0,1
0,0.39791524,-0.2068902,2.528811,-1.9266909,-1.6143403,-1.8219061,-1.100842,0,1,0
0,-2.1562622,-2.5728114,-0.7866257,1.1973985,-0.105096765,1.23527,0.49949178,0,1,0
0,-1.0043788,-1.6940489,-0.62085384,0.35898462,-0.105096765,0.2170482,-0.50071657,0,0,1
0,-0.50355726,-1.0856733,-1.0131805,1.2572851,1.2626551,1.1065226,-0.6007378,0,1,0
0,0.59825605,0.7394741,0.05881069,-0.030278714,-1.378521,0.15042831,-0.10063361,0,1,0
0,-0.35331696,-0.8152864,-0.7866257,0.538645,1.3098191,0.33487758,-0.50071657,1,0,0
0,-0.25314656,0.6042704,-0.23957862,-0.15005219,0.85390174,-0.23423216,1.399679,0,1,0
0,-1.4551151,-1.0856733,1.8823009,-1.6472197,0.74385273,-1.5443628,1.2996587,0,0,1
0,0.047349393,-0.4772977,-0.50481355,0.57856923,0.869623,0.61754805,-0.8007793,1,0,0
0,1.0990776,0.67187226,0.08643933,-0.57924014,1.2154913,-0.6653762,-1.2008623,0,1,0
0,0.94882196,0.67187226,-1.123695,2.355208,0.052116103,2.4389186,-0.9007995,1,0,0
0,-1.6053706,-1.626447,0.26878834,-0.2398824,0.2879354,-0.027908057,0.79955447,0,1,0
0,-0.50355726,-0.00410521,-0.44955626,0.48873943,1.7814577,0.53413165,0.999596,1,0,0
0,0.648326,-0.00410521,-1.0794892,1.4768697,1.2312126,1.3336278,-1.3008834,0,1,0
0,1.8002245,1.6858385,0.9429271,-0.85871154,1.1368849,-0.6152791,-1.100842,0,1,0
0,-0.753968,-0.2068902,-1.024232,2.0757368,-0.1837032,2.1804857,1.1996374,0,0,1
0,-0.052821014,0.67187226,1.147379,-1.2379938,1.0897211,-1.1501124,1.0996172,0,1,0
0,0.39791524,1.2802478,-0.6926883,0.10945669,0.99539334,-0.18351036,1.0996172,0,1,0
0,-0.4033869,0.46908727,0.5340233,-1.0583339,-1.3313571,-1.161714,1.4997002,1,0,0
0,-0.6537976,-0.2068902,-1.3613014,1.9060577,0.2722141,1.6036518,0.999596,0,1,0
0,-1.3048747,-1.2208564,-0.7645228,1.1874176,0.14644383,1.241901,0.79955447,0,0,1
0,-1.1045492,-0.54487896,-1.3502499,2.1156614,-1.5042913,1.8807647,1.399679,0,0,1
0,-0.10290622,-0.4096958,-0.5545451,0.73826736,-0.7968334,0.80213434,-0.40069535,0,0,1
0,0.097434595,1.0774629,1.5894374,-1.2978806,-1.3470784,-1.0415405,1.399679,0,1,0
0,-1.1045492,-1.4912639,0.13064516,-0.56925917,-0.85971856,-0.62339455,-0.0006123865,0,1,0
0,0.34784535,0.67187226,-1.1347466,1.3870399,0.6652463,1.1628691,0.2994503,0,0,1
0,-0.90420836,-1.0856733,-0.7811,1.1774362,-0.49812892,1.213044,0.1994291,1,0,0
0,-0.15297614,0.26628166,-0.71479124,0.4488148,-0.04221162,0.26859006,0.6995333,0,0,1
0,-0.85413843,-1.2884582,6.059751,-2.7151992,-0.37235865,-2.5637956,-0.20065387,1,0,0
1,-1.1045492,-0.6800827,-0.7534713,2.4150946,-1.6929468,2.9372485,1.1996374,0,1,0
0,-0.20306134,0.6042704,1.7331063,-1.3677485,0.9167869,-1.0996547,1.2996587,0,1,0
0,1.0990776,0.7394741,-0.62637955,1.0576627,-0.105096765,1.1875757,-1.100842,1,0,0
0,0.8486668,0.8746573,-0.6540082,0.5885506,-0.35663736,0.5106654,-0.40069535,0,1,0
0,0.7484964,0.6042704,0.22458252,-0.7688815,-1.5200126,-0.8750397,-0.6007378,0,1,0
0,-0.35331696,-0.8152864,0.5340233,-0.4494857,1.1368849,-0.18716262,-0.50071657,1,0,0
0,0.34784535,0.33388352,-0.3500932,0.30907902,0.4137057,0.35360786,-0.20065387,1,0,0
0,0.29776013,-0.27449208,-1.3778785,1.736379,0.1778864,1.3721817,-1.0008208,0,1,0
0,1.5498139,1.8886235,-0.576648,0.18930593,0.115001254,0.012881938,-0.3006751,1,0,0
0,-0.6537976,-0.13930896,-0.001972318,-0.65908897,-1.6615041,-0.8390444,1.0996172,0,1,0
0,1.0990776,0.80707604,0.48429173,-0.6790513,-0.52957153,-0.5837957,-1.0008208,0,0,1
0,-1.4551151,-1.0856733,0.2411597,-0.80880594,-1.6615041,-0.9274117,1.2996587,0,1,0
0,-0.10290622,0.80707604,-0.94134605,0.61849385,0.60236114,0.31769043,1.399679,0,1,0
0,0.6984112,0.53666854,-0.27273297,-0.19995777,0.94822943,-0.32954285,-0.6007378,0,1,0
0,-0.0027358106,0.67187226,0.539549,-0.6391271,1.1526061,-0.48743004,0.999596,0,1,0
0,-0.5536425,-0.071707085,-0.96344894,0.64843714,-0.5138502,0.33963355,0.999596,0,1,0
0,0.29776013,-0.00410521,-0.7866257,1.5167943,-0.27803093,1.6718239,-0.6007378,0,0,1
0,0.7985816,0.46908727,0.54507476,-0.61916476,1.3884255,-0.45215735,-0.9007995,0,1,0
0,0.29776013,0.13109854,-0.040652413,-0.13008988,-1.4414061,-0.06896215,-0.40069535,0,0,1
0,1.3494883,0.67187226,0.8545155,-1.0184094,0.6652463,-0.9290231,-1.7009664,0,1,0
0,1.8002245,1.7534404,-0.5711223,0.1992869,0.036394816,0.030997064,-1.0008208,1,0,0
1,0.24767493,1.212646,-0.08485824,-0.110127576,1.6714087,-0.069430694,1.2996587,0,1,0
0,-1.4551151,-1.0856733,-0.5932252,1.3371344,1.4355893,1.6087784,1.2996587,0,0,1
0,-0.052821014,-0.34209394,0.042233504,-0.15005219,0.6338037,-0.04248795,-0.40069535,1,0,0
0,0.34784535,1.5506347,0.721898,-1.2679373,-0.4195225,-1.4065723,1.5997214,1,0,0
0,0.34784535,-0.2068902,-0.576648,0.46877712,-0.49812892,0.4052572,-1.0008208,0,0,1
0,0.6984112,0.46908727,0.42350873,-0.34967452,0.20932898,-0.09868791,-0.70075804,0,1,0
0,0.94882196,0.19867977,-0.7811,0.39890924,-0.67106307,0.14818212,-1.6009462,0,1,0
0,-0.4033869,-1.0856733,-0.007498046,-0.19995777,-0.15226063,-0.1514214,-0.8007793,0,0,1
0,1.8002245,1.8886235,-0.7700485,0.3190604,-1.3313571,0.047402855,-0.8007793,0,0,1
0,0.14750452,-0.071707085,0.3406228,-0.8287681,1.1368849,-0.9026076,-0.40069535,0,1,0
0,-0.10290622,0.53666854,-0.72031695,1.1874176,0.7281314,1.282447,0.999596,0,1,0
0,1.3494883,1.4154516,0.3185199,-0.020297749,0.71241015,0.3482367,-0.6007378,0,1,0
0,0.6984112,0.7394741,2.2801533,-1.7270685,0.36654183,-1.5316284,-0.3006751,0,1,0
0,-1.6554406,-1.626447,0.042233504,-0.52933455,0.6652463,-0.61655855,0.89957476,0,0,1
0,1.2994031,0.13109854,0.5063946,-0.8986359,-0.12081805,-0.92123044,-2.4011126,0,0,1
0,1.1992327,0.7394741,-0.32799026,0.5685883,1.4513106,0.74621713,-1.3008834,0,0,1
0,-0.25314656,-0.00410521,-0.32246453,0.30907902,-0.27803093,0.37465218,0.49949178,0,1,0
0,0.648326,0.7394741,-0.69821405,0.1992869,1.7814577,-0.063336916,-0.20065387,0,1,0
0,-0.6037277,-0.8828677,-0.52139074,0.8480595,-0.59245664,0.9851288,-0.10063361,0,1,0
0,-1.3048747,-1.0180714,0.57270336,-0.61916476,0.38226312,-0.4356541,1.0996172,0,1,0
0,-1.1045492,-1.0180714,-0.40535045,0.46877712,-0.30947348,0.54057693,0.6995333,0,0,1
0,2.1507905,2.361816,-0.07933251,0.1992869,-1.6615041,0.39602888,-0.8007793,0,0,1
0,-0.052821014,-0.4772977,-0.83083147,1.2772474,-1.6929468,1.3031594,-0.6007378,0,0,1
0,1.1992327,0.67187226,0.39035437,-0.6890327,0.8381804,-0.6546339,-1.4009037,0,1,0
0,-1.7055258,-1.5588452,0.09196506,-0.22990105,0.036394816,-0.13021089,1.0996172,0,1,0
0,0.19758973,-0.4772977,-0.39982474,0.029607834,0.9167869,-0.08539708,-1.100842,0,0,1
0,0.14750452,0.94225913,-0.37772182,-0.29976895,0.09927996,-0.5436987,1.0996172,0,1,0
0,-1.054464,-0.8152864,0.78268105,-0.8287681,-0.21514577,-0.6549562,0.89957476,0,1,0
0,1.2994031,1.6182365,0.48981747,-0.6990136,-1.4571275,-0.61234945,-0.20065387,0,1,0
0,0.59825605,0.33388352,0.036707778,-0.0003354402,-0.828276,0.18021281,-0.70075804,0,1,0
0,-0.6537976,0.063496664,0.8489898,-0.80880594,-0.8911611,-0.58474284,1.399679,0,0,1
0,-0.35331696,-0.6124808,-0.23957862,-0.27980664,0.649525,-0.42415002,-0.20065387,0,1,0
0,0.648326,0.4014854,-0.84188294,1.3570963,-0.21514577,1.4012043,-0.70075804,0,1,0
0,0.8486668,0.6042704,-1.3226212,2.2653782,-1.1269804,2.1010733,-0.8007793,0,0,1
0,1.8002245,1.9562253,-0.4937621,0.5286637,-1.2370294,0.5556937,-0.70075804,0,1,0
0,1.3995582,1.4154516,-0.5434936,1.2073796,-0.45096508,1.4727751,-0.70075804,0,1,0
0,-1.2547895,-1.2208564,5.020914,-2.6153882,-1.2370294,-2.5597332,0.6995333,0,0,1
0,0.34784535,0.46908727,-0.8971402,0.66839945,-1.1269804,0.42101866,-0.0006123865,0,0,1
0,-0.80405325,-1.3560601,-0.880563,0.75822926,0.35082054,0.55598646,-0.40069535,0,1,0
0,-0.30323175,-0.95046955,0.014604866,0.17932458,0.9167869,0.43563727,-0.8007793,1,0,0
0,-1.1546191,-0.2068902,-0.22852716,0.09947573,1.0739998,0.13900253,1.9998044,0,1,0
0,-1.5552855,-1.2884582,-0.6484825,0.8680218,1.68713,0.90396816,1.1996374,0,1,0
0,0.59825605,0.67187226,0.025656322,-0.070203334,1.7185725,0.06685576,-0.20065387,0,1,0
0,1.8002245,1.3478497,-0.576648,-0.20993873,-0.15226063,-0.5476538,-1.6009462,0,0,1
0,0.19758973,1.212646,5.286149,-2.6453314,-1.6143403,-2.5681703,1.399679,1,0,0
0,-1.3048747,-0.4772977,1.2136878,-1.5174652,-0.4195225,-1.5987364,1.8997831,0,1,0
0,-0.85413843,0.063496664,-0.83083147,0.9578516,-0.5138502,0.8691053,1.7997628,0,0,1
0,0.648326,0.4014854,-0.44955626,0.7981539,-0.057932902,0.9755098,-0.70075804,0,1,0
0,1.1992327,1.2802478,0.009079138,-0.20993873,1.3255403,-0.15533729,-0.50071657,0,1,0
0,-0.0027358106,0.94225913,-0.3500932,-0.10014661,-0.24658835,-0.23735714,1.399679,0,1,0
0,0.8486668,0.67187226,2.6337998,-2.0664268,1.1368849,-2.059118,-0.70075804,1,0,0
0,-0.45347208,0.26628166,-0.18984707,0.6085125,1.0739998,0.9165751,1.2996587,0,1,0
0,-1.6053706,-1.6940489,-0.5324422,-0.080184296,-1.48857,-0.33485526,0.6995333,0,0,1
0,0.19758973,0.53666854,-0.106961146,-0.2398824,0.68096757,-0.27759072,0.39947057,0,1,0
0,0.24767493,-0.4772977,0.21353106,-0.9485415,-1.158423,-1.1587256,-1.2008623,0,0,1
0,1.7501394,1.5506347,0.020130593,-0.66907036,-0.5767354,-0.84106565,-1.2008623,0,0,1
0,-0.35331696,0.26628166,-0.8087286,0.48873943,0.85390174,0.2491276,1.0996172,1,0,0
0,1.1491475,1.009861,-0.07380678,-0.17999546,-0.95404625,-0.16614746,-0.8007793,1,0,0
0,-0.15297614,-0.54487896,0.5063946,-0.4894103,1.0897211,-0.2682062,-0.50071657,0,1,0
0,-0.753968,-0.34209394,0.2190568,-0.14007123,0.2879354,0.09324208,0.999596,0,1,0
0,0.6984112,-0.00410521,1.3076252,-1.4376162,-1.2213081,-1.4188181,-1.4009037,0,1,0
0,0.34784535,-0.2068902,-0.1787956,1.2373232,0.869623,1.8527187,-1.0008208,0,1,0
1,0.94882196,0.6042704,0.15274806,-0.10014661,1.6714087,0.10921804,-1.0008208,0,1,0
0,0.49808568,0.26628166,-0.12353833,0.6085125,0.5866399,0.9705976,-0.6007378,0,0,1
0,-1.4050299,-1.0180714,0.6279607,-0.66907036,1.5613596,-0.48335794,1.2996587,1,0,0
0,1.7000542,1.3478497,1.1529047,-1.1581451,1.4513106,-1.0108576,-1.4009037,0,0,1
0,0.54817086,0.063496664,-0.455082,-0.040260058,1.68713,-0.22434953,-1.0008208,0,1,0
0,1.649969,1.8210422,-1.532599,2.3751702,-0.12081805,2.0039663,-0.6007378,0,1,0
0,-0.0027358106,-0.4096958,-0.79767716,0.4488148,1.1526061,0.20340586,-0.6007378,0,1,0
0,-0.25314656,-0.54487896,0.2798398,-0.40956107,-1.3470784,-0.28452414,-0.3006751,0,0,1
0,0.24767493,1.212646,0.28536552,0.1992869,1.1683275,0.6667267,1.2996587,0,0,1
0,-1.4050299,-1.1532751,1.4181397,-1.6172764,-0.73394823,-1.684516,1.0996172,0,1,0
0,0.54817086,0.8746573,0.6334864,-0.9285792,-1.2527508,-0.9000587,0.1994291,0,0,1
0,1.1992327,1.3478497,0.45113736,-0.7489192,0.96395075,-0.7140567,-0.40069535,0,1,0
0,0.19758973,1.0774629,1.5231286,-1.6472197,-0.92260367,-1.6935294,1.1996374,0,1,0
0,-1.4551151,-1.4912639,-0.47165918,1.0576627,-0.21514577,1.3259326,0.6995333,0,1,0
0,0.24767493,-0.071707085,1.0810703,-1.2978806,-0.010769043,-1.2841135,-0.6007378,0,0,1
0,-0.6037277,-1.0180714,0.20800534,-0.6790513,-1.6929468,-0.7459016,-0.3006751,0,0,1
0,-0.0027358106,-0.27449208,-0.14011551,0.4587958,-0.15226063,0.73531914,-0.40069535,0,1,0
0,-1.0043788,-0.54487896,-0.44955626,-0.020297749,-0.32519478,-0.1920065,1.1996374,0,1,0
0,-1.0043788,-0.6124808,0.09749078,-0.3596555,-0.67106307,-0.32419127,1.0996172,1,0,0
0,-0.50355726,-0.00410521,0.16379952,-0.56925917,0.38226312,-0.6032969,0.999596,1,0,0
0,-0.90420836,-1.2884582,-0.8860888,2.2254536,0.649525,2.5309186,-0.10063361,0,1,0
0,-0.052821014,-0.54487896,-1.0297577,0.9778139,1.1683275,0.72115904,-0.70075804,0,0,1
0,1.649969,1.009861,0.3406228,-0.47942898,-1.5357338,-0.35540143,-1.8009876,0,1,0
0,0.39791524,0.33388352,-0.1566927,-0.41954243,-0.84399724,-0.57623714,-0.3006751,0,0,1
0,0.44800046,0.7394741,-0.37772182,-0.070203334,-0.26230964,-0.21330488,0.1994291,0,1,0
0,1.3494883,0.46908727,-0.5876995,0.36896595,-1.48857,0.2565883,-2.001029,0,1,0
0,1.2493179,1.3478497,0.56717765,-1.0882771,-0.9697675,-1.1925921,-0.50071657,0,0,1
0,1.3995582,1.4154516,-0.6705854,1.137512,-0.84399724,1.2588246,-0.70075804,0,1,0
0,0.047349393,-0.4772977,-0.106961146,-0.17999546,0.7910166,-0.18853,-0.8007793,1,0,0
1,-0.90420836,-1.4236621,-1.2507868,2.7245097,-0.63962054,2.7704842,-0.3006751,0,1,0
0,0.29776013,0.4014854,1.6060145,-1.3777294,-0.46668637,-1.1765962,-0.0006123865,1,0,0
0,-1.3048747,-1.0856733,-1.1015922,1.2572851,-1.4571275,1.0243369,0.999596,0,0,1
0,1.2493179,1.009861,0.88766986,-1.0483527,0.39798442,-0.9613661,-1.0008208,0,1,0
0,0.59825605,1.6182365,-0.8916145,1.8960768,-0.19942449,2.0807614,1.1996374,0,1,0
0,1.8503097,2.091429,3.263733,-2.1862,1.2154913,-2.0938635,-0.6007378,0,0,1
0,-1.5052003,-1.2884582,0.18590243,-0.50937223,-0.23086706,-0.49773294,1.0996172,0,0,1
0,-0.85413843,-1.4236621,-0.6595339,-0.080184296,1.0739998,-0.4229001,-0.40069535,1,0,0
0,0.14750452,1.009861,0.70532084,-1.1182206,-0.81255466,-1.1703854,1.1996374,0,1,0
0,1.4997287,0.7394741,2.4348736,-1.9765965,0.46086955,-1.9529485,-1.9010079,0,1,0
0,-0.80405325,-1.1532751,-1.2231581,1.9060577,-1.3470784,1.7479357,-0.10063361,0,1,0
0,1.7000542,1.1450647,0.7384752,-0.7788625,0.9167869,-0.59803367,-1.7009664,0,1,0
0,-0.7038828,-1.0856733,1.3186766,-1.1781071,0.8381804,-0.962382,-0.20065387,0,0,1
0,-0.80405325,-1.2884582,-0.79767716,0.39890924,-0.24658835,0.135292,-0.3006751,0,1,0
0,-0.7038828,-0.4096958,-0.07933251,-0.21992008,-0.84399724,-0.22944702,0.79955447,0,1,0
0,-1.5052003,-1.4236621,1.8933524,-1.5773518,-0.16798191,-1.4111229,0.89957476,0,0,1
0,-0.0027358106,-0.6124808,1.3905112,-1.1781071,0.0049522435,-0.92658156,-0.9007995,0,1,0
0,1.0990776,0.80707604,-0.8971402,0.29909807,-0.26230964,-0.07652029,-1.0008208,0,0,1
0,-1.3048747,-0.74768454,0.9318757,-1.1182206,1.0425571,-1.0550754,1.4997002,0,1,0
0,1.2994031,0.67187226,-0.18432134,-0.27980664,-0.19942449,-0.38782278,-1.6009462,0,1,0
0,0.34784535,1.0774629,-1.0573864,2.245416,-1.1269804,2.3686464,0.89957476,0,0,1
0,-0.5536425,-0.74768454,1.6060145,-1.5074841,-1.1427017,-1.4089159,-0.0006123865,0,1,0
0,-0.6037277,-0.74768454,-0.8860888,0.66839945,1.5141958,0.43013954,0.09940883,0,1,0
0,0.24767493,-0.00410521,-0.10143542,0.5087014,-0.34091607,0.84007305,-0.50071657,0,1,0
0,-1.6554406,-1.3560601,0.22458252,-0.7788625,-1.0798166,-0.89046925,1.2996587,0,1,0
0,-1.0043788,-0.8152864,0.23010825,-0.38959914,-0.5452928,-0.28519803,0.79955447,0,1,0
0,-1.9559366,-1.9644357,-1.0463349,1.327153,-1.3470784,1.1679863,0.999596,0,0,1
0,-0.20306134,-0.6124808,0.26878834,0.129419,-1.6929468,0.54586977,-0.50071657,1,0,0
0,-1.35496,-0.8152864,-0.6650597,0.23921151,0.49231213,0.016700394,1.4997002,1,0,0
0,-0.5536425,-0.13930896,-0.82530576,0.9877953,-1.3627998,0.9146709,0.89957476,0,1,0
0,0.29776013,0.4014854,-0.6650597,-0.040260058,-1.6457828,-0.3712995,-0.0006123865,1,0,0
0,0.8987367,0.33388352,0.04775923,-0.5892215,-0.23086706,-0.70387125,-1.3008834,0,1,0
0,-0.753968,-0.74768454,1.3352538,-1.2180318,0.08355868,-1.023689,0.39947057,0,1,0
0,0.34784535,0.53666854,-0.1180126,0.009645524,0.539476,0.08566391,0.09940883,1,0,0
0,0.648326,0.7394741,-0.5600708,0.29909807,0.46086955,0.1796268,-0.20065387,0,0,1
0,0.39791524,0.7394741,-0.32799026,0.10945669,1.0739998,0.08138648,0.2994503,0,1,0
1,1.9003797,2.0238273,-0.96344894,1.985907,1.5299171,2.125829,-0.8007793,0,1,0
0,-0.7038828,-0.13930896,0.119593695,-0.7389382,1.467032,-0.88923895,1.1996374,0,1,0
0,-1.0043788,-1.3560601,-0.7645228,1.4668888,-0.67106307,1.6249793,-0.0006123865,0,1,0
0,0.19758973,-0.27449208,-1.2176324,0.80813485,-1.2841933,0.33684054,-0.8007793,0,1,0
0,1.1491475,0.53666854,1.0037102,-1.1581451,1.68713,-1.0857387,-1.500925,0,0,1
1,0.54817086,0.46908727,6.059751,-2.775086,-0.12081805,-2.7182455,-0.40069535,0,0,1
0,0.14750452,-0.34209394,0.6942694,-0.85871154,-1.1898656,-0.75326484,-0.8007793,0,0,1
0,0.7985816,0.7394741,-1.184478,0.9179274,-0.057932902,0.5073547,-0.50071657,0,1,0
0,-0.753968,-0.8828677,0.417983,-0.66907036,-1.0483739,-0.60693,0.1994291,0,0,1
1,1.7000542,1.212646,-1.2894669,2.095699,1.68713,1.9209993,-1.6009462,0,1,0
0,-1.4050299,-1.4236621,1.5783858,-1.5374274,0.539476,-1.4745395,0.6995333,0,1,0
0,-1.5052003,-1.2884582,-0.9745004,0.5286637,1.3884255,0.17082831,1.0996172,0,0,1
1,0.54817086,0.26628166,-1.2563125,3.3533196,-0.92260367,3.571083,-0.70075804,0,1,0
0,-0.753968,-0.27449208,1.777312,-1.3078618,0.35082054,-0.97006714,1.0996172,0,1,0
0,0.6984112,0.53666854,-0.34456745,1.0377009,-0.27803093,1.4107355,-0.6007378,0,1,0
0,-1.2047043,-1.0856733,-0.1787956,0.59853154,-0.8911611,0.91086245,0.79955447,0,0,1
0,1.4496434,1.6182365,-0.6540082,0.59853154,1.5456383,0.5245418,-0.50071657,0,0,1
0,-1.054464,-1.626447,-0.2561558,-0.39958012,0.8381804,-0.6100058,-0.3006751,1,0,0
0,0.6984112,0.6042704,-0.5490194,0.538645,1.0897211,0.5255185,-0.50071657,0,1,0
0,0.49808568,0.6042704,-0.13458979,-0.26982567,-1.598619,-0.34033343,-0.10063361,0,1,0
0,0.49808568,0.6042704,2.8050973,-2.2061622,1.1054423,-2.2805493,-0.10063361,0,0,1
0,0.19758973,1.1450647,-0.52691644,1.1175497,1.0425571,1.3611269,1.2996587,0,1,0
0,-1.1546191,-0.27449208,0.8710927,-0.7788625,1.6085235,-0.5225661,1.8997831,1,0,0
0,0.34784535,0.6042704,1.0147616,-0.8986359,-0.5452928,-0.64272,0.1994291,0,1,0
0,-1.2047043,-0.4772977,-0.6871626,0.129419,-1.4256848,-0.1518608,1.6997416,0,0,1
0,0.29776013,0.063496664,-1.1181693,0.57856923,-0.71822697,0.12109277,-0.50071657,0,1,0
0,-0.6037277,-0.95046955,-0.024075229,0.11943804,-1.0640953,0.31712398,-0.20065387,0,1,0
0,2.1007204,2.294214,-0.58217376,0.24919248,1.0582784,0.09281225,-0.8007793,0,1,0
0,-0.5536425,0.13109854,-1.3005184,1.7164167,1.1840488,1.4251883,1.2996587,0,1,0
0,0.59825605,1.1450647,-0.42192763,0.82809716,1.5141958,1.0418073,0.49949178,0,1,0
0,-1.054464,-1.626447,-0.13458979,0.049570143,0.1621651,0.13309453,-0.3006751,0,1,0
0,0.39791524,0.53666854,0.5229718,-1.078296,0.649525,-1.1993694,-0.0006123865,0,1,0
0,0.6984112,0.46908727,-0.44403055,-0.22990105,-1.0640953,-0.48732302,-0.70075804,0,0,1
0,-0.753968,-0.54487896,-0.19537279,-0.62914574,1.1683275,-0.9091408,0.6995333,0,1,0
0,0.49808568,-0.27449208,0.26878834,-0.7289569,0.47659084,-0.78777575,-1.4009037,0,0,1
0,0.7985816,0.53666854,-0.024075229,-0.45946667,0.6338037,-0.55229235,-0.8007793,0,1,0
0,1.4997287,0.8746573,3.6173794,-2.345898,0.6338037,-2.3235462,-1.7009664,0,1,0
0,0.44800046,0.33388352,4.136798,-2.3858223,-0.35663736,-2.2614577,-0.40069535,0,1,0
0,-1.5052003,-1.626447,0.19695388,-0.25984433,-0.15226063,-0.10640269,0.599513,0,1,0
0,0.34784535,1.2802478,-0.30036163,-0.12010892,-1.5514551,-0.23208389,1.1996374,0,1,0
0,1.3494883,1.3478497,0.6224349,-0.8986359,-0.4195225,-0.85765725,-0.70075804,0,0,1
0,-0.0027358106,-0.27449208,-0.23957862,-0.12010892,-1.268472,-0.19040507,-0.40069535,0,1,0
0,-1.0043788,-1.626447,-0.16774416,0.15936227,-1.1741443,0.27146098,-0.40069535,0,1,0
0,-0.7038828,-1.0856733,-0.81978005,0.23921151,0.96395075,-0.099234775,-0.20065387,0,0,1
0,0.59825605,-0.071707085,-0.13458979,0.089494765,-1.3627998,0.19227332,-1.3008834,0,1,0
0,-1.35496,-0.95046955,-0.22300144,-0.2398824,0.6180824,-0.3546984,1.2996587,1,0,0
0,0.14750452,1.1450647,1.0147616,-1.1681262,1.3412616,-1.0970179,1.399679,0,0,1
0,0.8486668,0.4014854,-0.6761111,0.5186827,1.2154913,0.39587268,-1.100842,0,0,1
0,0.8486668,0.46908727,0.36272573,-0.66907036,1.7657363,-0.6394488,-1.0008208,0,1,0
0,-0.5536425,0.13109854,-0.035126686,0.27913576,0.47659084,0.5486041,1.2996587,0,1,0
0,-0.753968,-0.4096958,-0.9689747,0.4488148,0.85390174,0.06869168,0.89957476,0,1,0
1,0.19758973,1.0774629,-1.8751941,3.652753,-1.6457828,3.1176548,1.1996374,0,1,0
0,-1.5052003,-1.4236621,-0.2561558,-0.52933455,-0.7968334,-0.799543,0.89957476,0,0,1
0,0.19758973,0.94225913,1.0423902,-0.8287681,0.39798442,-0.50946105,0.999596,0,1,0
0,0.7484964,0.4014854,-0.74241984,0.22923017,-0.38807994,-0.0549874,-0.9007995,0,1,0
0,0.44800046,0.53666854,1.3849853,-1.3777294,1.3098191,-1.2789382,-0.10063361,0,0,1
0,1.1491475,0.67187226,0.38482863,-0.8986359,1.2940978,-0.98783034,-1.3008834,0,1,0
0,-0.25314656,-0.54487896,-0.22300144,0.14938131,1.0582784,0.21619855,-0.3006751,0,1,0
0,0.39791524,0.46908727,0.2577369,-0.65908897,0.539476,-0.68574655,-0.10063361,0,1,0
0,-1.2047043,-0.8828677,0.06986214,0.22923017,-1.268472,0.5522368,1.0996172,0,1,0
0,-0.7038828,0.063496664,-0.035126686,-0.60918343,-1.3156358,-0.7837624,1.4997002,0,1,0
0,0.29776013,-0.4096958,-1.2563125,0.5186827,-0.5452928,-0.067594774,-1.2008623,0,0,1
0,1.2493179,0.19867977,-0.28378445,0.17932458,0.82245916,0.21521229,-2.2010705,0,0,1
0,0.097434595,-0.13930896,-0.07380678,0.5586069,1.0582784,0.936604,-0.40069535,0,1,0
0,0.34784535,-0.34209394,0.843464,-0.96850383,-0.6867844,-0.8522278,-1.2008623,0,1,0
0,0.54817086,0.063496664,0.00355341,-0.33969358,-1.2527508,-0.3545422,-1.0008208,0,1,0
0,1.0990776,0.7394741,-0.6705854,0.69834274,-0.73394823,0.64953953,-1.100842,0,1,0
0,0.99890715,0.7394741,-0.91924316,1.5667,0.7752953,1.6094915,-0.9007995,0,1,0
0,1.8503097,1.9562253,-0.040652413,0.129419,-1.1898656,0.32001492,-0.8007793,0,0,1
1,1.7000542,1.212646,-0.7645228,1.2972097,1.577081,1.3923959,-1.6009462,0,1,0
0,-0.50355726,-0.8828677,0.44561163,-0.45946667,1.4355893,-0.25845018,-0.3006751,0,0,1
0,0.14750452,-0.54487896,-0.9689747,0.75822926,-0.98548883,0.4816131,-1.100842,0,0,1
0,-0.85413843,-1.5588452,-0.5545451,0.37894693,0.052116103,0.29624587,-0.6007378,0,0,1
0,0.99890715,0.4014854,-1.0684378,1.4668888,1.3884255,1.3311863,-1.4009037,1,0,0
0,0.8987367,0.6042704,1.9872897,-1.5274463,-1.2055868,-1.2782251,-0.9007995,0,1,0
0,-0.35331696,-0.6800827,-0.6484825,0.728286,-1.2999146,0.70955795,-0.3006751,0,1,0
0,0.39791524,0.4014854,0.06433642,-0.54929686,0.71241015,-0.6332963,-0.20065387,0,1,0
0,-0.15297614,0.7394741,0.8324126,-0.93856037,0.6338037,-0.80863476,1.399679,0,1,0
0,0.49808568,1.4830534,1.3076252,-1.1182206,0.47659084,-0.86382884,1.1996374,0,1,0
0,0.648326,0.53666854,-0.92476887,1.4169832,-0.92260367,1.4030794,-0.50071657,0,0,1
0,-0.7038828,-0.4096958,-0.51033926,0.019626869,1.0268359,-0.1782371,0.79955447,0,1,0
0,0.34784535,-0.34209394,-0.39982474,0.4288525,-0.828276,0.48763856,-1.2008623,0,1,0
0,0.7985816,0.4014854,-0.81978005,0.9378897,0.8853443,0.8516254,-1.0008208,0,1,0
0,1.9504648,2.294214,-0.4164019,0.90794605,0.99539334,1.1608967,-0.50071657,0,0,1
0,-0.6537976,0.063496664,-0.18432134,1.0676441,-0.85971856,1.5975871,1.399679,0,0,1
0,-2.056107,-2.3700264,0.3019427,-0.6790513,-0.828276,-0.69078577,0.599513,1,0,0
0,-1.3048747,-0.8828677,-0.60980237,-0.2398824,0.1621651,-0.61172473,1.2996587,1,0,0
0,-0.50355726,0.19867977,0.23563398,-0.66907036,1.0897211,-0.71424204,1.2996587,0,0,1
0,0.7985816,0.6042704,0.57270336,-0.5892215,-1.0012101,-0.38752,-0.70075804,0,1,0
0,-0.6537976,-0.071707085,3.0040236,-2.1762187,1.5299171,-2.1565964,1.1996374,0,0,1
0,0.6984112,0.4014854,-0.8750373,0.6085125,-0.59245664,0.3583443,-0.8007793,0,1,0
0,-0.0027358106,-0.6800827,0.4566631,-0.8187871,-0.07365419,-0.82175934,-1.0008208,1,0,0
0,-1.2547895,-0.8828677,-0.68163687,-0.080184296,-0.52957153,-0.43821266,1.1996374,1,0,0
0,-0.45347208,-1.0180714,-0.001972318,0.6783804,1.2940978,1.1748418,-0.6007378,0,1,0
0,1.1491475,0.80707604,2.0093927,-1.7071065,-0.828276,-1.6030821,-1.100842,0,1,0
0,-1.2047043,-0.8828677,0.4566631,-0.20993873,-0.45096508,0.144452,1.0996172,0,1,0
0,-0.6037277,-0.2068902,-0.057229597,0.39890924,0.4451483,0.71106195,0.89957476,0,1,0
0,-1.0043788,-1.0856733,-0.37219608,0.1992869,-1.4571275,0.17865054,0.39947057,0,1,0
0,0.14750452,1.0774629,-1.3005184,2.2753592,0.1621651,2.1382987,1.2996587,0,0,1
0,1.7000542,1.0774629,-0.515865,0.9977762,0.869623,1.2016771,-1.8009876,0,0,1
0,1.1992327,0.80707604,-0.4937621,0.78817296,0.7281314,0.9238505,-1.2008623,0,1,0
0,-1.2547895,-1.0856733,-0.1566927,0.27913576,1.5928022,0.45665288,0.89957476,0,1,0
1,-1.3048747,-1.0180714,-0.7755742,2.1456046,-0.73394823,2.543301,1.0996172,0,1,0
0,0.49808568,0.53666854,0.10301651,-0.50937223,1.3884255,-0.548855,-0.20065387,0,1,0
0,-0.7038828,-0.27449208,-1.0297577,2.245416,-1.5514551,2.3991632,0.999596,0,1,0
0,1.7501394,1.8886235,-0.9081917,0.5685883,-0.2937522,0.27762306,-0.70075804,0,0,1
0,-1.2547895,-0.8828677,-0.60980237,0.4288525,1.467032,0.3232469,1.1996374,0,1,0
0,-0.85413843,-1.0180714,0.19695388,0.11943804,-0.04221162,0.47805873,0.1994291,0,1,0
0,-1.9559366,-1.9644357,-0.30036163,-0.39958012,0.96395075,-0.6381306,0.999596,0,0,1
0,-0.95429355,-0.8152864,-0.58217376,0.17932458,-0.23086706,-0.005213153,0.6995333,0,0,1
0,-1.0043788,-1.2208564,-0.5379679,0.4088902,1.5141958,0.35132253,0.1994291,0,1,0
0,0.24767493,0.67187226,2.954292,-2.1063511,-1.5514551,-2.030818,0.49949178,0,1,0
0,-0.5536425,-0.27449208,0.2411597,-0.020297749,1.4827532,0.29382393,0.6995333,0,1,0
0,-0.6037277,-0.34209394,0.58375484,-0.7189759,0.7752953,-0.5896937,0.6995333,0,1,0
0,0.59825605,0.33388352,-0.18984707,0.35898462,-0.46668637,0.54915094,-0.70075804,1,0,0
0,-0.10290622,-0.2068902,-0.94687176,0.73826736,0.6338037,0.4734885,-0.10063361,1,0,0
0,-0.45347208,0.13109854,0.9484529,-1.1880883,-1.4256848,-1.1635985,1.0996172,0,0,1
0,-0.5536425,-0.071707085,-0.21194997,-0.28978798,-0.59245664,-0.42064437,0.999596,0,0,1
0,-1.1045492,-1.0856733,0.80478394,-1.1581451,1.1211636,-1.1855805,0.599513,0,1,0
0,-0.80405325,-1.2884582,-0.9523975,1.7763033,-0.24658835,1.8571911,-0.3006751,0,1,0
0,-0.10290622,0.7394741,-0.48271063,0.4288525,0.9325082,0.42274714,1.2996587,0,0,1
0,2.00055,2.226612,-1.3557756,1.4569074,-0.08937548,1.0407819,-0.70075804,0,1,0
0,-0.85413843,-0.6124808,-0.37219608,0.009645524,-1.2055868,-0.09446921,0.79955447,0,1,0
0,-1.2547895,-1.0856733,-0.2782587,-0.050241023,-0.1837032,-0.11514288,0.89957476,0,1,0
0,0.54817086,0.4014854,-1.267364,0.87800276,-0.07365419,0.38411498,-0.50071657,0,0,1
0,0.49808568,1.4154516,-0.8971402,0.9877953,-0.938325,0.8513226,1.0996172,0,1,0
0,-0.25314656,-0.00410521,-0.70373976,0.8879841,-0.81255466,0.883988,0.49949178,0,1,0
0,-1.4551151,-1.0856733,0.2411597,-0.17999546,0.6652463,0.046484895,1.2996587,0,0,1
0,0.49808568,1.3478497,-0.51033926,-0.31973127,-1.2055868,-0.6586768,0.999596,0,1,0
0,0.94882196,0.53666854,0.00355341,-0.2398824,-0.38807994,-0.20415443,-1.100842,0,1,0
1,-1.0043788,-1.2208564,-0.96344894,1.2872288,1.7342938,1.1927415,0.1994291,0,1,0
0,-0.90420836,-1.2884582,-0.040652413,0.24919248,0.7281314,0.49954244,-0.10063361,0,1,0
0,0.047349393,-0.27449208,-0.902666,1.2073796,0.6180824,1.1420689,-0.50071657,0,0,1
1,-0.45347208,-0.8152864,-1.1623752,1.3570963,1.5613596,1.0976167,-0.3006751,0,1,0
0,-0.50355726,-0.6800827,0.19695388,-0.469448,-0.95404625,-0.42939416,-0.0006123865,0,0,1
0,0.7484964,0.4014854,0.2190568,-1.1980695,1.7657363,-1.5412377,-0.9007995,0,1,0
0,0.34784535,0.53666854,-0.029600957,0.129419,-0.60817796,0.32808122,0.09940883,0,1,0
0,-1.8557814,-1.8968339,0.58928055,-0.4993913,1.3255403,-0.23286478,0.89957476,0,1,0
0,0.7484964,0.6042704,-0.48823637,0.05955111,-1.6929468,-0.10585583,-0.6007378,0,1,0
0,-0.50355726,0.19867977,0.24668543,-0.55927783,-0.38807994,-0.5375854,1.2996587,0,1,0
0,-0.85413843,-1.4236621,-0.1787956,0.11943804,0.649525,0.20446998,-0.40069535,0,1,0
0,1.649969,0.8746573,-0.20642425,-0.050241023,-1.0955378,-0.06499708,-2.001029,1,0,0
0,-0.20306134,0.67187226,0.9318757,-0.8986359,0.22505026,-0.68812937,1.399679,0,1,0
0,-0.25314656,-0.4772977,-0.34456745,0.039589178,0.47659084,-0.031619053,-0.20065387,0,1,0
0,0.097434595,0.19867977,-0.52139074,1.0876064,-1.158423,1.3237939,0.09940883,0,1,0
0,0.94882196,0.6042704,0.42350873,-0.54929686,-0.9697675,-0.41430655,-1.0008208,0,1,0
0,-1.3048747,-1.2884582,1.1584306,-1.4076729,-1.5671765,-1.4350778,0.6995333,0,1,0
0,-1.1546191,-1.0856733,-0.16221842,-0.14007123,-0.56101406,-0.16685049,0.6995333,0,1,0
0,0.34784535,-0.27449208,-0.6540082,0.9778139,0.9010656,1.0518557,-1.100842,0,0,1
0,-1.1546191,-0.2068902,0.28536552,-0.22990105,1.3884255,-0.0013559934,1.9998044,0,1,0
0,-1.2547895,-0.95046955,0.45113736,-1.1082394,-1.6929468,-1.2839282,1.0996172,0,1,0
0,-1.3048747,-0.8828677,-0.6319053,1.0277195,0.6966889,1.1408873,1.2996587,0,0,1
0,-0.5536425,0.063496664,-0.36667037,0.25917345,0.8853443,0.26905861,1.1996374,0,1,0
0,0.6984112,0.46908727,0.7495267,-0.9285792,-0.24658835,-0.83710104,-0.70075804,0,1,0
0,1.2493179,1.2802478,-0.106961146,0.48873943,-0.21514577,0.80598193,-0.6007378,0,1,0
0,0.39791524,0.4014854,0.6997951,-0.3796178,0.57091856,0.030723406,-0.20065387,0,1,0
0,-0.25314656,0.53666854,-0.1787956,0.019626869,0.759574,0.057305068,1.2996587,0,0,1
0,0.34784535,1.212646,-0.3390417,0.18930593,1.5613596,0.18882596,1.0996172,0,1,0
0,-0.50355726,-0.8828677,-0.2174757,0.019626869,-1.2213081,0.029825026,-0.3006751,0,0,1
0,-1.2047043,-1.2208564,2.9377148,-2.1462755,0.57091856,-2.1172516,0.599513,1,0,0
0,0.8486668,0.67187226,0.88766986,-1.1282016,-1.3942423,-1.094176,-0.70075804,0,1,0
0,-0.90420836,-1.4236621,0.06433642,-0.5892215,1.2940978,-0.69388115,-0.3006751,0,1,0
1,1.649969,1.212646,-1.2397354,2.1955101,-1.0326527,2.1030266,-1.500925,0,1,0
0,0.54817086,0.67187226,-0.69821405,0.6584181,-1.2213081,0.5713964,-0.10063361,0,0,1
0,0.59825605,0.6042704,0.3185199,-0.20993873,0.8853443,0.05192435,-0.3006751,0,1,0
0,0.44800046,0.46908727,0.64453787,-0.9285792,1.4513106,-0.89406276,-0.20065387,1,0,0
0,-1.3048747,-0.4096958,0.44561163,-0.45946667,-0.8911611,-0.25845018,1.9998044,0,1,0
0,-0.0027358106,-0.00410521,-0.2948359,0.17932458,-0.60817796,0.20704809,-0.0006123865,0,1,0
0,-0.5536425,-0.00410521,-0.28931016,-0.33969358,0.33509928,-0.54397196,1.0996172,0,0,1
0,1.8503097,1.6182365,0.56717765,-0.7688815,1.5456383,-0.67947704,-1.3008834,0,0,1
0,-0.6037277,-0.13930896,-0.5655966,0.8181162,0.8853443,0.90513974,0.999596,1,0,0
0,0.24767493,0.67187226,1.2136878,-1.1681262,-1.48857,-0.99752766,0.49949178,0,1,0
0,0.59825605,0.6042704,-0.68163687,1.327153,-0.6553418,1.5115148,-0.3006751,0,1,0
0,0.14750452,-0.54487896,-0.42745337,1.137512,-0.938325,1.4796793,-1.100842,0,1,0
0,-1.35496,-0.95046955,0.2577369,-0.22990105,0.74385273,-0.019763902,1.2996587,0,1,0
0,-0.753968,-0.00410521,-0.26168153,0.11943804,-1.3942423,0.14411962,1.4997002,0,1,0
0,-0.45347208,-0.6800827,-0.4937621,0.29909807,-1.0640953,0.23001665,-0.10063361,0,1,0
0,1.0990776,0.80707604,-0.37772182,0.18930593,0.9167869,0.1601839,-1.0008208,0,0,1
0,0.6984112,0.46908727,-0.9081917,0.1992869,0.94822943,-0.2191933,-0.70075804,0,0,1
0,-0.85413843,-0.74768454,-0.9745004,0.6085125,-1.6143403,0.27731067,0.599513,0,0,1
0,-0.7038828,-0.54487896,2.7387886,-2.0364833,-1.0640953,-1.9636903,0.599513,0,1,0
0,1.2994031,1.2802478,-0.7866257,0.68836176,-0.4038012,0.5395124,-0.70075804,0,1,0
0,-1.1546191,-0.2068902,-0.5490194,1.1075684,1.3098191,1.327065,1.9998044,1,0,0
0,-1.0043788,-1.1532751,0.025656322,-0.52933455,1.6556873,-0.6267244,0.2994503,0,1,0
0,-0.90420836,-1.4236621,-0.057229597,-0.33969358,-0.04221162,-0.39385784,-0.3006751,0,0,1
0,1.3494883,1.4830534,-0.94134605,1.1774362,1.0425571,1.0663477,-0.50071657,0,1,0
0,0.54817086,0.67187226,-1.1071179,1.2772474,1.356983,1.0453521,-0.10063361,1,0,0
0,0.94882196,-0.2068902,-0.035126686,-0.40956107,1.5141958,-0.48435423,-2.2010705,0,0,1
0,1.8002245,1.6182365,-0.6705854,0.59853154,0.319378,0.51106566,-1.2008623,0,1,0
0,1.3995582,1.6858385,-0.42745337,0.33902267,-0.6238992,0.33751443,-0.3006751,0,1,0
0,1.9003797,1.9562253,1.5452315,-1.6272573,-1.4414061,-1.6488234,-0.9007995,0,1,0
0,0.99890715,0.53666854,2.003867,-1.6572008,1.2626551,-1.512449,-1.2008623,0,1,0
0,-0.6037277,-0.27449208,0.8489898,-0.66907036,0.979672,-0.3532823,0.79955447,0,0,1
0,0.39791524,1.7534404,0.26878834,-0.43950474,0.09927996,-0.3380581,1.7997628,0,0,1
0,-0.80405325,-0.8828677,0.26878834,-0.4993913,-0.13653934,-0.43110302,0.2994503,0,1,0
0,-0.35331696,-0.6124808,-0.2561558,-0.19995777,0.68096757,-0.3184103,-0.20065387,0,1,0
0,0.34784535,0.80707604,-0.455082,1.137512,-0.73394823,1.4545821,0.49949178,0,1,0
0,-0.80405325,-0.54487896,-0.6926883,0.63845617,0.319378,0.5483304,0.79955447,0,0,1
0,-0.30323175,-0.8828677,-1.3834043,2.0457935,-0.057932902,1.7567929,-0.70075804,0,0,1
0,-0.7038828,-0.34209394,0.15827379,-0.3297122,1.1683275,-0.2391539,0.89957476,0,0,1
0,1.0489924,0.4014854,-0.44403055,0.75822926,-0.23086706,0.92320615,-1.500925,0,1,0
0,-0.052821014,-0.54487896,1.2247393,-1.4376162,0.115001254,-1.4563174,-0.70075804,0,1,0
0,-0.35331696,0.26628166,0.49534318,-0.7389382,1.0897211,-0.6727585,1.0996172,0,1,0
0,-0.7038828,-0.27449208,0.3958801,-0.42952338,-1.3313571,-0.24236676,0.999596,0,1,0
0,-1.2547895,-0.8828677,0.036707778,-0.19995777,0.24077155,-0.121734336,1.1996374,0,0,1
0,0.8486668,-0.071707085,-0.035126686,0.089494765,-0.02649033,0.26416647,-1.8009876,0,0,1
0,0.39791524,1.2802478,1.2247393,-1.0982583,0.08355868,-0.87162197,1.0996172,0,0,1
0,-0.50355726,0.13109854,0.539549,-0.19995777,-0.6238992,0.21595448,1.1996374,1,0,0
0,0.7484964,0.063496664,0.009079138,0.2192492,-0.8754398,0.4917498,-1.4009037,0,1,0
0,0.19758973,-0.071707085,0.15274806,-0.34967452,-0.56101406,-0.27334288,-0.50071657,0,1,0
0,-1.4050299,-0.8828677,-0.7811,-0.18997681,-0.30947348,-0.6572903,1.4997002,0,0,1
0,0.7985816,0.53666854,-1.0850149,0.9478707,0.5080334,0.63318247,-0.8007793,0,0,1
0,1.3494883,1.009861,0.09196506,-0.4993913,0.8853443,-0.54047585,-1.2008623,1,0,0
0,1.7501394,1.4154516,-1.1789523,1.5667,0.09927996,1.353842,-1.4009037,0,1,0
0,0.29776013,-0.2068902,-0.61532813,0.25917345,-1.3313571,0.08185547,-0.9007995,0,0,1
0,0.19758973,-0.27449208,-0.8860888,1.4469265,0.22505026,1.4805291,-0.8007793,0,1,0
0,-1.0043788,-0.8152864,0.39035437,-0.62914574,1.6399661,-0.5602999,0.79955447,0,1,0
0,0.14750452,1.1450647,0.78820676,-1.2180318,1.1054423,-1.2924535,1.399679,0,1,0
0,0.7985816,0.46908727,-0.25063008,-0.050241023,-1.3156358,-0.09585571,-0.9007995,0,1,0
0,-0.25314656,-0.00410521,-1.0518606,1.2672665,-0.24658835,1.0837398,0.49949178,0,1,0
0,0.14750452,-0.27449208,-0.16774416,0.6584181,-0.19942449,1.0082631,-0.70075804,0,0,1
0,-0.20306134,-0.4096958,-1.4165586,2.2054913,-0.38807994,1.9218098,-0.20065387,0,0,1
0,-0.5536425,0.13109854,0.9152985,-0.7489192,-0.70250565,-0.44746053,1.2996587,0,1,0
0,0.6984112,0.26628166,0.55060047,-1.1082394,-0.21514577,-1.2331285,-1.0008208,0,1,0
0,1.2994031,1.3478497,0.744001,-0.7788625,-0.59245664,-0.5948891,-0.6007378,0,1,0
0,0.24767493,1.3478497,-0.8695116,1.4070019,-1.268472,1.442512,1.4997002,0,0,1
0,0.39791524,0.67187226,0.22458252,-0.33969358,0.02067353,-0.21157642,0.1994291,0,0,1
0,-1.6053706,-1.4912639,0.18590243,-0.3596555,0.2879354,-0.2673174,0.999596,0,1,0
0,-0.90420836,-1.1532751,3.7389455,-2.3159547,0.49231213,-2.2231772,0.09940883,0,1,0
0,-1.5052003,-1.626447,-0.14564124,0.23921151,0.25649282,0.4059115,0.599513,0,1,0
0,1.1491475,1.1450647,0.025656322,0.3190604,0.319378,0.65489113,-0.6007378,0,1,0
0,-0.85413843,-0.00410521,-0.1787956,0.46877712,-0.5452928,0.71954805,1.6997416,0,1,0
0,1.2493179,0.26628166,2.3630393,-1.9666156,-0.9068824,-1.9593837,-2.10105,0,1,0
0,0.44800046,0.33388352,-0.52691644,0.3190604,-1.268472,0.23302415,-0.40069535,0,0,1
0,-1.35496,-1.2884582,0.56717765,-0.3097499,1.5456383,0.058125585,0.79955447,0,1,0
0,0.6984112,0.6042704,0.09749078,-0.070203334,1.0425571,0.11674748,-0.50071657,0,0,1
0,1.2493179,0.13109854,0.13064516,-0.51935357,0.6652463,-0.54707736,-2.301092,0,1,0
0,1.7000542,1.2802478,-0.58217376,0.4587958,-0.46668637,0.38688844,-1.500925,0,1,0
0,-0.35331696,-1.0180714,-1.2949927,2.0557745,-1.0012101,1.8640667,-0.8007793,0,0,1
0,0.49808568,0.6042704,2.081227,-1.7969364,-1.0326527,-1.7424057,-0.10063361,1,0,0
0,-0.0027358106,-0.27449208,-0.07380678,0.63845617,0.6652463,1.0558208,-0.40069535,0,1,0
0,-1.6053706,-1.4236621,-0.50481355,0.87800276,-1.2055868,1.0417582,1.0996172,0,1,0
0,-0.85413843,-1.0180714,-0.68163687,1.2672665,0.68096757,1.4285477,0.1994291,0,1,0
0,-0.753968,-0.8828677,-1.0629121,0.8480595,-1.1741443,0.52097744,0.1994291,0,0,1
0,0.49808568,-0.2068902,-1.38893,1.8361902,0.85390174,1.4867494,-1.3008834,0,0,1
0,-0.052821014,-0.54487896,0.46771455,-0.5393159,-0.04221162,-0.37149486,-0.70075804,0,1,0
0,0.8987367,0.53666854,0.036707778,0.33902267,-1.2370294,0.6935228,-1.0008208,0,1,0
1,0.7484964,0.6042704,6.744941,-3.1942928,-1.4571275,-3.7025232,-0.6007378,0,1,0
0,-0.753968,-0.4772977,-0.41087618,0.23921151,1.0268359,0.20716557,0.79955447,0,0,1
0,-0.7038828,-0.27449208,0.9705558,-1.1581451,-0.27803093,-1.102379,0.999596,0,1,0
0,0.19758973,0.94225913,2.1917417,-1.6072953,0.36654183,-1.340226,0.999596,0,1,0
0,0.24767493,-0.00410521,0.22458252,-0.29976895,1.1526061,-0.14985868,-0.50071657,0,0,1
0,1.2994031,1.4830534,-0.106961146,0.29909807,1.577081,0.52395624,-0.40069535,0,1,0
0,-1.755611,-1.8292526,0.14722234,-0.27980664,0.8853443,-0.16985844,0.79955447,0,1,0
0,1.2994031,0.67187226,-0.106961146,0.27913576,0.6338037,0.4942692,-1.6009462,0,1,0
0,1.0990776,1.009861,1.1308019,-0.8786736,1.0111146,-0.54508525,-0.70075804,0,1,0
0,-0.80405325,-1.4236621,-0.515865,0.5286637,-1.3313571,0.53799886,-0.50071657,0,1,0
0,-1.2547895,-1.3560601,-0.60980237,0.57856923,0.6338037,0.53256893,0.49949178,0,0,1
0,0.29776013,0.063496664,-0.30036163,0.9877953,-1.3942423,1.3776015,-0.50071657,0,1,0
0,0.99890715,0.063496664,-0.72031695,1.0377009,1.0111146,1.0760546,-1.9010079,0,1,0
0,0.097434595,-0.071707085,0.16379952,-0.8786736,1.0739998,-1.078278,-0.3006751,0,0,1
0,0.24767493,1.3478497,-1.5270733,2.0757368,0.60236114,1.6401838,1.4997002,0,0,1
0,0.24767493,-0.13930896,-0.9523975,1.3970209,0.33509928,1.3499166,-0.70075804,0,1,0
0,-0.10290622,-0.6124808,0.7108466,-0.96850383,1.4513106,-0.92324215,-0.70075804,0,1,0
0,-1.2047043,-1.0856733,-0.81978005,1.1874176,1.7342938,1.1912184,0.79955447,0,0,1
0,-1.3048747,-1.0856733,-0.62637955,1.0377009,-0.59245664,1.1597246,0.999596,0,1,0
0,-1.0043788,-1.3560601,-0.106961146,-0.040260058,-0.8911611,0.019278511,-0.0006123865,1,0,0
0,-1.4551151,-1.2208564,-0.068281054,0.2192492,1.4355893,0.43405542,1.0996172,1,0,0
0,-0.052821014,0.8746573,-0.09590969,0.5685883,0.71241015,0.9336548,1.399679,0,1,0
0,0.8987367,0.67187226,0.6169092,-0.7489192,1.3727041,-0.61884344,-0.8007793,0,1,0
0,0.34784535,-0.13930896,-0.73689413,0.8380785,0.68096757,0.7866852,-0.9007995,0,1,0
0,-1.1546191,-1.8968339,-0.81425434,0.29909807,1.4041468,-0.013533525,-0.50071657,0,1,0
0,0.24767493,0.26628166,0.89872134,-0.6890327,-0.5767354,-0.35725692,-0.10063361,0,1,0
0,1.7000542,1.5506347,-0.09590969,0.20926785,-0.71822697,0.3985874,-1.100842,1,0,0
0,-0.10290622,-0.54487896,1.2192135,-1.4076729,-0.70250565,-1.4072558,-0.6007378,0,1,0
0,0.34784535,0.19867977,0.66111505,-1.0184094,-1.598619,-1.0308765,-0.40069535,0,0,1
0,0.34784535,1.212646,-0.6595339,0.69834274,0.1778864,0.6587191,1.0996172,0,1,0
0,1.1992327,0.8746573,-0.20089853,-0.17999546,0.19360769,-0.2519466,-1.100842,0,1,0
0,-0.95429355,-1.3560601,3.258207,-2.1562567,-0.98548883,-2.033259,-0.10063361,0,0,1
0,0.097434595,1.0774629,-1.2010553,1.0876064,1.68713,0.71240926,1.399679,0,1,0
0,-0.30323175,-0.6124808,-0.5490194,0.9977762,0.4137057,1.1723807,-0.3006751,0,0,1
0,-1.054464,-0.6124808,-0.28378445,-0.26982567,-1.2213081,-0.4386812,1.1996374,0,0,1
0,0.39791524,0.33388352,0.10854224,0.009645524,1.7657363,0.24621755,-0.3006751,1,0,0
0,-0.85413843,-0.8152864,-0.81978005,1.0377009,-1.48857,0.9874624,0.49949178,0,0,1
0,-0.90420836,-1.3560601,-0.007498046,-0.17999546,-0.7653908,-0.12138282,-0.20065387,0,1,0
1,-1.4050299,-1.4236621,-1.1789523,3.53298,1.0111146,3.9047878,0.6995333,0,1,0
0,0.59825605,0.46908727,2.2746274,-1.8668044,-1.0012101,-1.8005781,-0.50071657,0,1,0
0,1.649969,1.212646,-0.018549502,0.05955111,1.5299171,0.23114954,-1.500925,0,0,1
0,1.8002245,1.8210422,-0.7534713,0.61849385,-0.7968334,0.47108617,-0.9007995,1,0,0
0,-1.4551151,-1.2884582,-0.18432134,-0.22990105,1.6085235,-0.31428906,0.999596,0,0,1
0,-1.2047043,-0.4772977,0.020130593,-0.56925917,-1.5671765,-0.6903851,1.6997416,0,1,0
0,1.8503097,1.6182365,-1.0573864,1.0975873,0.6966889,0.8548091,-1.3008834,0,1,0
0,-0.6537976,-0.6800827,0.1416966,-0.4894103,0.6966889,-0.4944322,0.2994503,0,1,0
0,-1.054464,-1.0856733,0.539549,-0.54929686,1.3098191,-0.34355628,0.49949178,1,0,0
0,-0.90420836,-1.5588452,-0.44403055,0.4488148,-0.2937522,0.4815252,-0.50071657,0,1,0
0,-0.15297614,-0.54487896,-0.7092655,0.6085125,1.0268359,0.49339995,-0.50071657,0,1,0
0,-0.45347208,0.4014854,1.4181397,-1.3976917,-0.27803093,-1.2986643,1.4997002,0,1,0
0,1.0990776,1.212646,-1.1568494,2.2354348,-1.2055868,2.2457974,-0.40069535,1,0,0
0,-0.90420836,-0.8152864,0.478766,0.039589178,-1.378521,0.55622095,0.599513,0,0,1
0,0.24767493,0.33388352,-0.72031695,2.0857182,-0.5452928,2.520801,-0.0006123865,0,1,0
0,-0.0027358106,-0.54487896,0.39035437,-0.7888438,0.6652463,-0.81185764,-0.8007793,0,1,0
0,-0.4033869,0.063496664,0.014604866,-0.38959914,-1.6143403,-0.4226852,0.89957476,1,0,0
0,0.8987367,0.4014854,-0.09590969,0.37894693,-0.59245664,0.65125847,-1.2008623,0,1,0
0,-0.20306134,0.063496664,-0.28931016,0.2891171,-1.0326527,0.37086332,0.49949178,0,1,0
0,0.6984112,0.46908727,-0.018549502,0.43883386,-0.1837032,0.80113804,-0.70075804,1,0,0
0,0.7484964,0.46908727,0.81030965,-1.2080506,0.429427,-1.2651296,-0.8007793,0,1,0
0,1.5498139,0.80707604,0.48981747,-0.47942898,-1.3313571,-0.262591,-1.9010079,0,1,0
0,-0.0027358106,1.009861,-0.46613345,0.16934362,0.35082054,0.06629889,1.4997002,0,1,0
0,-1.054464,-1.5588452,-0.068281054,0.27913576,0.2722141,0.52352643,-0.20065387,0,0,1
0,1.0990776,0.7394741,0.48981747,-0.93856037,-0.04221162,-0.99390453,-1.100842,1,0,0
0,-0.30323175,-0.6800827,0.66664076,-1.1581451,0.49231213,-1.254915,-0.40069535,0,1,0
0,1.3995582,1.6182365,-0.81425434,0.61849385,-0.59245664,0.42145807,-0.40069535,0,1,0
0,-0.90420836,-1.4912639,-0.10143542,0.2891171,-0.74966955,0.5133018,-0.40069535,0,1,0
0,-1.1546191,-0.8828677,0.8545155,-1.0882771,-0.08937548,-1.0448216,0.999596,0,1,0
0,1.4496434,1.5506347,1.4899743,-1.4975029,1.1368849,-1.442314,-0.6007378,0,0,1
0,0.29776013,0.46908727,-0.83635724,0.2891171,1.2940978,-0.043884467,0.09940883,0,0,1
0,0.39791524,-0.27449208,-0.22852716,0.57856923,-0.95404625,0.84117633,-1.2008623,0,1,0
0,-1.35496,-0.95046955,-0.902666,1.3471153,0.067837395,1.33019,1.2996587,1,0,0
0,2.00055,2.159031,0.417983,-0.21992008,0.3036567,0.10277274,-0.8007793,0,1,0
0,0.94882196,0.53666854,-0.07933251,0.3190604,-0.71822697,0.57473636,-1.100842,0,1,0
0,-0.95429355,-0.6800827,0.29089126,-0.60918343,-0.35663736,-0.5884438,0.89957476,0,1,0
0,-0.052821014,0.94225913,0.31299418,-1.1082394,0.82245916,-1.3544836,1.4997002,0,1,0
0,-2.2063472,-2.5052302,-0.62637955,0.548626,-0.85971856,0.47737482,0.6995333,0,0,1
0,-0.6037277,0.4014854,0.34614855,-0.090165645,1.6242448,0.2581606,1.7997628,0,1,0
0,-0.753968,-0.8152864,0.07538787,-0.50937223,-1.4099636,-0.5658955,0.2994503,0,0,1
0,-0.753968,-1.2208564,-0.48823637,0.74824834,-1.4099636,0.8718496,-0.3006751,0,1,0
0,1.3995582,1.5506347,-0.36667037,0.25917345,1.9543918,0.26905861,-0.50071657,0,1,0
0,0.19758973,0.94225913,-0.62085384,1.0676441,0.22505026,1.2064521,0.999596,1,0,0
0,1.0990776,1.0774629,-0.68163687,1.4070019,-0.938325,1.6221374,-0.6007378,0,1,0
0,-0.90420836,-0.8152864,0.6997951,-0.8487304,-1.2213081,-0.7339294,0.599513,0,1,0
0,0.54817086,0.33388352,-1.2728897,2.0657558,-0.12081805,1.9005209,-0.6007378,0,0,1
0,0.24767493,1.0774629,-0.52691644,0.92790836,-0.24658835,1.0932026,1.0996172,0,1,0
0,-0.6037277,-0.00410521,3.0869095,-2.0364833,0.6338037,-1.8431066,1.1996374,0,1,0
0,0.19758973,1.0774629,0.9705558,-0.91859823,1.4984745,-0.7004339,1.1996374,1,0,0
0,-0.45347208,0.13109854,-0.6319053,1.2672665,0.7281314,1.4748651,1.0996172,0,1,0
0,1.8503097,2.091429,-1.0187062,0.90794605,1.2626551,0.63826036,-0.6007378,0,1,0
0,0.39791524,0.80707604,-0.28378445,0.009645524,-0.32519478,-0.031814393,0.39947057,0,0,1
0,-0.052821014,0.94225913,0.48429173,-0.3297122,0.1621651,-0.027703157,1.4997002,0,1,0
0,0.49808568,0.67187226,-0.758997,1.5267754,-0.15226063,1.7124677,-0.0006123865,0,1,0
0,0.648326,0.94225913,1.6502203,-1.677163,1.68713,-1.6945939,0.09940883,0,0,1
0,-1.2547895,-0.74768454,-1.4331359,0.8480595,-1.3942423,0.20364991,1.399679,0,0,1
0,-0.6037277,-0.8152864,-0.23405288,0.6783804,-0.56101406,0.9828922,-0.0006123865,0,0,1
0,-0.30323175,-0.4772977,-0.07933251,0.14938131,-1.2213081,0.32156762,-0.10063361,0,1,0
0,0.44800046,0.26628166,1.3739339,-1.2180318,-0.27803093,-1.0046855,-0.50071657,0,1,0
0,-0.20306134,-0.6800827,1.086596,-1.3877106,0.60236114,-1.4340523,-0.6007378,0,0,1
0,-0.0027358106,-0.4096958,-0.22852716,-0.15005219,-1.1112591,-0.22671273,-0.6007378,1,0,0
0,-0.6037277,0.13109854,1.5176028,-1.317843,1.5141958,-1.1112462,1.399679,0,1,0
0,-0.7038828,-0.4096958,-0.5490194,0.8181162,0.4451483,0.9192607,0.79955447,0,1,0
0,-0.10290622,-0.34209394,0.2798398,-1.1481639,-1.3313571,-1.4335251,-0.3006751,0,1,0
0,0.19758973,-0.34209394,0.042233504,1.0676441,0.36654183,1.8005809,-0.9007995,1,0,0
0,-0.753968,-0.4096958,-0.10143542,-0.24986336,-0.21514577,-0.28877196,0.89957476,0,0,1
1,-0.80405325,-0.34209394,3.3908246,-2.4656713,-0.15226063,-2.6419091,1.0996172,0,1,0
0,1.8503097,1.8210422,2.4846053,-1.757012,0.9167869,-1.5078789,-1.0008208,0,1,0
0,1.1491475,0.94225913,-0.5324422,0.4088902,-0.8911611,0.3556291,-0.9007995,1,0,0
0,2.1007204,2.294214,-0.7092655,1.4768697,-1.0012101,1.6921751,-0.8007793,0,0,1
0,1.1491475,1.2802478,-0.58217376,1.1874176,1.0268359,1.4091536,-0.40069535,0,1,0
0,0.19758973,0.94225913,-0.637431,0.4587958,0.3036567,0.34333456,0.999596,0,1,0
0,-0.90420836,-1.4912639,-0.60980237,0.68836176,0.14644383,0.6860722,-0.40069535,0,1,0
0,-1.35496,-1.0856733,0.6942694,-1.1082394,-1.4256848,-1.1597509,1.0996172,0,0,1
0,1.7000542,1.5506347,0.77715534,-0.93856037,-0.63962054,-0.8385171,-1.100842,0,1,0
0,-0.753968,-0.13930896,-0.394299,0.089494765,0.7752953,0.004552459,1.2996587,0,1,0
0,0.44800046,0.13109854,-0.035126686,-0.18997681,0.46086955,-0.15500535,-0.70075804,0,0,1
0,-0.6537976,-0.6124808,-0.64295673,0.9478707,1.4513106,1.0198933,0.39947057,0,0,1
0,0.44800046,0.8746573,-1.3502499,1.8860958,-0.48240766,1.5899019,0.39947057,1,0,0
0,-1.2547895,-0.95046955,-0.37219608,0.48873943,1.4198681,0.595517,1.0996172,0,0,1
0,-0.30323175,0.33388352,-0.92476887,0.62847483,1.0268359,0.3446236,1.0996172,0,1,0
0,-0.6037277,-0.071707085,1.1142247,-1.2280127,-0.9068824,-1.1492823,1.0996172,0,0,1
0,1.9003797,1.9562253,0.18590243,-0.5393159,-1.4728488,-0.5438158,-0.9007995,0,1,0
0,0.44800046,1.3478497,-0.51033926,0.13940035,1.3412616,-0.008670071,1.0996172,0,0,1
0,1.1491475,0.67187226,0.119593695,-0.27980664,1.1368849,-0.18802229,-1.3008834,0,1,0
0,0.49808568,0.4014854,0.8766184,-1.2679373,-1.4728488,-1.3319253,-0.40069535,0,0,1
0,-0.5536425,0.19867977,-0.5711223,-0.10014661,-1.1898656,-0.38969785,1.399679,0,1,0
0,0.047349393,0.33388352,-0.040652413,-0.39958012,0.02067353,-0.47289932,0.39947057,0,1,0
0,-0.20306134,0.13109854,0.48429173,-0.33969358,-1.4256848,-0.043591227,0.599513,0,1,0
1,1.2493179,0.13109854,-1.1623752,1.0576627,0.6338037,0.7082689,-2.301092,0,1,0
0,0.24767493,0.8746573,-0.3556189,0.62847483,-0.92260367,0.81032723,0.79955447,0,1,0
0,0.24767493,0.33388352,0.58928055,-0.54929686,-0.70250565,-0.3132345,-0.0006123865,0,1,0
0,-0.50355726,-0.00410521,-0.16774416,-0.19995777,0.94822943,-0.25903618,0.999596,0,1,0
0,0.8987367,0.80707604,-1.1347466,1.2273419,-0.6238992,0.9544359,-0.6007378,0,1,0
0,-1.3048747,-0.95046955,0.76610386,-0.7688815,1.1368849,-0.56592464,1.1996374,0,1,0
0,-1.2047043,-1.0180714,-0.40535045,-0.030278714,-1.158423,-0.1752296,0.89957476,0,0,1
0,-0.20306134,-0.6800827,-0.69821405,0.8480595,0.71241015,0.833569,-0.6007378,0,1,0
0,-1.054464,-0.95046955,3.993129,-2.4257467,0.2722141,-2.3906934,0.6995333,0,1,0
0,1.5498139,1.8886235,-0.41087618,0.4088902,0.02067353,0.45037332,-0.3006751,0,1,0
0,1.7000542,1.4830534,0.64453787,-0.7289569,1.3727041,-0.5706319,-1.2008623,0,1,0
0,1.7000542,1.009861,1.53418,-1.5274463,0.2722141,-1.4760144,-1.9010079,0,0,1
0,0.49808568,1.1450647,0.721898,-0.8686927,0.6652463,-0.7542415,0.6995333,0,1,0
0,-0.5536425,-0.13930896,0.42350873,-0.34967452,0.036394816,-0.09868791,0.89957476,0,1,0
0,-0.95429355,-0.8152864,3.6836882,-2.3658602,1.3727041,-2.347296,0.6995333,0,0,1
0,1.0990776,1.009861,-1.0684378,1.2373232,0.7752953,1.0288681,-0.70075804,0,1,0
0,-0.90420836,-1.0856733,-1.0187062,0.9378897,1.5928022,0.6779571,0.1994291,0,1,0
0,0.44800046,-0.34209394,-0.38877326,0.33902267,0.2879354,0.3671819,-1.4009037,1,0,0
0,-0.6037277,-1.2884582,-0.37219608,1.3471153,-1.2527508,1.8317432,-0.70075804,0,1,0
0,2.0506353,2.159031,2.7001085,-2.1063511,-0.98548883,-2.1157184,-0.9007995,0,0,1
0,0.49808568,0.33388352,-0.72584265,0.69834274,1.4827532,0.60364205,-0.50071657,0,1,0
0,-2.2063472,-2.5052302,0.5340233,-0.7289569,-0.81255466,-0.63449746,0.6995333,0,1,0
0,-1.4050299,-1.4236621,0.22458252,-0.41954243,0.5080334,-0.33501145,0.6995333,0,1,0
0,1.1992327,0.063496664,0.09196506,-0.70899457,0.38226312,-0.85957146,-2.301092,0,1,0
0,-0.6537976,-0.13930896,-0.6484825,0.069532454,-0.35663736,-0.20694746,1.0996172,1,0,0
0,0.49808568,0.67187226,1.4623456,-1.417654,1.0425571,-1.3135856,-0.0006123865,0,1,0
0,1.3494883,0.46908727,2.4182966,-1.9965588,-1.3627998,-1.9974786,-2.001029,0,1,0
0,-0.0027358106,-0.34209394,2.1309586,-1.8069175,-1.5514551,-1.7418684,-0.50071657,0,1,0
0,-0.6037277,-0.54487896,-0.6319053,1.3870399,0.429427,1.641854,0.39947057,1,0,0
0,-0.95429355,-1.2208564,1.086596,-1.317843,-1.268472,-1.3153828,0.09940883,0,0,1
1,-0.4033869,-0.6800827,-0.13458979,0.8879841,1.8915067,1.3758434,-0.20065387,0,1,0
0,0.59825605,0.67187226,0.31299418,-0.27980664,1.7500151,-0.060876276,-0.20065387,0,1,0
0,1.1992327,1.1450647,-0.24510434,-0.31973127,1.68713,-0.48618013,-0.70075804,0,1,0
0,0.49808568,-0.00410521,-1.8088853,2.7843962,-1.2213081,2.1777127,-1.0008208,1,0,0
0,-0.0027358106,0.13109854,0.7495267,-1.0283904,-0.6867844,-1.0006722,0.1994291,0,1,0
0,0.097434595,0.19867977,-0.3390417,-0.18997681,-0.98548883,-0.3596397,0.09940883,0,0,1
0,-0.90420836,-1.2208564,-0.5711223,1.0177386,-1.0169314,1.1808964,-0.0006123865,0,1,0
0,0.14750452,-0.34209394,-0.36114463,-0.13008988,-1.1427017,-0.2881568,-0.8007793,0,1,0
0,0.097434595,0.063496664,0.60585773,-0.9485415,-1.0169314,-0.94725525,-0.10063361,0,1,0
0,-0.35331696,-0.74768454,1.2578937,-1.5174652,1.3884255,-1.5793618,-0.40069535,0,0,1
0,0.14750452,1.009861,0.04775923,-0.7788625,-1.2999146,-0.9910924,1.1996374,0,1,0
0,0.29776013,0.26628166,2.5840683,-2.0165212,0.13072254,-1.9780844,-0.20065387,0,1,0
0,1.1992327,1.1450647,1.0037102,-1.3078618,0.067837395,-1.3378333,-0.70075804,0,1,0
0,0.34784535,-0.00410521,0.56165195,-0.5393159,1.1054423,-0.31405455,-0.70075804,0,0,1
0,0.7985816,0.7394741,0.77715534,-1.078296,0.052116103,-1.0682,-0.50071657,0,1,0
0,0.14750452,-0.00410521,-0.72031695,0.3190604,-1.5514551,0.08537113,-0.3006751,0,0,1
0,0.7484964,0.53666854,0.296417,-0.54929686,0.85390174,-0.49179533,-0.70075804,0,1,0
0,-1.054464,-1.0180714,-0.11248688,-0.56925917,-0.73394823,-0.77077436,0.599513,0,1,0
0,0.34784535,0.46908727,-1.0850149,1.1574739,1.6242448,0.9085967,-0.0006123865,0,0,1
0,1.7000542,1.2802478,1.2799965,-0.83874923,1.4827532,-0.3936429,-1.500925,0,1,0
1,-0.85413843,-1.3560601,7.441183,-3.6134999,-0.7968334,-4.7877755,-0.3006751,0,1,0
0,-0.25314656,-0.00410521,-0.8860888,1.0377009,-0.35663736,0.9284011,0.49949178,0,1,0
0,1.9003797,1.9562253,0.3019427,-0.47942898,-0.60817796,-0.3794637,-0.9007995,0,0,1
0,-1.6053706,-1.6940489,-0.36114463,0.23921151,-0.010769043,0.24443035,0.6995333,0,1,0
0,-0.80405325,-0.34209394,-1.0076548,1.0077572,0.2722141,0.78036696,1.0996172,0,1,0
0,0.44800046,0.4014854,-0.007498046,-0.3297122,-1.6457828,-0.34667125,-0.3006751,0,1,0
0,1.649969,1.8210422,0.56717765,-0.6391271,-0.057932902,-0.47102425,-0.6007378,0,0,1
0,-1.5552855,-1.4912639,-0.6319053,0.90794605,0.869623,0.97389835,0.89957476,0,1,0
1,-0.6037277,-0.071707085,-0.5545451,0.5186827,-1.0640953,0.49298012,1.0996172,1,0,0
0,-0.15297614,0.33388352,-0.26168153,-0.070203334,0.36654183,-0.1327107,0.79955447,0,0,1
0,0.49808568,0.94225913,-0.3390417,-0.050241023,-0.5138502,-0.15757346,0.39947057,0,1,0
0,1.4496434,1.4830534,0.17485097,0.05955111,0.49231213,0.3699162,-0.70075804,0,1,0
0,0.34784535,0.67187226,-0.8916145,0.11943804,-0.23086706,-0.31454313,0.2994503,0,0,1
0,-0.45347208,-0.8152864,-0.26720726,0.09947573,1.5928022,0.11097609,-0.3006751,0,0,1
0,1.8002245,1.1450647,-0.3500932,0.009645524,-0.35663736,-0.078805625,-1.9010079,1,0,0
0,-0.7038828,-0.00410521,-1.1347466,0.7981539,-1.0326527,0.39427125,1.399679,0,1,0
0,0.94882196,0.67187226,-0.5932252,0.14938131,-0.8911611,-0.05532936,-0.9007995,0,0,1
0,-1.1546191,-0.8152864,-0.83635724,0.5586069,1.2940978,0.32208487,1.0996172,0,0,1
0,1.7501394,2.0238273,0.36825144,-0.59920245,0.2879354,-0.5264137,-0.50071657,0,1,0
0,-1.5052003,-1.5588452,1.0589675,-1.1481639,1.2312126,-1.0411011,0.6995333,0,1,0
0,0.54817086,0.46908727,-0.902666,0.90794605,-1.6929468,0.7389518,-0.40069535,0,1,0
0,0.44800046,1.6182365,-0.9689747,1.2473042,0.2722141,1.1342953,1.4997002,0,1,0
0,-1.3048747,-0.4772977,-0.96344894,1.2373232,-0.49812892,1.1260924,1.8997831,1,0,0
0,-0.6037277,0.063496664,0.90977275,-0.9285792,0.6652463,-0.75015944,1.2996587,1,0,0
0,-0.4033869,-0.74768454,0.18590243,-0.25984433,1.6399661,-0.1137072,-0.3006751,0,0,1
0,-0.45347208,0.4014854,-1.145798,0.7981539,0.6338037,0.38489634,1.4997002,1,0,0
0,0.24767493,1.0774629,-0.18432134,-0.3796178,-1.5357338,-0.53489023,1.0996172,1,0,0
0,-1.3048747,-1.0856733,-0.07933251,-0.13008988,-0.71822697,-0.095416315,0.999596,0,1,0
0,0.54817086,0.8746573,0.4566631,-0.43950474,-1.158423,-0.21985717,0.1994291,0,1,0
0,0.6984112,0.4014854,-0.32246453,-0.2398824,-0.48240766,-0.420791,-0.8007793,0,1,0
0,-1.4050299,-1.0180714,0.3958801,-0.83874923,1.4041468,-0.88738346,1.2996587,0,0,1
0,-0.25314656,-0.54487896,-0.23405288,0.089494765,0.96395075,0.12038016,-0.3006751,0,0,1
0,0.8486668,0.46908727,-1.2231581,1.496832,1.356983,1.2202315,-1.0008208,0,1,0
0,-0.90420836,-1.4236621,-0.26720726,-0.030278714,1.1526061,-0.07830749,-0.3006751,1,0,0
0,-0.95429355,-0.8828677,0.042233504,-0.110127576,-1.6929468,0.017940732,0.599513,0,0,1
0,-0.45347208,0.33388352,-0.37772182,-0.16003315,0.60236114,-0.34258917,1.399679,0,1,0
0,-0.15297614,-0.54487896,-1.1789523,2.4749818,-0.5767354,2.5321982,-0.50071657,0,1,0
0,0.14750452,1.212646,0.04775923,-0.6990136,-1.4414061,-0.8701571,1.4997002,0,1,0
0,0.7484964,0.4014854,2.3354106,-1.9765965,0.25649282,-1.9884552,-0.9007995,0,1,0
0,1.0990776,0.8746573,-0.9081917,0.69834274,-0.15226063,0.45218012,-0.9007995,0,0,1
0,0.99890715,-0.00410521,1.6170659,-1.7071065,1.1054423,-1.7618581,-2.001029,0,1,0
0,-0.6537976,0.13109854,0.32404563,-0.66907036,-1.1269804,-0.662212,1.4997002,0,0,1
0,-0.80405325,-0.95046955,0.16379952,-0.55927783,0.82245916,-0.58797526,0.1994291,0,1,0
0,0.6984112,0.46908727,0.843464,-0.7688815,-1.6143403,-0.5217656,-0.70075804,0,0,1
0,0.6984112,0.26628166,-1.3170955,1.1175497,0.067837395,0.64614135,-1.0008208,0,1,0
0,-1.1546191,-0.8152864,-0.13458979,0.009645524,-0.4038012,0.07391622,1.0996172,0,1,0
0,-1.1045492,-1.6940489,-0.81978005,0.85804045,0.02067353,0.74295557,-0.3006751,0,1,0
0,1.2994031,0.53666854,-0.2948359,-0.3596555,0.82245916,-0.5765691,-1.8009876,0,1,0
0,0.097434595,1.0774629,0.37930292,-0.4993913,1.6399661,-0.3627451,1.399679,0,0,1
0,0.19758973,-0.27449208,0.07538787,0.38892826,-0.5138502,0.7990189,-0.8007793,0,1,0
0,-0.30323175,-0.54487896,0.16379952,0.079513416,-0.5452928,0.3926307,-0.20065387,0,1,0
0,1.1992327,0.80707604,-0.7479456,1.1973985,-0.7968334,1.2708163,-1.2008623,0,1,0
0,-1.054464,-1.5588452,-0.013023773,-0.22990105,-1.4571275,-0.20016067,-0.20065387,0,1,0
0,0.6984112,0.19867977,0.39035437,-1.0882771,0.9167869,-1.283528,-1.100842,0,0,1
0,0.49808568,0.53666854,-0.035126686,-0.070203334,1.356983,0.02463965,-0.20065387,0,0,1
0,-0.7038828,-0.27449208,-1.0794892,1.9360013,1.4513106,1.9373659,0.999596,0,0,1
0,0.648326,0.67187226,-1.0960665,1.92602,0.4137057,1.9068683,-0.3006751,1,0,0
0,0.24767493,1.0774629,1.0534418,-0.9784848,-0.02649033,-0.75668263,1.0996172,0,1,0
0,-0.7038828,-0.071707085,0.09196506,-0.14007123,-1.1269804,0.0065445583,1.2996587,0,1,0
0,0.8486668,0.13109854,0.81030965,-1.1082394,-0.7653908,-1.1004847,-1.500925,0,1,0
0,0.94882196,0.53666854,-0.46613345,0.2691548,-0.35663736,0.20838633,-1.100842,1,0,0
0,0.44800046,0.6042704,1.0368645,-0.98846596,-0.08937548,-0.782395,-0.0006123865,0,0,1
0,-0.20306134,0.53666854,-0.8087286,0.9877953,-0.46668637,0.92928994,1.1996374,0,1,0
0,-0.6037277,-0.00410521,-0.057229597,-0.15005219,-0.48240766,-0.11016241,1.1996374,0,0,1
0,1.3494883,1.212646,1.0423902,-0.9984471,-1.5042913,-0.79633063,-0.9007995,0,0,1
0,1.1491475,0.80707604,0.05328496,0.05955111,-0.6553418,0.2826914,-1.100842,0,1,0
0,-0.6037277,-0.6124808,-0.2782587,0.90794605,0.319378,1.2807672,0.2994503,0,1,0
0,-1.054464,-1.5588452,-0.26168153,0.36896595,-0.7653908,0.5083705,-0.20065387,0,1,0
0,0.59825605,-0.00410521,0.43456018,-0.2398824,-1.1898656,0.08224615,-1.2008623,0,1,0
0,-0.90420836,-0.4096958,0.8489898,-0.55927783,-0.5452928,-0.17142071,1.1996374,0,0,1
0,-0.15297614,-0.54487896,-0.394299,0.9578516,0.38226312,1.251754,-0.50071657,1,0,0
0,-1.2547895,-1.0856733,0.26326263,-0.38959914,-0.15226063,-0.2640458,0.89957476,1,0,0
0,-0.85413843,-0.8152864,0.58375484,-0.9585227,-1.1741443,-0.97523296,0.49949178,0,1,0
0,-1.3048747,-0.95046955,0.3572,-0.7189759,-0.35663736,-0.72101927,1.1996374,0,0,1
0,0.14750452,1.1450647,-0.51033926,-0.31973127,-1.6929468,-0.6586768,1.399679,0,0,1
0,-1.2047043,-0.6800827,-0.28931016,0.538645,-0.6867844,0.73389345,1.399679,0,1,0
0,1.3995582,0.4014854,0.7274238,-0.9485415,1.467032,-0.88172907,-2.2010705,0,1,0
0,-0.4033869,-1.0180714,-0.84188294,1.1075684,-0.15226063,1.062588,-0.70075804,0,1,0
0,-1.1546191,-1.626447,1.6833746,-1.8069175,-0.73394823,-1.9150972,-0.10063361,0,1,0
0,0.14750452,-0.54487896,1.4789227,-1.3577673,0.96395075,-1.2001507,-1.100842,0,1,0
0,0.29776013,0.6042704,-1.0794892,0.66839945,0.39798442,0.27052343,0.2994503,0,1,0
0,0.8486668,-0.13930896,-0.26720726,-0.070203334,0.09927996,-0.13654827,-1.9010079,0,1,0
0,-1.7055258,-1.7616508,-1.1402723,1.0177386,1.0897211,0.6759646,0.79955447,1,0,0
0,-1.2047043,-1.1532751,1.1197504,-1.2280127,-1.48857,-1.1465772,0.6995333,0,1,0
0,1.1992327,0.063496664,-0.106961146,-0.33969358,-0.16798191,-0.4260251,-2.301092,0,0,1
0,1.0990776,-0.00410521,-0.394299,0.35898462,-1.0955378,0.39161482,-2.2010705,1,0,0
0,-1.8557814,-1.7616508,-1.1292208,1.0476818,-0.938325,0.7248796,1.0996172,0,0,1
0,0.19758973,-0.27449208,0.41245726,-0.96850383,0.8381804,-1.083024,-0.8007793,0,0,1
0,-1.1546191,-1.8968339,-0.74241984,0.36896595,-1.6615041,0.13709831,-0.50071657,0,0,1
0,0.39791524,0.94225913,-1.2342097,1.756341,-1.0169314,1.5436233,0.599513,0,1,0
0,1.3494883,0.26628166,0.014604866,-0.42952338,-1.0955378,-0.48291856,-2.301092,0,1,0
0,-0.95429355,-1.626447,-0.22852716,0.2891171,0.99539334,0.4169466,-0.50071657,0,1,0
0,0.39791524,1.1450647,0.21353106,-0.85871154,1.7500151,-1.0200368,0.89957476,0,1,0
0,0.24767493,-0.2068902,-0.83083147,0.32904133,-1.5514551,0.014561676,-0.8007793,0,0,1
0,-1.2547895,-0.8828677,1.2247393,-1.3777294,0.8853443,-1.3531358,1.1996374,0,1,0
1,-1.5052003,-1.4236621,-1.3447242,2.9041693,0.71241015,2.886566,0.89957476,0,1,0
0,0.047349393,0.94225913,-0.6705854,0.76821065,-0.5452928,0.7464712,1.2996587,0,1,0
0,0.648326,0.063496664,-1.0187062,1.3570963,1.3412616,1.2337078,-1.2008623,0,1,0
0,-0.20306134,0.063496664,-1.0076548,0.8680218,-0.1837032,0.5948431,0.49949178,0,0,1
0,1.4997287,0.7394741,-0.07380678,-0.26982567,1.0739998,-0.30026603,-1.9010079,0,0,1
0,-0.50355726,-0.8828677,-0.7921514,0.85804045,-1.6929468,0.7666854,-0.3006751,0,1,0
0,1.3494883,1.4154516,1.0423902,-1.5573897,0.60236114,-1.7413119,-0.6007378,0,1,0
0,0.6984112,0.8746573,-0.7866257,0.22923017,-0.938325,-0.08803394,-0.10063361,0,1,0
0,-0.35331696,-0.8828677,-0.6595339,1.0277195,1.577081,1.1163273,-0.6007378,0,0,1
0,0.59825605,0.6042704,-0.9966033,1.077625,0.1621651,0.88305044,-0.3006751,0,0,1
0,-0.5536425,-0.00410521,0.119593695,0.5286637,-0.7811121,1.0467291,1.0996172,0,0,1
0,-0.753968,-1.3560601,-0.11248688,-0.26982567,-1.2370294,-0.32576355,-0.50071657,0,0,1
0,0.34784535,0.33388352,-0.018549502,0.73826736,1.3255403,1.2511294,-0.20065387,0,1,0
0,0.6984112,0.53666854,1.108699,-1.078296,0.036394816,-0.8971099,-0.6007378,0,1,0
0,-0.80405325,-0.4096958,-0.43297908,0.62847483,0.20932898,0.74702764,0.999596,0,1,0
0,1.7501394,1.9562253,-0.05170387,-0.54929686,0.036394816,-0.704047,-0.6007378,0,0,1
0,0.44800046,0.33388352,0.32957137,0.049570143,-0.7968334,0.46531478,-0.40069535,0,1,0
0,-0.90420836,-1.3560601,-0.22300144,0.4088902,0.9167869,0.5967965,-0.20065387,0,1,0
0,0.29776013,1.0774629,-0.46613345,0.7981539,1.4984745,0.96144766,0.999596,0,1,0
0,0.24767493,1.009861,0.9318757,-0.8786736,-0.7968334,-0.6547709,0.999596,0,1,0
0,1.599899,1.7534404,0.3406228,-0.469448,0.6338037,-0.33976698,-0.6007378,0,1,0
0,0.14750452,0.26628166,0.7329495,-1.078296,-1.0798166,-1.091012,0.09940883,0,1,0
0,-0.15297614,-0.54487896,-0.70373976,0.5286637,1.5299171,0.38759148,-0.50071657,0,0,1
0,0.24767493,1.2802478,1.0534418,-1.247975,1.5928022,-1.212826,1.399679,0,0,1
0,-0.7038828,-1.2208564,0.9152985,-1.3677485,1.0897211,-1.4797641,-0.40069535,0,1,0
0,-1.2547895,-0.4096958,-0.31693882,-0.070203334,0.067837395,-0.17108877,1.8997831,0,0,1
0,0.59825605,0.46908727,1.147379,-1.2679373,-1.1427017,-1.2012932,-0.50071657,1,0,0
0,0.7985816,0.33388352,1.3628825,-1.2878995,-1.1427017,-1.1322026,-1.100842,1,0,0
0,-0.15297614,0.80707604,1.6336432,-1.6272573,1.1840488,-1.6117927,1.4997002,0,1,0
0,-1.5052003,-1.4912639,-0.7921514,0.9977762,-0.1837032,0.9575413,0.79955447,0,1,0
0,-0.0027358106,0.13109854,1.2192135,-1.3078618,1.3412616,-1.2353842,0.1994291,0,1,0
0,0.39791524,1.1450647,0.6390121,-0.7788625,-1.5042913,-0.6546339,0.89957476,0,1,0
1,0.99890715,0.33388352,-1.5270733,2.0557745,-0.27803093,1.6155164,-1.500925,0,1,0
0,-1.5052003,-1.2884582,-0.12353833,0.13940035,1.797179,0.27433187,1.0996172,1,0,0
0,-0.4033869,-0.95046955,0.5063946,-0.45946667,-0.6867844,-0.22042361,-0.6007378,0,0,1
1,0.8486668,0.13109854,-1.2618383,1.736379,-1.0640953,1.4898939,-1.500925,0,1,0
0,-0.50355726,-0.8152864,-0.74241984,1.5167943,-0.07365419,1.7149484,-0.20065387,0,1,0
0,0.54817086,0.80707604,0.08643933,-0.469448,1.0111146,-0.49833807,0.09940883,0,1,0
0,0.7484964,0.46908727,-0.47165918,-0.06022199,-1.4256848,-0.2643486,-0.8007793,0,0,1
0,0.8987367,0.19867977,1.2468421,-1.2679373,-1.2370294,-1.1533056,-1.500925,0,1,0
0,-1.1546191,-0.74768454,0.9705558,-1.2779183,1.3412616,-1.3033515,1.1996374,0,1,0
0,-0.95429355,-1.5588452,0.9152985,-1.0882771,0.02067353,-1.0135623,-0.40069535,0,1,0
0,0.44800046,0.26628166,2.6614285,-2.1163323,-1.2213081,-2.148374,-0.50071657,0,1,0
0,1.3995582,0.67187226,-0.5711223,0.34900364,-0.95404625,0.24134453,-1.8009876,1,0,0
0,-1.1045492,-1.1532751,-0.576648,1.0077572,1.2783765,1.1619807,0.49949178,0,1,0
0,0.49808568,0.26628166,0.6942694,-0.9086171,1.0897211,-0.83456206,-0.6007378,0,0,1
0,-0.50355726,0.19867977,0.82688683,-1.0283904,-0.105096765,-0.9600675,1.2996587,0,0,1
0,0.49808568,0.6042704,1.5120771,-1.1481639,1.4041468,-0.812883,-0.10063361,0,1,0
0,0.44800046,-0.4096958,1.0202874,-1.4376162,0.1778864,-1.5488155,-1.500925,0,0,1
0,1.4496434,0.67187226,-0.758997,0.069532454,-0.8754398,-0.2864379,-1.9010079,0,0,1
0,-0.052821014,0.8746573,-0.60980237,1.8162279,-0.07365419,2.2629647,1.399679,0,1,0
0,-1.054464,-1.4236621,-0.62637955,0.35898462,-0.2937522,0.21279034,-0.0006123865,0,1,0
0,-0.15297614,-0.27449208,-0.34456745,0.2691548,0.869623,0.30012262,-0.10063361,0,0,1
0,-1.3048747,-1.2884582,-0.36114463,-0.06022199,-1.378521,-0.18739712,0.6995333,0,1,0
0,0.7985816,0.67187226,-0.59875095,0.25917345,0.7910166,0.0943358,-0.6007378,0,1,0
0,-0.10290622,0.4014854,-0.64295673,0.4587958,0.13072254,0.33897924,0.79955447,1,0,0
0,1.7501394,1.6182365,0.36825144,-0.98846596,-0.15226063,-1.1380619,-1.100842,0,0,1
0,-1.1045492,-0.4096958,-1.7315252,1.8661335,0.33509928,1.1690799,1.5997214,0,0,1
0,1.2994031,0.33388352,-0.4937621,0.3190604,-0.6238992,0.25833634,-2.10105,0,1,0
1,1.2994031,0.13109854,6.2807803,-2.9148216,-0.37235865,-3.0364425,-2.4011126,0,0,1
0,0.648326,0.6042704,0.14722234,-0.6890327,-0.4038012,-0.7968579,-0.40069535,0,1,0
0,1.1491475,1.009861,0.744001,-0.9984471,-1.5042913,-0.9545306,-0.8007793,0,0,1
0,1.7000542,1.7534404,-0.42745337,-0.24986336,0.1621651,-0.5048321,-0.8007793,0,1,0
0,-0.5536425,0.33388352,-0.07933251,-0.15005219,-1.268472,-0.12520127,1.5997214,0,0,1
0,0.14750452,0.13109854,-0.5379679,-0.050241023,-1.6300616,-0.29643804,-0.10063361,0,0,1
0,-0.753968,-0.00410521,-0.576648,0.24919248,-1.2999146,0.09696264,1.4997002,0,1,0
0,1.8503097,2.0238273,-1.3060441,1.4369456,-1.6615041,1.0633206,-0.70075804,0,0,1
0,0.99890715,0.33388352,0.5284976,-0.020297749,-0.13653934,0.49592933,-1.500925,0,1,0
0,0.44800046,1.3478497,-0.2561558,-0.13008988,1.7185725,-0.21635154,1.0996172,0,1,0
0,0.39791524,1.4154516,-0.18984707,0.129419,1.0268359,0.21112062,1.2996587,0,1,0
0,-0.6537976,-0.34209394,-0.2174757,-0.12010892,0.13072254,-0.17524873,0.79955447,0,0,1
0,2.00055,2.091429,-0.4937621,0.27913576,-0.105096765,0.20169698,-0.9007995,0,0,1
0,-1.2047043,-0.6800827,-0.62085384,0.5586069,1.1211636,0.4957536,1.399679,0,0,1
0,0.7484964,0.53666854,-0.15116698,-0.110127576,-1.5514551,-0.11501584,-0.70075804,0,1,0
0,0.59825605,0.6042704,-0.637431,0.5186827,-0.6238992,0.42677048,-0.3006751,0,0,1
0,-0.6037277,0.33388352,-0.4164019,0.63845617,1.5613596,0.7748888,1.6997416,0,1,0
0,-1.4050299,-1.3560601,0.9152985,-1.3976917,1.4513106,-1.5297146,0.79955447,0,1,0
0,-0.4033869,-0.74768454,-1.0905406,1.077625,1.3727041,0.7987161,-0.3006751,0,1,0
0,0.19758973,-0.4772977,-0.07933251,-0.040260058,1.4827532,0.03861394,-1.100842,0,1,0
0,0.39791524,0.19867977,-1.4883931,2.095699,-0.84399724,1.7065501,-0.50071657,0,0,1
0,0.34784535,-0.27449208,1.4955,-1.3976917,1.3727041,-1.2631179,-1.100842,0,1,0
1,-0.20306134,0.46908727,2.1143816,-1.667182,1.5299171,-1.485516,1.0996172,0,1,0
0,0.19758973,-0.27449208,-0.84740865,1.6864735,0.979672,1.8426212,-0.8007793,0,1,0
0,-0.25314656,-0.4096958,-0.84188294,1.6166055,-1.1898656,1.7533656,-0.10063361,0,0,1
0,-1.2547895,-1.0856733,0.3572,-0.18997681,-0.02649033,0.10915975,0.89957476,0,1,0
0,-0.7038828,-0.071707085,-0.12353833,-0.59920245,1.68713,-0.821916,1.2996587,0,0,1
0,0.8987367,0.67187226,-0.8087286,0.9478707,0.94822943,0.8748767,-0.8007793,0,0,1
0,-0.5536425,-1.2208564,-1.1679009,0.9179274,-1.5200126,0.5217688,-0.70075804,0,0,1
0,1.8503097,1.8886235,0.020130593,-0.1700145,-0.73394823,-0.08766284,-0.9007995,0,1,0
0,1.9504648,2.0238273,-0.72584265,0.74824834,-0.49812892,0.67239064,-0.9007995,0,1,0
0,1.2493179,0.26628166,0.22458252,-0.43950474,1.0739998,-0.3658701,-2.10105,0,0,1
0,-0.10290622,-0.4772977,-0.84740865,0.9378897,0.13072254,0.8275048,-0.50071657,0,1,0
0,1.649969,1.212646,0.2411597,-0.66907036,-0.56101406,-0.7109904,-1.500925,0,0,1
0,1.1491475,0.80707604,-1.3391985,2.245416,0.02067353,2.0573726,-1.100842,0,1,0
0,0.047349393,-0.4096958,1.7607349,-1.6372385,-1.2841933,-1.5767058,-0.70075804,0,1,0
0,1.1491475,1.0774629,0.6942694,-0.56925917,0.49231213,-0.2817411,-0.70075804,0,1,0
0,-1.0043788,-1.4912639,-0.47718492,-0.22990105,0.1778864,-0.50941235,-0.20065387,0,1,0
0,-1.0043788,-0.74768454,-0.17326988,-0.28978798,-0.24658835,-0.3952835,0.89957476,0,1,0
1,-1.4551151,-1.0180714,-1.1955296,0.43883386,1.5613596,-0.12239822,1.399679,0,1,0
0,0.7484964,0.6042704,0.33509707,-0.10014661,0.82245916,0.23489924,-0.6007378,0,1,0
0,-0.10290622,-0.00410521,-0.9855519,1.3770586,0.9325082,1.2916949,0.1994291,0,1,0
0,1.649969,1.6858385,0.744001,-0.7289569,-0.49812892,-0.5131525,-0.8007793,0,0,1
0,-0.753968,-1.3560601,-0.7479456,0.80813485,-1.1898656,0.7361005,-0.50071657,0,1,0
0,-0.95429355,-0.74768454,3.2968872,-2.4057846,-0.46668637,-2.5421553,0.79955447,0,1,0
1,0.14750452,0.19867977,-0.9800261,2.0258312,1.5456383,2.1614828,-0.0006123865,0,1,0
0,0.49808568,0.26628166,-0.3500932,0.35898462,1.0268359,0.42567676,-0.6007378,0,1,0
0,1.3995582,1.5506347,-0.95792323,0.90794605,1.7814577,0.69100344,-0.50071657,0,1,0
0,-0.7038828,-0.6124808,-0.28931016,0.3190604,1.5456383,0.41442677,0.49949178,0,0,1
0,-1.4551151,-1.0856733,-1.3005184,1.3471153,0.71241015,0.9540256,1.2996587,0,1,0
0,0.24767493,0.33388352,-0.13458979,-0.33969358,-0.84399724,-0.44389617,-0.0006123865,0,1,0
0,-0.753968,-0.54487896,-0.4992878,0.63845617,-0.38807994,0.7069211,0.6995333,0,0,1
0,1.4496434,0.80707604,0.5229718,-0.3097499,-0.5767354,0.029297747,-1.7009664,0,1,0
0,1.5498139,1.6182365,-0.7313684,0.11943804,-0.010769043,-0.19786577,-0.70075804,0,1,0
0,1.7000542,1.8210422,0.27431408,-0.59920245,0.13072254,-0.5828582,-0.70075804,0,1,0
0,-1.1045492,-1.4912639,0.18590243,-0.20993873,-1.1741443,-0.036901873,-0.0006123865,0,1,0
0,-1.2547895,-0.8828677,-0.47165918,0.4987204,-1.3942423,0.53079176,1.1996374,0,1,0
0,0.39791524,0.13109854,-0.14011551,-0.0003354402,0.74385273,0.055215526,-0.6007378,0,1,0
0,-1.1546191,-0.6800827,1.8491465,-1.5573897,-1.2527508,-1.3934281,1.2996587,0,1,0
0,1.599899,1.6182365,0.68321794,-0.62914574,-0.5767354,-0.3858794,-0.8007793,0,1,0
0,-1.1546191,-0.54487896,-0.96344894,1.8561522,0.979672,1.9525414,1.4997002,0,1,0
0,-1.4551151,-1.2884582,1.1860591,-0.96850383,1.5456383,-0.66877437,0.999596,0,1,0
0,0.54817086,1.0774629,-0.28378445,0.33902267,-1.6143403,0.44770733,0.49949178,0,1,0
0,-0.95429355,-1.1532751,-1.1513237,2.2953215,-1.48857,2.3298774,0.1994291,0,1,0
0,-1.5552855,-1.4912639,0.025656322,0.029607834,0.6652463,0.21763377,0.89957476,0,0,1
0,-0.45347208,0.4014854,-0.7866257,0.9478707,0.9010656,0.8942126,1.4997002,0,0,1
0,0.49808568,1.009861,0.10854224,-0.8187871,1.3727041,-1.0174004,0.49949178,0,1,0
0,-1.3048747,-0.95046955,-0.5545451,1.1874176,1.2626551,1.434495,1.1996374,0,1,0
0,1.0489924,1.009861,0.5284976,-0.83874923,-1.3313571,-0.8133224,-0.6007378,0,0,1
0,-0.0027358106,0.13109854,-0.2948359,-0.3596555,-0.6553418,-0.5765691,0.1994291,0,1,0
0,-1.0043788,-1.5588452,-0.576648,0.5586069,1.1997701,0.5313778,-0.3006751,0,1,0
0,1.1491475,0.46908727,-0.758997,1.0876064,0.7752953,1.1100578,-1.6009462,0,1,0
0,0.6984112,0.7394741,-0.52139074,0.13940035,0.57091856,-0.016755944,-0.3006751,1,0,0
0,-0.0027358106,0.8746573,0.49534318,-0.7888438,-0.828276,-0.7522982,1.2996587,0,0,1
0,0.29776013,0.4014854,-0.7534713,1.0377009,-0.6867844,1.0465237,-0.0006123865,0,0,1
0,-1.2047043,-1.0180714,0.06986214,0.089494765,-0.27803093,0.34005338,0.89957476,0,0,1
0,-1.3048747,-0.6800827,-1.1900038,1.6864735,1.0268359,1.4981165,1.5997214,0,1,0
0,1.2493179,0.94225913,0.5340233,-0.4993913,0.7752953,-0.26704374,-1.100842,0,0,1
0,-0.0027358106,0.13109854,-0.8087286,1.1175497,1.2940978,1.1061319,0.1994291,0,0,1
0,0.8486668,0.53666854,0.3019427,-0.75890017,1.5141958,-0.81531453,-0.9007995,0,0,1
0,-1.4551151,-1.0856733,-0.20642425,-0.26982567,1.1526061,-0.3876862,1.2996587,0,0,1
0,0.24767493,-0.34209394,-0.8860888,1.5567186,-1.6615041,1.6286607,-1.0008208,0,1,0
0,1.8503097,2.091429,0.7937325,-1.1581451,-0.9697675,-1.1911273,-0.6007378,0,1,0
0,-0.15297614,0.33388352,-0.27273297,0.11943804,0.2879354,0.1360729,0.79955447,0,0,1
0,-0.6537976,-0.071707085,0.6169092,-1.0483527,-1.0326527,-1.1025256,1.1996374,0,1,0
0,1.1992327,0.67187226,0.22458252,-0.34967452,-0.6867844,-0.22700551,-1.4009037,0,0,1
0,-1.1045492,-1.8292526,0.08643933,-0.41954243,1.2940978,-0.422412,-0.50071657,1,0,0
0,0.34784535,0.67187226,0.31299418,-0.3097499,1.0425571,-0.10763301,0.2994503,0,1,0
0,-0.6037277,-0.13930896,-0.16221842,0.41887155,-1.1427017,0.6589145,0.999596,1,0,0
0,-0.45347208,0.063496664,-0.9523975,0.5586069,-1.0012101,0.22857141,0.999596,0,1,0
0,-1.2547895,-1.0180714,-0.9081917,1.5567186,0.319378,1.6069424,0.999596,0,1,0
0,1.2493179,0.33388352,2.0922785,-1.8368609,0.36654183,-1.8130293,-2.001029,0,0,1
0,-1.4551151,-1.0856733,0.8489898,-1.0483527,-0.12081805,-0.9815316,1.2996587,0,1,0
0,0.8987367,0.6042704,-1.0021291,1.2273419,-0.81255466,1.0770117,-0.9007995,0,0,1
0,1.1992327,0.26628166,1.799415,-1.6072953,0.33509928,-1.5059354,-2.001029,0,1,0
0,2.0506353,2.159031,0.2798398,0.33902267,-0.8754398,0.8800038,-0.9007995,1,0,0
0,-0.052821014,-0.34209394,-0.48823637,-0.06022199,-1.4099636,-0.2758914,-0.40069535,0,1,0
0,1.2493179,1.009861,-1.0021291,1.2672665,0.49231213,1.1300576,-1.0008208,0,0,1
0,-0.95429355,-0.74768454,-1.1292208,1.0377009,0.036394816,0.71184283,0.79955447,0,0,1
0,-0.6037277,0.33388352,-1.3557756,1.5766809,1.4827532,1.1924196,1.6997416,1,0,0
1,0.24767493,0.7394741,-1.3447242,2.1256423,1.4827532,1.8993981,0.599513,0,0,1
0,1.2493179,1.3478497,-0.5711223,0.34900364,1.1997701,0.24134453,-0.50071657,0,0,1
0,0.29776013,0.19867977,1.4070883,-1.5573897,1.6242448,-1.5840495,-0.3006751,0,1,0
0,1.8002245,1.2802478,0.42903444,-0.39958012,-0.19942449,-0.17407714,-1.7009664,0,0,1
0,1.3995582,0.7394741,-0.46060774,-0.38959914,-0.2937522,-0.7258631,-1.7009664,0,1,0
0,0.24767493,-0.13930896,2.2083187,-1.8568232,0.8853443,-1.8066036,-0.70075804,0,1,0
0,-0.052821014,0.8746573,-0.024075229,-0.18997681,0.82245916,-0.14756379,1.399679,0,1,0
0,-1.8056961,-1.8292526,0.00355341,-0.25984433,-0.5138502,-0.23423216,0.89957476,1,0,0
0,-1.35496,-1.1532751,0.2798398,-0.4494857,-0.7653908,-0.3466321,0.999596,0,1,0
0,0.29776013,-0.4096958,0.8379383,-1.1980695,-1.1269804,-1.2349936,-1.2008623,1,0,0
0,-1.2047043,-0.95046955,1.1308019,-1.1481639,-1.0326527,-1.00492,0.999596,0,1,0
0,-0.30323175,-0.4772977,1.1252762,-1.1781071,-1.6929468,-1.0587668,-0.10063361,1,0,0
0,0.097434595,1.1450647,-0.2561558,0.82809716,0.9325082,1.1833082,1.4997002,0,1,0
0,1.2994031,1.5506347,-0.15116698,-0.57924014,-1.0012101,-0.80898625,-0.3006751,0,1,0
0,-1.2547895,-1.0180714,-0.23957862,0.2192492,-1.3470784,0.30630428,0.999596,0,0,1
0,-1.5552855,-1.4912639,0.09749078,-0.18997681,0.429427,-0.065710135,0.89957476,0,1,0
1,1.599899,0.94225913,-1.0518606,1.1075684,-1.5514551,0.87296295,-1.8009876,0,1,0
0,0.59825605,-0.00410521,0.4732403,-0.83874923,1.0268359,-0.84418106,-1.2008623,0,0,1
0,0.097434595,-0.2068902,-0.69821405,0.29909807,0.46086955,0.074648395,-0.50071657,0,0,1
0,0.14750452,1.0774629,-1.1071179,1.3371344,0.24077155,1.1238075,1.2996587,1,0,0
0,0.94882196,0.67187226,0.7329495,-1.0084282,-1.48857,-0.97671735,-0.9007995,1,0,0
0,-1.2547895,-1.1532751,0.4566631,-0.27980664,-0.07365419,0.03357518,0.79955447,0,0,1
0,1.1491475,0.46908727,0.10854224,-0.60918343,0.1778864,-0.6976896,-1.6009462,0,0,1
0,0.24767493,-0.4772977,-0.41087618,0.59853154,-0.2937522,0.7221945,-1.2008623,0,1,0
0,0.8987367,-0.27449208,-0.5711223,0.8979651,1.6714087,1.0126184,-2.2010705,0,0,1
0,0.8486668,0.4014854,-0.14564124,0.10945669,-0.6867844,0.21383534,-1.100842,0,1,0
0,0.59825605,-0.071707085,-0.46060774,1.077625,-1.4571275,1.364252,-1.3008834,0,0,1
0,-0.5536425,-0.8828677,-0.5600708,1.1674553,-0.6867844,1.401341,-0.20065387,0,1,0
0,0.648326,-0.00410521,0.296417,-0.91859823,1.6085235,-1.06738,-1.3008834,0,0,1
0,0.44800046,0.53666854,0.17485097,-0.0103164045,-0.8911611,0.26252544,-0.10063361,0,1,0
0,1.0990776,1.1450647,0.6279607,-0.85871154,-1.6615041,-0.7900611,-0.50071657,0,0,1
0,-1.3048747,-0.95046955,-0.515865,0.80813485,-0.30947348,0.93338156,1.1996374,0,1,0
0,-1.3048747,-0.95046955,0.6500636,-0.6890327,0.759574,-0.50271297,1.1996374,0,0,1
0,1.3995582,0.4014854,2.6337998,-2.00654,1.4355893,-1.9409953,-2.2010705,0,1,0
0,-0.6037277,0.13109854,-0.19537279,0.09947573,-0.8911611,0.16302566,1.399679,0,1,0
0,-0.753968,-0.4096958,2.6061711,-1.8967476,-0.7653908,-1.7346909,0.89957476,1,0,0
0,-0.50355726,-0.95046955,1.0755446,-0.75890017,0.8381804,-0.37235454,-0.40069535,0,1,0
0,1.2994031,0.33388352,1.1529047,-1.1781071,-1.6615041,-1.0449975,-2.10105,0,1,0
0,1.4496434,1.4830534,-0.9523975,1.506813,-0.9068824,1.496759,-0.70075804,0,1,0
0,-0.95429355,-1.4236621,-0.8971402,1.506813,-1.0326527,1.5505667,-0.20065387,0,0,1
0,-0.95429355,-1.4236621,-1.3060441,1.3870399,-0.8754398,0.9996987,-0.20065387,0,0,1
0,-0.80405325,-1.0180714,-0.27273297,-0.20993873,0.036394816,-0.34409314,0.09940883,0,1,0
0,1.649969,0.94225913,-0.16221842,-0.26982567,-1.1269804,-0.358546,-1.9010079,0,1,0
0,1.1992327,0.80707604,-0.18432134,0.079513416,1.5141958,0.14161982,-1.2008623,1,0,0
0,-0.50355726,0.13109854,-0.5932252,0.2192492,-0.32519478,0.042559434,1.1996374,0,1,0
0,-2.056107,-2.2348225,0.042233504,0.089494765,-0.010769043,0.32008323,0.79955447,0,1,0
0,-1.2547895,-0.4772977,-0.44403055,0.967833,1.467032,1.222409,1.7997628,1,0,0
0,-1.35496,-1.1532751,-0.11248688,-0.22990105,-0.98548883,-0.2664286,0.999596,0,1,0
0,0.648326,0.26628166,3.0592809,-2.1263132,1.2940978,-2.036628,-0.9007995,0,0,1
0,-1.35496,-1.2884582,1.2357907,-1.1581451,-0.84399724,-0.9692567,0.79955447,0,1,0
0,-0.45347208,-0.8152864,-0.20642425,-0.1700145,-0.30947348,-0.2410094,-0.3006751,0,1,0
0,1.649969,1.7534404,0.4621888,-0.5393159,-0.08937548,-0.3748739,-0.70075804,0,1,0
0,0.7484964,0.33388352,0.5782291,-0.50937223,1.2312126,-0.25575504,-1.0008208,0,1,0
0,-0.95429355,-1.4236621,0.6942694,-0.7988248,-1.5828978,-0.655708,-0.20065387,0,1,0
0,-0.95429355,-1.4912639,1.2247393,-1.1781071,-0.49812892,-1.0091975,-0.3006751,0,1,0
0,1.7000542,1.5506347,1.2689451,-1.2080506,-1.0640953,-1.0389916,-1.100842,1,0,0
0,0.14750452,-0.27449208,-0.394299,0.46877712,1.1211636,0.5493071,-0.70075804,0,1,0
0,-1.4551151,-1.0856733,-0.28378445,0.24919248,0.60236114,0.3169291,1.2996587,0,1,0
0,-0.30323175,-0.74768454,0.2411597,-0.5892215,1.0739998,-0.5873209,-0.50071657,0,1,0
0,1.0489924,0.4014854,-0.6540082,1.1973985,-0.19942449,1.3571428,-1.500925,0,0,1
0,0.29776013,0.26628166,-0.455082,0.76821065,0.19360769,0.9281375,-0.20065387,0,1,0
0,-0.25314656,0.53666854,-1.4165586,1.2373232,0.067837395,0.7064917,1.2996587,0,1,0
0,-0.20306134,0.53666854,-0.1787956,0.23921151,0.0049522435,0.38106832,1.1996374,0,1,0
0,-0.30323175,-0.54487896,0.09196506,-0.42952338,-0.5138502,-0.43411097,-0.20065387,0,1,0
0,0.24767493,-0.2068902,0.114067964,-0.9784848,0.49231213,-1.2580401,-0.8007793,0,1,0
0,0.24767493,-0.00410521,-0.24510434,0.73826736,1.1997701,1.0613476,-0.50071657,1,0,0
0,0.24767493,1.0774629,0.20800534,-0.34967452,-1.6300616,-0.23769864,1.0996172,0,0,1
0,1.2493179,1.009861,-0.2561558,-0.4894103,0.36654183,-0.74122393,-1.0008208,0,1,0
0,-0.35331696,-0.54487896,0.2577369,-0.20993873,0.33509928,0.011212218,-0.10063361,0,0,1
0,2.00055,2.091429,-0.37219608,0.548626,0.9167869,0.68176556,-0.9007995,1,0,0
0,1.8503097,1.4830534,0.44008592,-0.50937223,-0.24658835,-0.3409586,-1.500925,0,1,0
0,1.0990776,0.53666854,-0.72584265,0.6783804,-0.92260367,0.57614243,-1.4009037,0,0,1
0,1.2994031,0.33388352,0.31299418,-0.7189759,1.3412616,-0.7466438,-2.10105,0,1,0
0,2.0506353,2.226612,-0.32799026,-0.16003315,-0.56101406,-0.30884004,-0.8007793,0,0,1
0,-1.3048747,-1.0856733,0.7495267,-1.0483527,-0.7653908,-1.0333863,0.999596,0,0,1
0,-1.054464,-1.5588452,-0.12353833,0.43883386,-0.63962054,0.7187567,-0.20065387,0,1,0
0,0.14750452,1.2802478,0.76057816,-0.91859823,-0.938325,-0.8147285,1.5997214,0,0,1
0,0.34784535,0.46908727,-0.5379679,0.3190604,-0.92260367,0.22458676,-0.0006123865,0,1,0
0,-1.0043788,-1.626447,-0.4937621,0.8680218,0.47659084,1.0371296,-0.40069535,0,1,0
0,-1.6554406,-1.4236621,0.8324126,-1.0383716,0.1778864,-0.9736707,1.1996374,0,1,0
0,-0.50355726,-0.74768454,0.4566631,-0.80880594,-1.0326527,-0.80592,-0.10063361,0,1,0
0,-0.0027358106,-0.6800827,0.9374014,-0.7888438,-0.45096508,-0.50152177,-1.0008208,0,1,0
0,-1.1045492,-1.0856733,0.4014058,-0.7888438,1.1840488,-0.80558807,0.599513,0,1,0
0,0.097434595,0.063496664,-0.09038396,0.22923017,-1.2999146,0.43244398,-0.10063361,0,1,0
0,1.0990776,0.94225913,0.38482863,-0.7888438,-1.0483739,-0.81499213,-0.8007793,0,1,0
0,-1.35496,-1.1532751,-0.7921514,0.5885506,-0.6867844,0.398607,0.999596,0,1,0
0,-1.054464,-0.6800827,-0.4937621,0.6783804,0.1621651,0.768092,1.0996172,0,1,0
0,0.8486668,0.46908727,0.48429173,-0.8686927,-0.46668637,-0.88567454,-1.0008208,0,0,1
0,-1.3048747,-0.54487896,-0.5655966,0.039589178,0.14644383,-0.18942837,1.7997628,0,1,0
0,0.44800046,0.46908727,-0.6595339,0.29909807,0.39798442,0.10404267,-0.20065387,0,0,1
1,1.8002245,1.212646,-1.753628,2.6746042,0.6338037,2.1127527,-1.8009876,0,1,0
0,-1.2047043,-0.54487896,0.3958801,-0.6890327,0.74385273,-0.6514014,1.5997214,0,1,0
0,-1.2547895,-0.95046955,0.7274238,-1.0583339,0.4451483,-1.0612274,1.0996172,0,1,0
0,0.49808568,0.26628166,-0.15116698,0.48873943,-0.34091607,0.7709041,-0.6007378,1,0,0
0,1.3494883,1.4154516,-0.8916145,0.68836176,1.0739998,0.45249248,-0.6007378,0,0,1
0,1.9003797,1.8886235,-0.20089853,-0.0003354402,0.7281314,0.012247198,-1.0008208,0,1,0
0,1.9504648,2.159031,-1.0463349,0.71830505,-1.6615041,0.36380285,-0.70075804,0,0,1
0,1.2493179,0.7394741,-0.22300144,-0.12010892,0.429427,-0.17903803,-1.4009037,0,1,0
0,0.29776013,1.1450647,-0.2174757,-0.3297122,-1.4256848,-0.48285982,1.0996172,1,0,0
0,0.99890715,0.33388352,0.6169092,-0.9086171,0.60236114,-0.87680733,-1.500925,0,1,0
0,-0.95429355,-1.2208564,-0.30036163,0.069532454,-0.7968334,0.043447796,0.09940883,0,1,0
0,1.649969,1.4154516,0.8489898,-0.9984471,-0.4352438,-0.8988675,-1.2008623,0,0,1
0,1.1992327,0.7394741,-0.95792323,1.4369456,-1.6929468,1.3980016,-1.3008834,0,0,1
0,1.4496434,1.4830534,-0.14564124,-0.21992008,-0.24658835,-0.27374312,-0.70075804,0,1,0
0,0.34784535,0.26628166,-1.6873193,1.1674553,0.82245916,0.3714006,-0.3006751,0,1,0
0,-0.85413843,-1.3560601,0.539549,-0.91859823,-1.6615041,-0.93503857,-0.3006751,1,0,0
0,0.99890715,0.26628166,-0.50481355,0.33902267,0.9325082,0.27817947,-1.6009462,0,1,0
0,-1.2547895,-0.95046955,0.25221115,-0.2398824,-1.6615041,-0.03892357,1.0996172,0,1,0
0,0.39791524,1.1450647,-0.27273297,0.63845617,1.7185725,0.8926986,0.89957476,0,1,0
0,0.94882196,0.26628166,1.9044038,-1.6572008,0.869623,-1.553581,-1.500925,0,1,0
0,1.7501394,1.009861,0.49534318,-0.64910805,-0.5452928,-0.5295874,-2.001029,1,0,0
0,-1.3048747,-0.95046955,-0.040652413,-0.13008988,0.4451483,-0.06896215,1.1996374,0,1,0
0,-0.5536425,0.063496664,0.26326263,-0.9784848,0.85390174,-1.1784126,1.1996374,0,1,0
0,-0.80405325,-0.8828677,0.24668543,-0.8287681,0.14644383,-0.95523363,0.2994503,0,0,1
0,-0.0027358106,-0.54487896,-0.52691644,0.35898462,0.24077155,0.2894295,-0.8007793,0,1,0
0,-1.054464,-0.54487896,0.20800534,-0.52933455,-1.6143403,-0.5149005,1.2996587,1,0,0
0,0.19758973,0.063496664,0.41245726,-0.64910805,1.3098191,-0.57865906,-0.3006751,0,1,0
0,0.29776013,-0.4096958,0.08643933,-0.20993873,-1.3156358,-0.10352177,-1.2008623,1,0,0
0,-0.753968,-0.27449208,-0.16774416,0.728286,-1.6615041,1.1114151,1.0996172,0,0,1
0,-0.5536425,-0.00410521,-0.48271063,0.8879841,1.2154913,1.075,1.0996172,0,1,0
0,-1.2547895,-1.0180714,0.67769223,-0.96850383,-1.2841933,-0.94099575,0.999596,0,0,1
0,0.8486668,0.67187226,-1.2618383,1.5766809,-1.0798166,1.2850542,-0.70075804,0,0,1
0,0.39791524,0.80707604,-0.58217376,-0.090165645,-0.4038012,-0.3833113,0.39947057,0,0,1
0,-0.0027358106,-0.27449208,0.49534318,-0.7688815,-0.2937522,-0.7204824,-0.40069535,1,0,0
0,0.24767493,1.0774629,-0.46060774,1.1075684,1.3412616,1.4069074,1.0996172,0,0,1
0,-0.90420836,-1.4912639,-0.83635724,0.85804045,-0.49812892,0.7287176,-0.40069535,0,1,0
0,-1.2547895,-0.95046955,0.31299418,-0.39958012,0.5237547,-0.24790366,1.0996172,0,1,0
0,0.54817086,0.53666854,1.0202874,-1.247975,-0.105096765,-1.2289389,-0.3006751,0,1,0
1,0.19758973,1.212646,0.07538787,-0.6890327,1.5928022,-0.8388782,1.399679,0,0,1
0,0.29776013,0.33388352,-0.47165918,1.1175497,-0.7811121,1.4111261,-0.10063361,1,0,0
0,-0.85413843,-0.071707085,-0.42192763,0.38892826,0.13072254,0.41318688,1.5997214,0,1,0
0,-0.753968,-1.3560601,-0.9745004,0.9179274,0.649525,0.6899293,-0.50071657,0,0,1
0,0.8987367,0.67187226,1.2799965,-1.2779183,0.85390174,-1.1546048,-0.8007793,0,1,0
0,0.94882196,0.67187226,0.56717765,-0.6890327,0.2879354,-0.5511986,-0.9007995,0,1,0
0,-1.2047043,-0.8828677,-0.3556189,0.6584181,-0.84399724,0.8535396,1.0996172,0,0,1
0,0.7484964,0.6042704,-1.2231581,1.0576627,-1.5200126,0.65391445,-0.6007378,0,1,0
0,0.19758973,0.53666854,-0.7921514,0.92790836,0.539476,0.8621136,0.39947057,0,1,0
0,0.19758973,0.80707604,0.7384752,-1.1082394,0.99539334,-1.137173,0.79955447,0,1,0
0,-0.50355726,0.13109854,-0.035126686,0.34900364,0.8067379,0.6533967,1.1996374,0,1,0
0,-0.6537976,-0.13930896,0.16932525,0.20926785,1.4513106,0.59592724,1.0996172,0,0,1
0,1.649969,0.8746573,0.29089126,-0.62914574,-1.4728488,-0.61953694,-2.001029,0,1,0
0,-0.15297614,0.53666854,0.27431408,-0.39958012,1.2940978,-0.2725128,1.0996172,0,1,0
0,1.9003797,1.7534404,-0.068281054,0.18930593,0.8067379,0.38931993,-1.2008623,0,0,1
0,-1.054464,-1.5588452,0.296417,-0.50937223,-0.38807994,-0.4295699,-0.20065387,0,1,0
0,-0.4033869,-1.0856733,-0.83635724,1.317172,-0.7653908,1.352221,-0.8007793,1,0,0
0,1.2994031,0.33388352,-0.6595339,1.6365678,-0.7968334,1.9622091,-2.10105,0,0,1
0,1.0990776,1.0774629,0.031182049,-0.40956107,0.6966889,-0.44228473,-0.6007378,0,1,0
0,-0.0027358106,-0.6124808,-0.41087618,0.05955111,-1.5514551,-0.050348885,-0.9007995,0,1,0
0,-0.6537976,-0.13930896,0.23563398,-0.65908897,0.20932898,-0.69879335,1.0996172,1,0,0
0,-0.6037277,-0.13930896,-0.029600957,-0.29976895,-0.95404625,-0.31606624,0.999596,0,0,1
0,1.0990776,0.67187226,-0.3500932,0.73826736,0.8381804,0.97340024,-1.2008623,0,0,1
0,-0.45347208,0.19867977,0.44008592,-0.88865477,2.1116047,-0.9417475,1.1996374,0,1,0
0,-1.0043788,-0.6800827,-0.8087286,1.5866623,-0.45096508,1.7454846,0.999596,0,0,1
0,0.44800046,0.6042704,0.3406228,-0.59920245,1.1526061,-0.5430153,-0.0006123865,0,1,0
0,-0.052821014,-0.13930896,0.9760815,-1.1781071,0.14644383,-1.1331207,-0.10063361,0,1,0
0,1.7501394,1.7534404,0.34614855,-0.57924014,0.0049522435,-0.50840646,-0.9007995,0,1,0
0,-0.753968,-0.8152864,0.721898,-1.0383716,-1.48857,-1.0314821,0.2994503,0,1,0
0,-0.20306134,-0.74768454,0.80478394,-1.2180318,0.8381804,-1.2843089,-0.70075804,0,0,1
0,-1.054464,-0.6124808,-0.576648,0.46877712,-1.5671765,0.4052572,1.1996374,1,0,0
0,1.0990776,0.80707604,2.1475358,-1.6871442,-1.6615041,-1.5095195,-1.0008208,0,1,0
0,0.19758973,0.94225913,0.67769223,-1.068315,0.33509928,-1.103297,0.999596,0,1,0
0,-0.5536425,-1.2208564,1.5949631,-1.6172764,-1.2841933,-1.6101426,-0.70075804,0,1,0
0,-0.45347208,0.26628166,0.6500636,-0.8986359,0.33509928,-0.8425209,1.2996587,0,1,0
0,1.2493179,0.13109854,0.2577369,-0.7788625,-0.6867844,-0.87160236,-2.301092,0,1,0
0,-0.0027358106,-0.4772977,4.1644263,-2.3658602,0.979672,-2.2088122,-0.70075804,0,0,1
0,-1.4050299,-0.8828677,-0.21194997,-0.15005219,-0.34091607,-0.21543358,1.4997002,0,1,0
0,1.2994031,1.0774629,0.54507476,-1.0383716,0.82245916,-1.1239802,-1.0008208,0,1,0
0,-0.0027358106,0.94225913,1.3905112,-1.587333,1.6556873,-1.6436672,1.399679,0,0,1
0,0.19758973,0.53666854,-0.26720726,-0.40956107,0.6338037,-0.63159746,0.39947057,0,0,1
0,-0.753968,-0.27449208,0.25221115,-0.7788625,-0.2937522,-0.8747469,1.0996172,0,1,0
0,-0.6037277,-0.13930896,-0.34456745,0.66839945,-0.7653908,0.87706417,0.999596,0,0,1
0,0.24767493,-0.34209394,1.412614,-1.2280127,0.14644383,-1.0032111,-1.0008208,0,1,0
0,-1.0043788,-1.0180714,0.25221115,-0.6990136,-1.3156358,-0.75092125,0.49949178,0,0,1
0,-1.4050299,-0.95046955,1.2965738,-1.6971253,-1.2213081,-1.8742388,1.399679,0,1,0
0,0.097434595,0.94225913,-0.6319053,0.41887155,-0.37235865,0.29202718,1.1996374,0,1,0
0,0.39791524,0.46908727,-0.07933251,-0.06022199,1.0582784,0.008829439,-0.10063361,0,1,0
0,1.2994031,1.4154516,-0.5545451,1.2273419,-1.1427017,1.4907044,-0.50071657,0,1,0
0,0.8486668,0.4014854,1.860198,-1.7869554,-0.13653934,-1.8100214,-1.100842,0,0,1
0,0.047349393,-0.27449208,-0.42192763,0.5087014,0.08355868,0.5846285,-0.50071657,1,0,0
0,0.34784535,-0.27449208,-0.82530576,0.8480595,-1.5828978,0.72463554,-1.100842,1,0,0
0,0.34784535,1.5506347,1.981764,-1.5973141,-0.74966955,-1.4103807,1.5997214,0,1,0
0,-1.1045492,-1.0856733,0.05881069,-0.17999546,1.2154913,-0.07661819,0.599513,1,0,0
0,0.8987367,0.67187226,0.36825144,-0.66907036,-1.6300616,-0.6361968,-0.8007793,0,1,0
0,0.29776013,0.53666854,-0.83083147,0.80813485,-0.30947348,0.66564256,0.1994291,0,0,1
0,-1.5052003,-1.4236621,-0.6926883,0.61849385,0.9010656,0.5207138,0.89957476,0,0,1
0,-1.2547895,-0.8828677,0.8710927,-1.1880883,-0.010769043,-1.2020159,1.1996374,0,0,1
0,-1.3048747,-1.2208564,-0.758997,0.967833,-1.0483739,0.945764,0.79955447,0,1,0
0,0.34784535,0.33388352,2.3243592,-1.8967476,1.356983,-1.8392786,-0.20065387,0,1,0
0,1.4997287,0.80707604,0.41245726,-0.42952338,1.5613596,-0.23190813,-1.8009876,0,0,1
0,0.6984112,0.33388352,-0.24510434,1.2473042,1.467032,1.8059129,-0.9007995,0,0,1
0,0.047349393,0.94225913,-0.30588734,0.30907902,-1.48857,0.38727912,1.2996587,0,1,0
0,1.2493179,0.19867977,-0.515865,0.39890924,0.60236114,0.35442838,-2.2010705,0,1,0
0,-1.35496,-0.6800827,0.09196506,-0.050241023,0.94822943,0.14329955,1.6997416,0,0,1
0,-0.15297614,-0.74768454,0.06433642,-0.45946667,-0.4038012,-0.49698073,-0.8007793,0,0,1
0,0.648326,0.4014854,0.114067964,-0.31973127,0.08355868,-0.25259134,-0.70075804,0,1,0
0,0.94882196,-0.27449208,-0.5545451,0.16934362,1.467032,0.0011442618,-2.301092,0,0,1
0,1.1491475,0.8746573,0.4732403,-0.6890327,0.46086955,-0.60614866,-1.0008208,0,0,1
1,1.3494883,0.26628166,-1.2949927,1.5167943,-1.378521,1.1758963,-2.301092,1,0,0
0,0.39791524,1.6182365,1.5010257,-1.4875218,0.4451483,-1.4197457,1.5997214,0,0,1
0,-0.85413843,-0.6124808,-0.7479456,0.69834274,-1.4571275,0.58528286,0.79955447,0,0,1
0,-1.1546191,-0.8152864,-1.0463349,1.6964544,-0.04221162,1.6557696,1.0996172,0,0,1
0,0.14750452,1.212646,-0.69821405,0.59853154,1.1683275,0.48860526,1.4997002,0,1,0
0,1.649969,1.6182365,-0.18984707,-0.110127576,-0.6238992,-0.14160706,-0.9007995,0,0,1
0,-0.95429355,-1.4236621,0.8766184,-0.66907036,-1.0640953,-0.3370231,-0.20065387,0,1,0
0,-1.0043788,-0.6800827,0.7716296,-0.75890017,-0.27803093,-0.5463743,0.999596,0,1,0
0,0.29776013,1.1450647,-0.62085384,0.4587958,-0.32519478,0.3564009,1.0996172,1,0,0
0,1.1992327,0.33388352,-0.2174757,-0.3297122,0.8853443,-0.48285982,-1.9010079,0,0,1
0,-0.90420836,-1.2884582,-1.2894669,1.8262088,-1.1427017,1.5766503,-0.10063361,0,1,0
0,-0.20306134,0.7394741,0.60585773,-0.61916476,0.39798442,-0.4158497,1.4997002,0,0,1
0,-1.3048747,-0.54487896,-0.61532813,-0.12010892,-1.2841933,-0.44805613,1.7997628,0,1,0
0,1.1491475,0.7394741,-1.1126436,1.327153,-0.70250565,1.1055267,-1.2008623,0,0,1
0,1.9003797,2.091429,1.8215178,-1.417654,1.6242448,-1.1498196,-0.70075804,0,1,0
0,1.9504648,2.226612,0.15274806,-0.4993913,0.94822943,-0.50287914,-0.6007378,0,0,1
0,0.39791524,0.46908727,-0.43297908,0.27913576,1.0268359,0.24767235,-0.10063361,0,1,0
0,-0.6037277,-0.071707085,0.49534318,-0.80880594,-0.92260367,-0.78411394,1.0996172,0,1,0
0,-0.0027358106,-0.34209394,-0.18432134,-0.12010892,-0.32519478,-0.15251511,-0.50071657,0,1,0
0,0.047349393,0.94225913,0.3572,-0.4993913,1.3098191,-0.3764166,1.2996587,0,1,0
0,0.648326,0.4014854,-0.48823637,0.74824834,-1.0326527,0.8718496,-0.70075804,0,1,0
1,0.8987367,0.063496664,4.600959,-2.605407,1.5299171,-2.6389894,-1.7009664,0,0,1
0,-0.50355726,-0.95046955,2.246999,-1.7669932,-0.08937548,-1.6209432,-0.40069535,0,1,0
0,-0.5536425,0.063496664,-0.95792323,2.2653782,0.8381804,2.5051866,1.1996374,1,0,0
0,-1.0043788,-0.6124808,-0.36667037,0.4288525,0.25649282,0.51359504,1.0996172,0,1,0
0,0.19758973,0.4014854,-0.8584601,0.8680218,-1.3156358,0.723249,0.1994291,0,1,0
0,0.648326,0.67187226,-0.24510434,0.079513416,0.6338037,0.09779272,-0.3006751,0,0,1
0,-1.2047043,-0.4772977,-0.4164019,0.61849385,1.7342938,0.74629545,1.6997416,0,0,1
0,1.8002245,1.6182365,-0.5711223,0.5586069,-1.5514551,0.535831,-1.2008623,1,0,0
0,0.6984112,0.53666854,0.020130593,-0.3097499,-0.16798191,-0.29861546,-0.6007378,0,1,0
0,0.047349393,1.0774629,0.744001,-1.0383716,-0.35663736,-1.0199198,1.4997002,1,0,0
0,1.3995582,1.6182365,-0.09038396,-0.030278714,2.0644407,0.045752715,-0.40069535,0,1,0
0,0.7985816,0.53666854,0.68874365,-0.7988248,-0.7811121,-0.65883297,-0.8007793,0,0,1
0,-0.5536425,0.063496664,-0.16221842,-0.19995777,-0.8754398,-0.25532565,1.1996374,0,1,0
0,-0.90420836,-0.6800827,-1.0960665,0.37894693,0.99539334,-0.1229255,0.79955447,0,1,0
0,-1.054464,-0.74768454,-0.8087286,0.05955111,-0.98548883,-0.3358119,0.999596,0,1,0
0,-0.753968,-0.4772977,0.16932525,0.009645524,0.36654183,0.28929287,0.79955447,0,1,0
0,0.7484964,0.33388352,-0.70373976,0.4088902,1.1997701,0.22212613,-1.0008208,0,0,1
0,-0.7038828,-0.13930896,-0.18984707,0.5685883,0.57091856,0.85778743,1.1996374,0,1,0
0,-0.80405325,-0.34209394,-1.0794892,0.5286637,0.22505026,0.08677721,1.0996172,0,0,1
0,-1.3048747,-1.2884582,-1.0573864,1.736379,-0.6553418,1.6972922,0.6995333,0,1,0
0,-0.7038828,-0.13930896,-0.60427666,0.30907902,-0.4352438,0.15999858,1.1996374,0,0,1
0,1.2493179,1.4154516,-0.47165918,0.75822926,-1.1112591,0.8999644,-0.40069535,0,0,1
0,0.19758973,0.8746573,0.55060047,-0.5393159,-1.3156358,-0.32081267,0.89957476,0,1,0
0,-0.85413843,-1.4236621,-0.20642425,0.1992869,-0.07365419,0.3016949,-0.40069535,0,1,0
0,1.649969,0.8746573,-0.83083147,1.3870399,-1.0798166,1.4523655,-2.001029,0,1,0
0,-0.20306134,-0.54487896,0.9595043,-1.3477862,0.9325082,-1.4257616,-0.40069535,0,1,0
0,-0.15297614,-0.4096958,-0.52139074,0.2891171,-0.828276,0.19490972,-0.3006751,0,1,0
0,-1.5052003,-1.5588452,-0.20642425,-0.06022199,0.2879354,-0.07966484,0.6995333,0,1,0
0,-0.6037277,-1.0180714,-0.27273297,-0.4993913,-1.2370294,-0.76605755,-0.3006751,0,1,0
0,1.3494883,1.4154516,0.13617088,-0.7888438,1.2626551,-0.95605373,-0.6007378,0,0,1
0,-0.50355726,-0.00410521,-0.2948359,-0.5393159,-0.26230964,-0.83777493,0.999596,0,0,1
0,0.7484964,0.33388352,0.09196506,-0.090165645,-0.938325,0.08251935,-1.0008208,0,1,0
0,-0.45347208,-0.95046955,-0.26720726,-0.15005219,0.9167869,-0.25303075,-0.50071657,0,0,1
0,0.34784535,1.4154516,-0.27273297,0.30907902,0.8067379,0.41253257,1.399679,1,0,0
0,-1.5052003,-1.4236621,-0.5711223,0.76821065,1.3098191,0.83031744,0.89957476,0,1,0
0,-0.6037277,-0.4772977,-1.0076548,0.7083237,1.0739998,0.38281634,0.49949178,0,1,0
0,-1.2547895,-1.2208564,-1.1734266,1.6465489,1.2783765,1.4629512,0.6995333,0,1,0
0,-0.6537976,-0.6800827,1.6778489,-1.417654,0.35082054,-1.2153262,0.2994503,0,0,1
1,1.1491475,0.6042704,0.9429271,-0.9585227,1.7342938,-0.782268,-1.4009037,0,0,1
0,1.3494883,1.6182365,-0.5876995,0.41887155,-1.4256848,0.32655767,-0.3006751,0,1,0
0,0.39791524,1.6182365,1.5783858,-1.6172764,0.3036567,-1.6171151,1.5997214,0,1,0
0,0.94882196,0.7394741,-0.880563,1.1574739,1.1997701,1.0950385,-0.8007793,0,0,1
0,0.19758973,-0.2068902,1.108699,-0.88865477,0.08355868,-0.5742646,-0.70075804,0,1,0
0,-0.85413843,-1.3560601,-0.9855519,1.6864735,-0.4195225,1.7037084,-0.3006751,0,1,0
0,0.34784535,0.4014854,0.6334864,-0.57924014,-0.2937522,-0.33473778,-0.10063361,0,1,0
0,-0.35331696,-0.6800827,-0.6319053,0.05955111,0.24077155,-0.20893957,-0.3006751,1,0,0
0,1.7501394,1.5506347,0.296417,-0.47942898,-1.2370294,-0.38290104,-1.2008623,0,0,1
0,0.24767493,-0.34209394,0.014604866,-0.15005219,0.0049522435,-0.061286535,-1.0008208,0,1,0
0,-1.054464,-1.5588452,-0.9689747,0.6783804,-0.2937522,0.37505287,-0.20065387,0,0,1
0,-1.5552855,-1.4912639,1.5949631,-1.5374274,-0.26230964,-1.467333,0.89957476,0,0,1
0,-0.10290622,0.80707604,0.9208242,-1.078296,0.6338037,-0.9940607,1.399679,0,0,1
0,-1.2547895,-0.54487896,-0.62637955,0.4787581,-1.3156358,0.37989628,1.6997416,0,1,0
0,-0.85413843,-1.3560601,-1.6431135,2.1955101,-0.15226063,1.6610428,-0.3006751,0,1,0
0,-1.1045492,-1.626447,-0.515865,1.137512,-0.04221162,1.3993684,-0.20065387,0,1,0
0,-0.20306134,0.6042704,0.5008689,-1.0184094,1.5456383,-1.1152695,1.2996587,0,0,1
1,1.8503097,1.2802478,-1.145798,1.2672665,-0.6553418,0.99625134,-1.8009876,1,0,0
0,0.19758973,-0.34209394,0.9484529,-1.078296,1.68713,-0.9798032,-0.9007995,0,1,0
0,1.0990776,0.4014854,0.16932525,-0.5393159,0.869623,-0.55395246,-1.6009462,0,0,1
0,0.34784535,0.7394741,4.960131,-2.6153882,0.869623,-2.574557,0.39947057,0,1,0
0,-1.3048747,-1.2208564,-0.6650597,0.9977762,-0.8754398,1.0698438,0.79955447,0,1,0
0,0.39791524,0.7394741,0.2411597,-0.7888438,0.13072254,-0.89649427,0.2994503,0,0,1
0,0.14750452,1.212646,0.37377718,-0.62914574,1.4355893,-0.57017297,1.4997002,0,0,1
0,-0.90420836,-0.8828677,-0.7313684,0.5087014,-0.92260367,0.337993,0.49949178,0,1,0
0,2.00055,2.0238273,-0.7313684,0.20926785,-1.6143403,-0.07420581,-1.0008208,0,1,0
0,-0.4033869,0.33388352,-1.1623752,0.8879841,-1.2213081,0.48763856,1.2996587,1,0,0
0,0.7985816,0.46908727,-0.60980237,0.35898462,1.0739998,0.22556347,-0.9007995,0,1,0
0,1.9003797,1.6858385,-0.09038396,0.69834274,0.6966889,1.1314636,-1.3008834,0,1,0
0,0.39791524,0.8746573,-0.42745337,0.13940035,-0.5138502,0.05197307,0.49949178,0,1,0
0,1.649969,1.4830534,-0.455082,0.069532454,-0.938325,-0.06783883,-1.100842,0,1,0
0,-1.2047043,-1.0180714,0.19142815,-0.28978798,0.20932898,-0.15616737,0.89957476,0,1,0
0,1.1992327,0.7394741,0.1416966,0.27913576,0.869623,0.6823516,-1.3008834,0,1,0
0,-0.85413843,-1.0180714,-0.001972318,-0.38959914,0.94822943,-0.4332613,0.1994291,0,1,0
0,-1.1546191,-0.6124808,0.13064516,-0.070203334,-0.81255466,0.13977434,1.399679,0,1,0
0,0.99890715,0.4014854,-0.9855519,0.66839945,1.1683275,0.34805137,-1.4009037,0,1,0
0,-0.753968,-0.27449208,-0.42745337,0.5087014,0.115001254,0.5802245,1.0996172,0,1,0
0,0.49808568,1.5506347,-0.52139074,-0.3596555,-0.04221162,-0.72230834,1.2996587,0,1,0
0,-1.5552855,-1.7616508,-0.10143542,-0.20993873,-1.268472,-0.22935915,0.49949178,0,0,1
0,-1.2047043,-0.8152864,0.7937325,-0.83874923,-0.45096508,-0.6652004,1.1996374,0,0,1
0,-0.5536425,0.063496664,-0.5379679,0.7981539,1.1526061,0.90051126,1.1996374,0,1,0
0,-0.7038828,-0.13930896,-0.23957862,-0.22990105,0.4137057,-0.35110486,1.1996374,0,1,0
0,0.6984112,0.80707604,-0.58217376,0.75822926,-0.8754398,0.80699736,-0.20065387,0,0,1
0,1.2493179,1.2802478,-0.6926883,1.1574739,1.5299171,1.2663631,-0.6007378,0,0,1
0,0.7484964,0.26628166,0.020130593,-0.59920245,-0.828276,-0.73558956,-1.100842,0,1,0
0,1.9003797,1.6858385,4.4462385,-2.4756522,0.60236114,-2.379424,-1.3008834,0,0,1
0,0.19758973,0.063496664,-0.30588734,-0.19995777,1.4198681,-0.35180792,-0.3006751,1,0,0
0,1.3995582,1.6858385,0.8545155,-1.1581451,-0.6553418,-1.1606202,-0.3006751,0,1,0
0,0.94882196,0.8746573,-0.95792323,1.5567186,-0.7968334,1.5580761,-0.6007378,0,1,0
0,1.8002245,1.212646,0.66111505,-0.52933455,-0.21514577,-0.23703477,-1.8009876,0,0,1
0,0.29776013,-0.27449208,0.78820676,-0.9285792,-0.46668637,-0.816115,-1.0008208,0,1,0
0,-0.5536425,-0.4772977,0.5119204,-0.7489192,-0.828276,-0.6791451,0.39947057,0,0,1
0,1.1992327,1.3478497,0.031182049,-0.3596555,-1.5042913,-0.36684677,-0.40069535,0,1,0
0,-1.2047043,-0.74768454,-0.4992878,0.76821065,1.5928022,0.8908727,1.2996587,0,1,0
0,-1.8557814,-1.8968339,-0.637431,0.1992869,1.3884255,-0.018220764,0.89957476,1,0,0
0,-0.30323175,-0.6800827,-0.7479456,0.728286,-0.34091607,0.6264148,-0.40069535,0,1,0
0,1.0990776,1.009861,0.42350873,-0.59920245,-1.3942423,-0.49321145,-0.70075804,0,1,0
0,1.649969,0.8746573,0.14722234,0.6085125,-1.0483739,1.1911888,-2.001029,0,0,1
0,-1.1045492,-0.6800827,-0.71479124,0.87800276,-1.3313571,0.86066836,1.1996374,1,0,0
0,0.047349393,0.33388352,-0.80320287,0.4288525,0.20932898,0.17183416,0.39947057,0,1,0
0,-1.5552855,-1.4912639,0.17485097,-0.4993913,-0.08937548,-0.48920766,0.89957476,0,1,0
0,-0.20306134,-0.6124808,-0.95792323,1.5167943,-0.19942449,1.504718,-0.50071657,0,0,1
0,0.14750452,1.1450647,-1.1402723,1.5167943,-1.4099636,1.326831,1.399679,0,1,0
0,-0.10290622,-0.4096958,-0.39982474,0.61849385,1.7500151,0.75983036,-0.40069535,0,1,0
0,-0.35331696,-0.8152864,0.35167426,-0.60918343,1.4984745,-0.55202866,-0.50071657,0,1,0
0,1.1992327,1.212646,-0.41087618,0.019626869,0.5551973,-0.10757427,-0.6007378,0,1,0
0,0.14750452,1.1450647,0.031182049,0.34900364,0.82245916,0.7043726,1.399679,0,1,0
0,-1.4551151,-1.4236621,2.4348736,-1.9666156,0.8067379,-1.9336126,0.79955447,0,0,1
0,0.047349393,0.063496664,-0.758997,0.6584181,-1.5357338,0.52133894,-0.0006123865,0,0,1
0,-1.755611,-1.7616508,-0.09038396,0.069532454,-0.35663736,0.19448033,0.89957476,0,1,0
0,-1.1546191,-0.8152864,0.42350873,-0.57924014,0.09927996,-0.4616493,1.0996172,0,1,0
0,-0.20306134,-0.74768454,-0.6484825,1.317172,0.19360769,1.5288581,-0.70075804,0,1,0
0,-0.80405325,-0.4772977,0.05328496,0.079513416,0.49231213,0.31294444,0.89957476,0,1,0
0,1.0990776,0.80707604,0.119593695,-0.50937223,-0.02649033,-0.53863037,-1.0008208,0,0,1
0,-2.2564325,-2.6404133,0.6113835,-0.7189759,-0.63962054,-0.5736786,0.599513,0,1,0
0,-0.5536425,-0.071707085,-1.0076548,1.4469265,0.20932898,1.3634415,0.999596,0,0,1
0,0.59825605,-0.071707085,-0.9800261,1.0676441,-1.2999146,0.88463277,-1.3008834,1,0,0
0,-1.2547895,-0.8152864,0.35167426,-0.3297122,1.1997701,-0.113716766,1.2996587,0,1,0
0,1.3494883,1.4830534,0.25221115,-0.4494857,0.9325082,-0.36396587,-0.50071657,0,0,1
0,-0.25314656,0.53666854,-0.9137174,0.82809716,0.7281314,0.62202036,1.2996587,0,1,0
0,-0.85413843,-1.0856733,-1.1623752,0.9179274,0.9167869,0.52657306,0.09940883,0,1,0
0,-0.6037277,-0.071707085,0.05881069,-0.12010892,-0.85971856,0.014200594,1.0996172,0,1,0
0,-0.20306134,0.53666854,0.35167426,-0.45946667,1.4827532,-0.3172187,1.1996374,0,0,1
0,0.7985816,0.6042704,-0.26168153,0.5186827,0.74385273,0.7269209,-0.70075804,0,1,0
0,1.2994031,0.19867977,0.56717765,-0.6790513,-0.4038012,-0.53516394,-2.301092,0,1,0
0,-0.753968,-0.34209394,-0.024075229,-0.020297749,-0.32519478,0.10726509,0.999596,0,0,1
0,-0.0027358106,-0.071707085,0.37930292,-0.65908897,-0.49812892,-0.6139905,-0.10063361,0,1,0
0,1.7501394,1.6182365,0.19142815,-0.7289569,1.0582784,-0.8324821,-1.100842,0,1,0
0,0.59825605,0.94225913,1.2026364,-1.1980695,-1.598619,-1.0545286,0.1994291,0,1,0
1,1.1491475,0.53666854,-0.8971402,0.728286,-1.3470784,0.50170076,-1.500925,0,1,0
0,-0.35331696,0.13109854,-0.24510434,0.9179274,-1.4414061,1.3241354,0.89957476,0,1,0
0,-1.054464,-1.5588452,-1.0297577,1.0676441,-1.48857,0.84007305,-0.20065387,0,1,0
0,-0.0027358106,0.80707604,-0.6705854,0.728286,-0.74966955,0.69108176,1.1996374,0,1,0
0,0.24767493,-0.34209394,0.5284976,-0.57924014,-0.71822697,-0.39819354,-1.0008208,1,0,0
1,1.7000542,1.7534404,6.4465523,-3.0146327,-0.67106307,-3.2690551,-0.8007793,0,0,1
0,1.0489924,0.46908727,-0.41087618,0.069532454,-1.48857,-0.036042653,-1.4009037,0,1,0
0,1.0489924,1.009861,1.0368645,-1.2280127,-0.9068824,-1.1871527,-0.6007378,0,1,0
1,1.8002245,1.3478497,-1.2728897,1.2872288,-0.34091607,0.9034505,-1.6009462,0,1,0
0,0.54817086,0.063496664,-0.6761111,0.68836176,-1.1427017,0.63111204,-1.0008208,0,1,0
0,1.1491475,0.6042704,0.23010825,-0.38959914,0.02067353,-0.28519803,-1.4009037,0,0,1
0,1.5498139,0.67187226,-0.16221842,0.75822926,-1.4414061,1.1602714,-2.10105,0,0,1
0,1.1992327,0.67187226,-0.4164019,0.41887155,-0.02649033,0.46036342,-1.4009037,0,0,1
0,-1.1546191,-1.2884582,-0.38877326,0.87800276,1.1840488,1.1418344,0.39947057,0,0,1
0,-0.10290622,-0.27449208,-1.1513237,1.0177386,-0.15226063,0.6661603,-0.20065387,0,0,1
0,-2.2063472,-2.5728114,-0.62637955,0.85804045,0.25649282,0.90906566,0.599513,0,1,0
0,-1.35496,-1.1532751,-1.1402723,1.5167943,-1.5200126,1.326831,0.999596,0,1,0
0,1.2994031,0.26628166,-0.040652413,-0.38959914,-0.48240766,-0.45793876,-2.2010705,0,0,1
0,0.29776013,1.3478497,0.721898,-1.0583339,0.4137057,-1.0640984,1.399679,0,1,0
0,1.2493179,0.94225913,0.744001,-1.2978806,1.8129002,-1.4449503,-1.100842,0,1,0
0,1.9003797,2.159031,1.0644932,-1.0383716,0.6180824,-0.85226697,-0.6007378,0,0,1
0,0.047349393,-0.6124808,-0.3390417,0.68836176,0.13072254,0.91049135,-1.0008208,0,1,0
0,-0.80405325,-0.4772977,0.9760815,-1.1581451,-0.6553418,-1.0996056,0.89957476,0,1,0
0,1.599899,0.80707604,-0.5545451,0.38892826,-1.2213081,0.31029803,-2.001029,0,1,0
1,-0.5536425,-0.13930896,-1.3944558,2.1855292,1.7028512,1.92093,0.89957476,0,1,0
0,-0.95429355,-1.4912639,-0.5932252,0.9778139,1.4198681,1.105351,-0.3006751,0,1,0
0,-0.753968,-0.2068902,0.06986214,-0.59920245,1.5299171,-0.7057072,1.1996374,0,0,1
0,-0.95429355,-1.4236621,-0.42192763,0.728286,1.5456383,0.898939,-0.20065387,0,0,1
0,1.1491475,1.1450647,1.4015626,-1.4675597,1.4513106,-1.4288474,-0.6007378,0,1,0
0,-1.0043788,-1.4912639,0.9760815,-1.337805,-1.5514551,-1.4012403,-0.20065387,0,1,0
0,-0.5536425,-0.00410521,-0.13458979,0.2891171,0.979672,0.48816586,1.0996172,0,1,0
0,-1.755611,-1.8292526,0.2190568,-0.54929686,0.9167869,-0.5389623,0.79955447,0,1,0
0,1.599899,1.7534404,-1.4276102,1.6964544,0.57091856,1.2716951,-0.6007378,0,1,0
0,-0.80405325,-0.34209394,-0.902666,1.0377009,1.4827532,0.9136359,1.0996172,0,1,0
1,0.99890715,0.33388352,-0.93582034,0.43883386,-0.35663736,0.08138648,-1.500925,0,1,0
0,1.0990776,1.009861,-0.32246453,0.039589178,-0.23086706,-0.015837986,-0.70075804,0,1,0
0,-0.20306134,0.46908727,-0.8087286,1.2073796,0.036394816,1.2285615,1.0996172,0,1,0
0,-0.5536425,-0.95046955,-0.38877326,-0.57924014,-0.23086706,-0.9525968,-0.3006751,0,0,1
0,0.24767493,-0.071707085,-0.5324422,0.82809716,0.22505026,0.9474729,-0.6007378,0,1,0
0,0.44800046,0.26628166,-0.47165918,0.30907902,-1.0169314,0.2610119,-0.50071657,0,1,0
0,-0.45347208,-1.0180714,0.7550524,-0.8986359,-0.60817796,-0.7850023,-0.6007378,0,1,0
0,0.19758973,1.1450647,-0.1566927,-0.6990136,1.4513106,-0.98939306,1.2996587,0,0,1
0,0.49808568,1.4154516,-0.74241984,0.6085125,-0.45096508,0.4663889,1.0996172,0,1,0
0,-0.5536425,-1.2208564,-0.16221842,0.34900364,-0.9697675,0.5556937,-0.70075804,0,1,0
0,-1.2047043,-1.0856733,-0.7811,0.8879841,-0.70250565,0.8171341,0.79955447,0,0,1
0,0.59825605,0.67187226,0.4014058,-0.70899457,0.33509928,-0.6796528,-0.20065387,0,1,0
0,0.29776013,-0.2068902,2.1806903,-1.7170876,-1.4571275,-1.5526435,-0.9007995,0,0,1
0,-0.35331696,0.46908727,-0.24510434,-0.080184296,0.57091856,-0.1357965,1.399679,0,1,0
0,0.44800046,0.46908727,-0.09038396,-0.41954243,1.5299171,-0.53428465,-0.20065387,0,1,0
0,1.0990776,1.2802478,0.31299418,-0.19995777,0.759574,0.063809104,-0.3006751,0,1,0
0,-0.35331696,0.33388352,-0.057229597,0.129419,-1.4256848,0.30791524,1.1996374,0,1,0
0,-0.0027358106,0.94225913,0.6390121,-1.0383716,-1.2213081,-1.0748407,1.399679,0,1,0
0,1.1491475,0.94225913,-0.333516,0.5586069,-0.7653908,0.72731155,-0.9007995,0,0,1
0,-0.6037277,-0.6124808,-0.94687176,1.077625,0.115001254,0.9276981,0.2994503,0,1,0
0,-0.6037277,-0.071707085,-1.0408092,0.71830505,-0.5452928,0.36841223,1.0996172,0,1,0
0,0.047349393,-0.00410521,-0.1566927,0.16934362,1.2312126,0.29434165,-0.10063361,0,1,0
0,-1.5052003,-1.4236621,-0.057229597,0.2192492,0.7752953,0.4422975,0.89957476,0,1,0
0,-1.1546191,-1.8292526,-1.6044334,2.2753592,-0.95404625,1.8010015,-0.40069535,1,0,0
1,-1.35496,-1.2884582,0.417983,-0.45946667,1.7185725,-0.27573523,0.79955447,0,1,0
0,1.7501394,1.9562253,-1.145798,1.2872288,-0.6553418,1.0222665,-0.6007378,0,1,0
0,0.097434595,-0.13930896,-0.40535045,0.5685883,-1.0483739,0.6837381,-0.40069535,0,0,1
0,-1.3048747,-0.95046955,0.77715534,-0.7189759,1.4513106,-0.47758654,1.1996374,0,1,0
0,-0.90420836,-1.4912639,0.14722234,-0.61916476,-0.12081805,-0.6898091,-0.40069535,0,0,1
0,1.1992327,0.063496664,0.20800534,-0.41954243,0.4451483,-0.34549966,-2.301092,0,0,1
0,-0.35331696,-0.8152864,-0.5379679,0.8979651,0.9010656,1.0413288,-0.50071657,0,0,1
0,2.1007204,2.226612,-0.4164019,0.5885506,-0.938325,0.70340544,-0.9007995,0,1,0
0,0.24767493,1.2802478,-0.1566927,0.17932458,1.5299171,0.30909684,1.399679,0,1,0
0,-0.753968,-1.0856733,-0.14564124,-0.6391271,1.0111146,-0.8942973,-0.10063361,0,1,0
0,-0.4033869,-1.1532751,-0.9689747,1.1774362,-0.057932902,1.0410551,-0.9007995,0,0,1
0,0.29776013,-0.4096958,0.05328496,0.33902267,1.9701132,0.7062377,-1.2008623,0,1,0
0,0.54817086,0.063496664,0.6997951,-1.2779183,-1.0640953,-1.4335055,-1.0008208,0,1,0
0,0.24767493,0.53666854,-1.024232,1.1774362,0.7752953,0.99047035,0.2994503,0,1,0
0,0.94882196,0.4014854,-0.3556189,0.77819157,1.1211636,1.0263873,-1.3008834,0,0,1
0,-0.15297614,0.13109854,0.5174461,-0.34967452,-1.3156358,-0.03809349,0.49949178,0,1,0
0,-1.2047043,-0.8152864,-1.0076548,0.967833,-0.057932902,0.72736025,1.1996374,0,0,1
0,-0.15297614,0.53666854,-0.6705854,0.6584181,1.4041468,0.59415007,1.0996172,1,0,0
0,-0.6037277,-0.95046955,-1.4994446,1.5766809,0.74385273,1.0507424,-0.20065387,0,1,0
0,1.7000542,1.009861,-0.31141308,0.29909807,0.14644383,0.368588,-1.9010079,0,0,1
0,1.5498139,0.7394741,-0.6595339,1.5766809,0.08355868,1.8790072,-2.001029,0,1,0
0,-2.1562622,-2.5728114,-0.44955626,0.9778139,0.68096757,1.2317935,0.49949178,1,0,0
0,1.2493179,1.212646,4.5899076,-2.525558,1.4198681,-2.4565516,-0.70075804,1,0,0
0,-0.85413843,-0.4096958,0.16932525,-0.43950474,0.47659084,-0.40063506,1.0996172,0,1,0
0,-2.2564325,-2.7080152,-0.64295673,0.5286637,1.5299171,0.4362529,0.49949178,0,0,1
0,-0.6037277,-0.95046955,0.32957137,-0.6990136,-0.105096765,-0.70580465,-0.20065387,0,1,0
0,0.34784535,1.2802478,-0.3500932,0.1992869,1.3884255,0.19505633,1.1996374,0,1,0
0,-0.45347208,-1.1532751,-0.62637955,0.009645524,-0.74966955,-0.27460235,-0.8007793,0,1,0
0,1.0990776,0.80707604,0.68321794,-1.0383716,0.115001254,-1.051716,-1.0008208,0,0,1
0,0.34784535,1.6182365,-0.9302946,2.165567,-0.08937548,2.401917,1.6997416,0,0,1
0,-0.753968,-0.27449208,-0.6650597,0.14938131,-0.04221162,-0.10801412,1.0996172,0,1,0
0,0.29776013,0.46908727,0.14722234,-0.17999546,1.2469339,-0.016931705,0.09940883,0,0,1
1,-0.7038828,-0.13930896,4.0428605,-2.3758411,1.7342938,-2.2660086,1.1996374,0,1,0
0,1.9003797,1.6858385,-0.50481355,0.4288525,1.3727041,0.40544295,-1.3008834,0,0,1
0,0.6984112,0.4014854,0.5008689,-0.96850383,-1.6615041,-1.0356812,-0.8007793,0,0,1
0,1.0489924,0.063496664,0.417983,-1.0084282,1.0739998,-1.1431499,-2.001029,1,0,0
0,0.14750452,-0.071707085,0.45113736,-0.5892215,-1.1269804,-0.46078053,-0.40069535,0,1,0
0,0.34784535,-0.34209394,-1.593382,1.985907,0.19360769,1.4589866,-1.2008623,0,1,0
0,-0.5536425,0.063496664,-0.40535045,0.33902267,-0.9068824,0.35446706,1.1996374,0,1,0
0,0.34784535,0.46908727,-1.0629121,0.64843714,1.1840488,0.25789693,-0.0006123865,0,0,1
0,1.3494883,1.4154516,0.8213611,-0.7988248,0.74385273,-0.5838344,-0.6007378,0,1,0
0,-1.35496,-1.0180714,-0.14011551,0.4488148,1.0897211,0.7205343,1.1996374,0,1,0
0,-1.1045492,-1.0856733,0.4566631,-0.1700145,0.4137057,0.20780987,0.599513,0,1,0
0,-1.1045492,-0.8152864,0.2190568,-0.70899457,-0.59245664,-0.7856762,0.999596,0,1,0
0,0.34784535,0.063496664,0.1416966,0.019626869,-0.4195225,0.28499585,-0.6007378,0,1,0
0,-0.25314656,-0.4096958,-0.84740865,0.43883386,0.7281314,0.15076025,-0.10063361,1,0,0
0,1.8503097,1.8210422,0.4014058,-0.36963683,1.4513106,-0.14442924,-1.0008208,0,0,1
0,0.047349393,0.8746573,0.042233504,-0.0003354402,1.467032,0.18411915,1.1996374,0,1,0
0,0.7985816,0.46908727,-0.455082,0.77819157,-1.5828978,0.9423658,-0.9007995,0,0,1
0,1.0489924,-0.00410521,-0.04617814,-0.19995777,0.8381804,-0.17739746,-2.10105,0,0,1
0,-0.753968,-0.95046955,-0.09590969,-0.3097499,-0.85971856,-0.3742879,0.09940883,0,1,0
0,-0.6537976,-0.071707085,-0.4164019,-0.19995777,-0.52957153,-0.4260251,1.1996374,0,1,0
0,0.24767493,-0.2068902,0.80478394,-1.0583339,0.5080334,-1.021033,-0.8007793,0,0,1
0,1.8503097,1.8886235,0.5229718,-0.61916476,-0.70250565,-0.46536028,-0.9007995,0,0,1
0,0.648326,0.53666854,-0.58217376,-0.050241023,-1.4099636,-0.32729667,-0.50071657,1,0,0
0,-0.6537976,-0.6124808,0.37377718,-0.7289569,-1.6615041,-0.7271035,0.39947057,0,1,0
0,1.7000542,1.212646,0.8489898,-1.1681262,1.0582784,-1.1799265,-1.6009462,1,0,0
0,-0.4033869,-1.0180714,-0.36114463,0.71830505,0.38226312,0.9353541,-0.70075804,0,0,1
0,0.14750452,-0.071707085,-0.068281054,0.13940035,-1.6615041,0.31476077,-0.40069535,0,1,0
0,-0.0027358106,0.94225913,0.5229718,-0.80880594,-1.6929468,-0.76853776,1.399679,0,1,0
0,-0.753968,-0.4772977,0.417983,-0.8187871,-1.3313571,-0.84349763,0.79955447,0,0,1
0,-0.50355726,-0.74768454,-0.07380678,0.10945669,-1.378521,0.26601195,-0.10063361,0,0,1
0,-1.5552855,-1.3560601,-0.23405288,0.4787581,-0.7968334,0.69051534,1.0996172,0,0,1
0,0.94882196,0.6042704,-1.228684,1.1874176,-1.0640953,0.81616694,-1.0008208,0,0,1
0,-0.10290622,-0.6800827,0.15274806,-0.38959914,-0.19942449,-0.33455247,-0.8007793,0,1,0
1,1.3995582,0.6042704,-1.2563125,1.2173609,-1.0640953,0.82926244,-1.9010079,0,1,0
0,0.29776013,1.3478497,-0.73689413,1.506813,0.4451483,1.7066084,1.399679,0,1,0
0,-0.50355726,-0.4096958,0.8489898,-0.98846596,-0.37235865,-0.88233465,0.39947057,0,1,0
0,0.648326,0.4014854,-0.902666,0.75822926,-0.98548883,0.5373932,-0.70075804,0,1,0
0,0.648326,0.26628166,-0.21194997,0.15936227,1.3255403,0.23896176,-0.9007995,0,1,0
0,-1.2547895,-0.6124808,-0.13458979,-0.4894103,1.6556873,-0.6658156,1.5997214,0,1,0
0,0.7985816,0.53666854,0.04775923,-0.57924014,0.5551973,-0.68875456,-0.8007793,0,0,1
0,0.648326,0.19867977,0.114067964,-0.36963683,0.33509928,-0.3287615,-1.0008208,0,1,0
0,-1.5052003,-1.2884582,-0.1787956,0.30907902,-0.8911611,0.48408374,1.0996172,0,0,1
0,1.1992327,0.26628166,-0.46060774,0.75822926,0.3036567,0.90926105,-2.001029,0,1,0
1,-1.5052003,-1.4912639,-1.2342097,2.1156614,1.4513106,2.0062702,0.79955447,0,1,0
0,0.047349393,1.009861,0.05328496,-0.52933455,1.2783765,-0.6097813,1.399679,0,1,0
0,-1.4551151,-1.3560601,-1.0573864,1.7962656,0.85390174,1.7762749,0.89957476,0,1,0
0,-1.2047043,-1.1532751,-0.7700485,0.4288525,-1.0169314,0.19779064,0.6995333,1,0,0
0,0.34784535,0.80707604,-0.2948359,0.6783804,-0.81255466,0.9326198,0.49949178,0,1,0
0,-0.95429355,-0.8828677,0.7274238,-1.1182206,-1.0483739,-1.1591358,0.599513,0,1,0
0,1.0990776,0.94225913,-0.60427666,0.30907902,-1.2370294,0.15999858,-0.8007793,0,1,0
0,-1.1045492,-1.7616508,-0.6705854,0.11943804,0.74385273,-0.15360883,-0.40069535,0,1,0
0,-1.35496,-1.0856733,-0.26720726,0.64843714,-1.2370294,0.91179043,1.0996172,0,1,0
0,1.0489924,1.009861,-1.0960665,1.077625,-0.13653934,0.79375523,-0.6007378,0,0,1
0,-0.5536425,-0.13930896,-0.9745004,1.0576627,0.115001254,0.8762732,0.89957476,0,0,1
0,0.24767493,1.1450647,-0.72031695,1.4668888,-0.057932902,1.6677126,1.1996374,0,1,0
0,0.648326,-0.00410521,-0.18432134,0.079513416,-1.5200126,0.14161982,-1.3008834,0,1,0
0,0.44800046,0.26628166,0.009079138,-0.090165645,-1.4256848,0.025245247,-0.50071657,0,1,0
0,-0.6537976,-1.0180714,-0.9910776,1.2872288,-0.60817796,1.1669121,-0.20065387,0,0,1
0,0.097434595,-0.4096958,-1.1623752,1.3570963,1.2312126,1.0976167,-0.8007793,0,0,1
0,-1.3048747,-1.0856733,0.23563398,-0.27980664,-0.6238992,-0.11173468,0.999596,0,1,0
0,-0.6537976,-0.13930896,-0.96344894,1.0476818,0.052116103,0.87282634,1.0996172,0,1,0
1,-1.35496,-1.1532751,-0.44403055,1.9559633,1.5613596,2.6329377,0.999596,0,0,1
0,1.3995582,1.5506347,-0.68163687,0.2691548,2.0958834,0.045762274,-0.50071657,0,0,1
0,-1.3048747,-0.54487896,0.8766184,-1.0583339,0.1778864,-0.9837095,1.7997628,0,1,0
0,-0.10290622,0.80707604,0.13617088,-0.0003354402,1.0111146,0.25052413,1.399679,0,1,0
0,1.2994031,0.94225913,1.2026364,-1.0483527,0.68096757,-0.79716027,-1.2008623,0,0,1
0,-0.85413843,-0.4772977,-0.057229597,0.16934362,-1.6143403,0.36764088,0.999596,1,0,0
0,-1.054464,-1.4236621,-1.123695,1.4369456,-0.4038012,1.2386295,-0.0006123865,0,0,1
0,1.1491475,0.8746573,-0.52691644,0.30907902,0.115001254,0.21892282,-1.0008208,0,0,1
0,-1.1045492,-1.4912639,-0.86398584,1.6465489,-0.15226063,1.7719297,-0.0006123865,0,1,0
0,0.44800046,0.46908727,-0.9800261,1.1574739,1.6399661,1.0043372,-0.20065387,0,0,1
0,-1.1045492,-1.0856733,0.2190568,-0.33969358,0.6966889,-0.21515036,0.599513,0,0,1
0,-0.10290622,0.67187226,2.2580504,-1.9965588,1.2154913,-2.0541182,1.1996374,0,0,1
0,-0.0027358106,-0.6800827,3.5068648,-2.3059735,0.067837395,-2.270852,-1.0008208,0,1,0
0,0.097434595,-0.4772977,-1.0905406,0.8680218,-0.6238992,0.5235068,-0.9007995,1,0,0
0,-0.95429355,-1.3560601,-0.9137174,0.87800276,0.759574,0.68910927,-0.10063361,0,0,1
0,-1.0043788,-0.95046955,-0.902666,1.5667,1.6714087,1.6258093,0.599513,0,0,1
0,0.34784535,1.1450647,-0.22300144,-0.16003315,1.5299171,-0.23759164,0.999596,0,1,0
0,-0.50355726,-0.6800827,1.4623456,-1.317843,-1.4256848,-1.1374177,-0.0006123865,0,0,1
0,1.1992327,0.26628166,0.6997951,-1.0283904,0.2722141,-1.0267752,-2.001029,0,1,0
0,0.44800046,0.53666854,0.89319557,-0.9585227,-0.828276,-0.80898625,-0.10063361,0,1,0
0,-0.6537976,-0.071707085,0.45113736,-0.5892215,0.35082054,-0.46078053,1.1996374,0,1,0
0,0.99890715,-0.13930896,-0.040652413,-0.06022199,-1.6615041,0.03576262,-2.2010705,0,1,0
0,-1.3048747,-1.0180714,-0.41087618,1.5866623,0.71241015,2.1385238,1.0996172,0,0,1
0,-0.90420836,-1.1532751,0.15827379,-0.39958012,-0.24658835,-0.34633932,0.09940883,0,1,0
0,0.29776013,-0.34209394,-0.26168153,-0.59920245,0.57091856,-0.9049221,-1.100842,0,0,1
0,-2.2063472,-2.7080152,-0.7921514,1.2373232,-1.6929468,1.2847223,0.39947057,1,0,0
0,-0.15297614,-0.6124808,0.35167426,-0.15005219,0.979672,0.16805485,-0.6007378,0,0,1
0,-0.25314656,-0.6800827,0.89319557,-1.1381828,-0.15226063,-1.1079847,-0.50071657,0,0,1
0,-0.10290622,-0.4772977,0.30746844,-0.7888438,1.1840488,-0.85887796,-0.50071657,1,0,0
0,1.2994031,0.26628166,0.41245726,-0.39958012,-0.52957153,-0.18462366,-2.2010705,1,0,0
0,0.99890715,0.33388352,3.6339567,-2.4157658,0.39798442,-2.4688952,-1.500925,0,1,0
0,-0.50355726,0.063496664,2.8382518,-2.0265021,0.46086955,-1.9091892,1.0996172,1,0,0
0,0.8987367,0.4014854,-0.7534713,0.6783804,0.68096757,0.5532913,-1.2008623,0,1,0
0,-1.35496,-1.2208564,1.1860591,-1.0583339,0.24077155,-0.8229314,0.89957476,0,1,0
0,-1.2547895,-0.54487896,1.4623456,-1.2579561,1.68713,-1.0317166,1.6997416,0,0,1
0,-1.1546191,-1.0180714,-0.21194997,0.13940035,1.467032,0.2096458,0.79955447,0,1,0
0,0.94882196,0.46908727,-0.93582034,1.0277195,-1.378521,0.87072676,-1.2008623,0,1,0
0,-2.2063472,-2.6404133,0.4621888,-0.9086171,1.6085235,-0.9612978,0.49949178,1,0,0
0,0.34784535,-0.34209394,0.009079138,-0.27980664,-0.938325,-0.26067677,-1.2008623,0,1,0
0,0.7484964,0.4014854,-0.637431,0.69834274,-1.2841933,0.6770779,-0.9007995,0,0,1
0,0.7484964,0.4014854,-0.7534713,0.73826736,-1.158423,0.635497,-0.9007995,0,0,1
0,2.00055,2.0238273,2.611697,-1.8867664,0.115001254,-1.7129922,-1.0008208,0,1,0
0,0.99890715,0.33388352,0.55060047,-0.70899457,-0.21514577,-0.59290653,-1.500925,0,0,1
0,-1.2047043,-0.8828677,-0.96344894,1.0576627,0.5551973,0.88615584,1.0996172,0,1,0
0,-0.10290622,-0.34209394,1.1031733,-1.247975,0.319378,-1.1886567,-0.3006751,0,1,0
0,1.599899,0.80707604,-0.62085384,0.5586069,-1.2999146,0.4957536,-2.001029,0,1,0
0,0.648326,-0.00410521,0.6942694,-0.85871154,-1.6929468,-0.75326484,-1.3008834,0,1,0
0,1.5498139,0.94225913,1.6004888,-1.5474086,0.8067379,-1.4827917,-1.7009664,0,1,0
0,-0.7038828,-0.4772977,0.76057816,-0.8786736,1.1368849,-0.7492219,0.6995333,0,1,0
0,-0.5536425,-0.8828677,-0.2174757,0.15936227,1.2469339,0.23489924,-0.20065387,1,0,0
0,2.0506353,2.226612,-0.25063008,-0.10014661,-0.92260367,-0.16880389,-0.8007793,0,0,1
0,1.8002245,1.4154516,2.3630393,-1.9067287,-1.6615041,-1.8441321,-1.500925,0,0,1
0,-0.35331696,-0.6124808,0.90424705,-0.8686927,0.19360769,-0.6533744,-0.20065387,0,0,1
0,1.0489924,0.80707604,-0.11248688,-0.070203334,0.74385273,-0.029089658,-0.9007995,0,1,0
1,0.99890715,0.53666854,-0.86398584,1.0277195,1.9386705,0.93458277,-1.2008623,0,1,0
0,1.0990776,0.80707604,-1.0629121,0.9778139,-0.21514577,0.6919801,-1.0008208,0,0,1
0,0.99890715,0.80707604,-0.6705854,0.9478707,-1.4256848,0.995724,-0.8007793,0,0,1
0,-0.95429355,-0.8152864,1.5010257,-1.4575785,0.6180824,-1.3666903,0.6995333,0,0,1
0,-0.30323175,-0.6124808,0.58375484,-1.1381828,-0.7968334,-1.2643874,-0.3006751,0,1,0
0,1.1992327,1.2802478,-0.5545451,-0.33969358,1.6399661,-0.71553105,-0.50071657,0,0,1
0,-0.50355726,0.063496664,-0.38324755,0.029607834,-0.38807994,-0.07359065,1.0996172,0,1,0
0,-0.753968,-0.34209394,0.119593695,-0.51935357,-1.1427017,-0.55387414,0.999596,0,1,0
0,0.59825605,0.4014854,-0.455082,1.0476818,0.09927996,1.3265282,-0.6007378,1,0,0
0,-2.1562622,-2.5052302,2.0757015,-1.757012,-0.45096508,-1.6697507,0.599513,0,1,0
0,-0.45347208,-1.1532751,-0.59875095,1.2273419,-1.0955378,1.4498461,-0.8007793,0,1,0
0,-0.45347208,0.19867977,0.44008592,-0.47942898,2.080162,-0.29352796,1.1996374,0,1,0
0,-0.0027358106,0.33388352,-0.12353833,0.2192492,1.2312126,0.39284515,0.49949178,0,1,0
0,0.24767493,1.0774629,-0.8529344,1.4768697,1.0268359,1.5530374,1.0996172,0,1,0
0,-0.90420836,-1.0856733,-0.8860888,0.30907902,-0.67106307,-0.054655463,0.1994291,0,1,0
0,-1.5052003,-1.3560601,-0.72584265,0.78817296,-0.84399724,0.7273894,0.999596,0,0,1
1,2.00055,1.9562253,-0.9745004,2.245416,1.4513106,2.4601974,-1.100842,0,1,0
0,-0.5536425,0.063496664,-0.7645228,0.43883386,-0.49812892,0.21579784,1.1996374,0,1,0
0,-0.15297614,-0.6124808,0.9705558,-1.2180318,1.3255403,-1.2028655,-0.6007378,0,1,0
0,0.39791524,-0.2068902,-0.11248688,-0.030278714,-1.4414061,0.030245302,-1.100842,0,0,1
0,-0.0027358106,0.13109854,-0.5324422,1.8661335,-0.6238992,2.4129908,0.1994291,0,0,1
0,0.19758973,-0.27449208,-0.68163687,0.32904133,-0.6553418,0.12872969,-0.8007793,1,0,0
0,-0.15297614,-0.27449208,-0.6650597,0.5087014,0.979672,0.39084348,-0.10063361,0,1,0
0,-0.5536425,0.19867977,0.2411597,-0.7389382,1.9229492,-0.8192008,1.399679,0,1,0
0,-0.35331696,-0.8152864,0.600332,-1.1581451,1.2626551,-1.2881956,-0.50071657,0,0,1
0,1.0990776,1.009861,1.7883635,-1.4276351,-0.35663736,-1.1831293,-0.70075804,0,0,1
0,-0.15297614,0.6042704,-0.34456745,0.039589178,-0.38807994,-0.031619053,1.1996374,0,1,0
0,-0.4033869,-0.6800827,0.417983,-0.62914574,1.3412616,-0.54384536,-0.20065387,0,1,0
0,-1.35496,-1.2884582,0.9374014,-0.93856037,1.3884255,-0.7518588,0.79955447,0,0,1
0,0.7484964,0.33388352,0.33509707,-0.7189759,1.5299171,-0.7338315,-1.0008208,0,0,1
0,0.44800046,-0.00410521,0.7274238,-1.317843,1.4355893,-1.4854963,-0.9007995,0,1,0
0,-0.25314656,-0.6124808,-0.3500932,0.77819157,1.8129002,1.0310555,-0.40069535,0,1,0
0,-0.95429355,-1.6940489,-0.81978005,1.736379,0.8381804,1.938323,-0.6007378,0,1,0
0,0.59825605,-0.071707085,0.8158354,-1.0283904,-1.2213081,-0.96586806,-1.3008834,0,1,0
0,0.54817086,0.80707604,0.13617088,-0.29976895,0.9010656,-0.20767008,0.09940883,0,1,0
0,-0.45347208,0.33388352,1.1031733,-1.2579561,-0.56101406,-1.2056389,1.399679,0,1,0
0,-0.6537976,-1.0180714,-0.31141308,0.24919248,-0.9697675,0.29617757,-0.20065387,0,1,0
0,-0.6037277,-0.13930896,0.06433642,-0.33969358,-1.4571275,-0.31522658,0.999596,0,0,1
0,0.34784535,-0.2068902,0.32404563,-0.62914574,0.649525,-0.5997912,-1.0008208,0,1,0
0,-0.5536425,-0.13930896,5.0319657,-2.605407,-0.2937522,-2.5331125,0.89957476,0,0,1
0,0.047349393,-0.27449208,0.56717765,-0.54929686,-0.85971856,-0.32671064,-0.50071657,0,1,0
0,0.29776013,0.4014854,-0.14011551,-0.050241023,-0.32519478,-0.018708885,-0.0006123865,0,1,0
0,-0.5536425,0.4014854,0.99818444,-1.4675597,1.4041468,-1.609205,1.6997416,0,0,1
0,-0.45347208,-0.74768454,-0.39982474,0.71830505,1.7342938,0.9030894,-0.20065387,0,1,0
0,0.29776013,-0.27449208,1.9265068,-1.9466532,0.39798442,-2.0791175,-1.0008208,1,0,0
0,0.19758973,-0.13930896,-1.2452611,2.3053024,0.60236114,2.2381215,-0.6007378,0,1,0
0,0.44800046,1.4154516,-0.36114463,0.23921151,0.99539334,0.24443035,1.1996374,0,1,0
0,-0.5536425,-0.6124808,-0.94134605,0.43883386,1.4198681,0.07705075,0.1994291,0,1,0
0,-0.5536425,-0.6800827,2.125433,-1.7370497,1.3412616,-1.6124861,0.09940883,0,0,1
0,1.1992327,0.7394741,-0.106961146,0.2192492,0.5551973,0.40520847,-1.3008834,0,1,0
0,-1.054464,-1.626447,0.27431408,-0.21992008,0.19360769,0.0067981808,-0.3006751,0,1,0
0,-0.0027358106,0.80707604,0.49534318,-0.8287681,-0.71822697,-0.8159297,1.1996374,0,1,0
0,-0.4033869,-1.0180714,-1.1015922,0.9977762,0.57091856,0.6841092,-0.70075804,0,1,0
0,-0.7038828,-0.27449208,-0.84188294,1.756341,-0.9068824,1.9429902,0.999596,0,1,0
0,2.00055,2.0238273,4.501496,-2.4956145,0.14644383,-2.4105563,-1.0008208,0,1,0
0,-1.054464,-0.6124808,-0.19537279,0.29909807,-1.6300616,0.4567699,1.1996374,0,1,0
0,0.39791524,-0.00410521,-0.394299,1.2672665,1.1054423,1.6961594,-0.8007793,0,1,0
0,-1.2047043,-0.95046955,-0.07380678,0.20926785,-0.7968334,0.41503236,0.999596,0,1,0
0,-1.4050299,-1.1532751,-0.60980237,0.1992869,-1.598619,0.0022867022,1.0996172,0,0,1
0,-1.054464,-0.8152864,0.40693155,-0.85871154,-0.7968334,-0.9127148,0.89957476,0,1,0
1,1.4997287,0.8746573,-0.96344894,1.6166055,0.60236114,1.6326257,-1.7009664,0,1,0
0,1.0990776,1.009861,1.0258131,-0.59920245,0.979672,-0.1313046,-0.70075804,0,1,0
0,0.7484964,0.46908727,-0.64295673,0.39890924,1.797179,0.25560203,-0.8007793,0,1,0
0,0.49808568,1.009861,-0.05170387,0.38892826,0.9010656,0.7004175,0.49949178,0,0,1
0,1.4997287,0.80707604,-0.25063008,-0.29976895,-0.63962054,-0.46059474,-1.8009876,0,1,0
0,-0.50355726,-0.95046955,-0.8916145,0.77819157,0.869623,0.57360345,-0.40069535,0,1,0
0,0.94882196,0.26628166,0.9318757,-1.5174652,-1.4256848,-1.7222497,-1.500925,0,1,0
0,-0.5536425,-0.95046955,-0.09590969,0.63845617,-1.6615041,1.0376961,-0.3006751,0,1,0
0,-0.80405325,-0.54487896,0.3185199,-0.64910805,0.13072254,-0.634273,0.79955447,0,0,1
0,1.9003797,1.8210422,-0.43297908,-0.17999546,1.2626551,-0.40862304,-1.100842,0,1,0
0,-1.1546191,-0.27449208,-0.057229597,-0.47942898,0.71241015,-0.60289663,1.8997831,0,1,0
0,1.8002245,1.8210422,-0.6705854,0.4088902,0.1621651,0.24796559,-0.9007995,0,1,0
0,-1.2047043,-1.0180714,-0.9910776,0.85804045,-0.48240766,0.59582984,0.89957476,0,0,1
0,0.8486668,0.19867977,1.3684082,-1.3278239,-1.1741443,-1.1993594,-1.4009037,0,0,1
0,-1.054464,-1.626447,-0.60427666,1.2373232,1.1054423,1.4587034,-0.3006751,0,1,0
0,0.39791524,0.4014854,0.7163723,-1.1581451,-0.45096508,-1.2299548,-0.20065387,0,0,1
0,1.0990776,0.7394741,-0.51033926,1.2073796,1.0425571,1.5033019,-1.100842,0,1,0
0,0.24767493,-0.071707085,2.512234,-2.0165212,1.2783765,-2.0032208,-0.6007378,0,0,1
0,-0.753968,-0.8828677,-0.4937621,0.38892826,-1.2527508,0.35745546,0.1994291,1,0,0
0,-0.6537976,-0.071707085,0.6334864,-1.0882771,1.3727041,-1.158491,1.1996374,0,0,1
0,-1.6053706,-1.3560601,-0.81978005,1.4369456,-1.4256848,1.530811,1.1996374,0,1,0
0,0.54817086,0.13109854,-0.46613345,1.5267754,-1.5514551,1.9986825,-0.9007995,0,1,0
0,0.8987367,0.33388352,0.296417,-0.50937223,0.49231213,-0.4295699,-1.3008834,0,1,0
0,0.29776013,0.33388352,-0.11248688,-0.29976895,-0.26230964,-0.37026453,-0.10063361,1,0,0
0,0.99890715,0.67187226,0.13064516,-0.3796178,-1.5671765,-0.33339044,-1.0008208,0,1,0
0,-1.1045492,-0.2068902,-1.0960665,0.9179274,1.577081,0.5842283,1.8997831,0,1,0
0,-0.6037277,-0.13930896,-0.16774416,-0.3796178,-0.7968334,-0.524285,0.999596,0,1,0
0,-1.2547895,-0.8152864,0.26326263,-0.50937223,0.9167869,-0.4500191,1.2996587,0,1,0
0,-1.1045492,-1.7616508,-0.28378445,-0.38959914,-0.7968334,-0.61305296,-0.40069535,0,0,1
0,-0.90420836,-0.6800827,-0.515865,0.57856923,-0.4352438,0.60860294,0.79955447,0,0,1
0,0.44800046,0.53666854,-0.2561558,0.57856923,-0.7968334,0.8188133,-0.10063361,0,1,0
0,-1.35496,-0.95046955,-1.471816,1.9759256,1.1683275,1.5752437,1.2996587,0,1,0
0,0.34784535,0.33388352,-0.50481355,-0.17999546,1.7342938,-0.45711824,-0.20065387,0,1,0
0,-0.6037277,-0.00410521,-0.83083147,0.9578516,0.649525,0.8691053,1.1996374,0,1,0
0,-1.3048747,-0.54487896,-0.44403055,-0.20993873,1.3098191,-0.4588271,1.7997628,0,1,0
1,-0.5536425,-0.6800827,-0.71479124,2.5648112,1.3098191,3.1876729,0.09940883,0,1,0
0,1.2493179,1.212646,-1.1292208,1.2672665,0.429427,1.0116904,-0.70075804,0,1,0
0,-0.90420836,-1.4912639,0.2411597,-0.33969358,1.2154913,-0.20085369,-0.40069535,0,0,1
0,-0.90420836,-1.2208564,-0.515865,-0.17999546,-0.73394823,-0.46457893,-0.0006123865,0,1,0
0,2.1007204,2.361816,-0.5655966,0.71830505,-0.08937548,0.76481086,-0.70075804,0,0,1
0,0.19758973,0.80707604,-0.5711223,1.6764921,1.0268359,2.1064253,0.79955447,0,1,0
0,-0.0027358106,-0.6124808,1.8933524,-1.6172764,-0.37235865,-1.4846371,-0.9007995,0,1,0
0,0.44800046,0.13109854,-0.8695116,1.0377009,0.36654183,0.9431663,-0.70075804,0,1,0
0,1.2994031,1.3478497,1.3352538,-1.1481639,1.3884255,-0.90194374,-0.6007378,0,1,0
0,-0.4033869,-1.0856733,-0.41087618,-0.4993913,1.467032,-0.85150516,-0.8007793,0,1,0
0,0.8987367,0.4014854,-1.9193999,2.8842075,0.429427,2.161502,-1.2008623,0,1,0
0,-1.35496,-0.8828677,-0.39982474,-0.31973127,1.7028512,-0.5868032,1.399679,0,1,0
0,-0.15297614,-0.27449208,-0.5876995,0.9578516,0.33509928,1.0822263,-0.10063361,1,0,0
0,-1.7055258,-1.7616508,0.025656322,0.22923017,0.979672,0.51919067,0.79955447,0,0,1
0,0.49808568,0.94225913,0.18590243,-0.2398824,-0.07365419,-0.08298516,0.39947057,0,1,0
0,-1.3048747,-0.95046955,-0.7092655,0.62847483,0.47659084,0.5209578,1.1996374,0,1,0
0,-1.3048747,-0.8828677,-0.8695116,0.9877953,0.68096757,0.8756872,1.2996587,0,0,1
0,-0.6537976,-0.34209394,0.7384752,-0.91859823,0.5237547,-0.8267594,0.79955447,0,1,0
0,2.1007204,2.361816,-0.5600708,1.0077572,-0.12081805,1.1766582,-0.70075804,0,1,0
0,0.24767493,-0.4772977,-0.91924316,0.87800276,1.6242448,0.6843437,-1.2008623,0,1,0
0,1.1992327,0.7394741,-0.30588734,0.5885506,0.96395075,0.7930522,-1.3008834,0,1,0
0,-0.95429355,-0.95046955,-0.068281054,0.019626869,-1.4414061,0.13581927,0.49949178,0,1,0
0,-0.6537976,-0.54487896,-0.5655966,0.5685883,1.3727041,0.55431676,0.49949178,0,0,1
0,1.7501394,1.6182365,-1.1015922,0.4488148,-0.49812892,-0.03560325,-1.100842,0,1,0
0,0.14750452,0.94225913,1.2136878,-1.5174652,-1.158423,-1.5987364,1.0996172,0,1,0
0,-0.10290622,-0.4096958,-0.72584265,0.5586069,0.759574,0.4111456,-0.40069535,0,1,0
1,-0.4033869,-1.0180714,-0.8916145,1.0377009,1.7657363,0.9234794,-0.70075804,0,1,0
0,-0.45347208,-0.8152864,1.0258131,-1.337805,1.0111146,-1.377862,-0.3006751,0,0,1
0,-0.5536425,-0.74768454,-0.47718492,0.079513416,-1.5200126,-0.06954771,-0.0006123865,0,1,0
0,-0.45347208,-0.071707085,-0.5324422,0.029607834,-1.6929468,-0.17984854,0.79955447,1,0,0
0,-2.106192,-2.3024244,0.5782291,-0.47942898,0.115001254,-0.20759222,0.79955447,0,1,0
0,-0.80405325,-1.0180714,0.20247962,-1.2579561,-0.828276,-1.6417825,0.09940883,0,0,1
0,1.0489924,0.53666854,0.31299418,-0.28978798,-1.0169314,-0.07646201,-1.3008834,0,1,0
0,0.39791524,1.4830534,0.68874365,-1.4276351,0.6652463,-1.682563,1.399679,0,0,1
0,-0.80405325,-0.8828677,-1.0794892,1.2872288,0.35082054,1.0842575,0.2994503,1,0,0
0,-1.1546191,-1.6940489,-0.8860888,0.32904133,0.052116103,-0.027722735,-0.20065387,0,1,0
0,-0.85413843,-0.74768454,-1.0573864,1.5467377,-0.08937548,1.4471802,0.599513,0,1,0
0,0.44800046,0.67187226,-0.5932252,0.80813485,-0.7653908,0.86762136,0.09940883,0,1,0
0,-0.4033869,-0.74768454,-0.07380678,-0.20993873,1.0897211,-0.2108538,-0.3006751,0,1,0
0,0.39791524,1.5506347,-0.576648,0.4787581,0.4137057,0.41927063,1.4997002,0,1,0
0,1.7000542,1.1450647,-0.13458979,0.41887155,0.94822943,0.6804961,-1.7009664,0,0,1
0,0.94882196,-0.27449208,-0.71479124,0.8979651,1.8129002,0.8882067,-2.301092,0,1,0
0,-0.90420836,-0.8828677,-0.9855519,0.41887155,-1.6929468,0.015782434,0.49949178,0,0,1
0,-0.6537976,0.13109854,-0.5711223,0.74824834,-1.1898656,0.80227095,1.4997002,0,1,0
0,1.1992327,0.94225913,-0.029600957,0.009645524,-1.0483739,0.14831874,-1.0008208,0,0,1
0,0.29776013,0.46908727,0.020130593,-0.040260058,-0.74966955,0.10822222,0.09940883,0,1,0
0,-1.3048747,-1.1532751,-0.79767716,0.8680218,-1.3627998,0.7755622,0.89957476,0,1,0
0,1.3494883,0.33388352,0.06433642,-0.40956107,-1.598619,-0.42125,-2.2010705,0,1,0
0,1.7000542,1.8886235,-0.1180126,-0.13008988,-0.07365419,-0.121870935,-0.6007378,0,0,1
0,-0.85413843,-1.4236621,0.06433642,-0.61916476,-0.56101406,-0.7393197,-0.40069535,0,1,0
0,-0.95429355,-1.4912639,-0.14011551,0.34900364,-0.46668637,0.5726855,-0.3006751,0,0,1
0,0.24767493,1.3478497,2.4625022,-2.0664268,0.5551973,-2.1175447,1.4997002,0,0,1
0,-1.0043788,-1.2884582,-0.5490194,0.36896595,-1.1112591,0.28646067,0.09940883,1,0,0
0,0.99890715,0.8746573,-0.05170387,-0.3596555,-1.268472,-0.42016584,-0.70075804,0,0,1
0,-0.80405325,-0.6124808,0.20247962,-0.12010892,0.9325082,0.11271411,0.6995333,0,0,1
0,-1.3048747,-1.1532751,1.4457684,-1.3078618,-1.5200126,-1.1276811,0.89957476,0,1,0
0,-0.80405325,-0.8152864,-1.0352834,1.6665112,-1.3156358,1.6272937,0.39947057,0,1,0
0,1.9504648,1.8210422,-0.7645228,0.9977762,0.33509928,0.98195463,-1.2008623,1,0,0
0,0.34784535,0.13109854,0.55060047,-0.85871154,-0.938325,-0.8329898,-0.50071657,0,1,0
0,-0.20306134,0.53666854,-0.22852716,0.68836176,0.13072254,1.002091,1.1996374,0,1,0
0,-0.90420836,-1.4236621,1.3573568,-1.6572008,1.1526061,-1.779807,-0.3006751,0,1,0
0,0.34784535,-0.27449208,-0.83635724,1.1075684,0.82245916,1.0675781,-1.100842,0,0,1
0,-0.4033869,-1.0856733,-0.3556189,-0.13008988,-1.3470784,-0.28437752,-0.8007793,0,1,0
0,-0.5536425,-0.00410521,-0.106961146,-0.43950474,-0.938325,-0.57445997,1.0996172,0,0,1
0,0.44800046,0.46908727,-0.12353833,0.16934362,1.6085235,0.31877458,-0.20065387,0,1,0
0,0.6984112,0.67187226,0.89319557,-1.1581451,0.3036567,-1.1412065,-0.40069535,0,1,0
0,0.8486668,0.46908727,0.56165195,-0.80880594,1.3255403,-0.7467317,-1.0008208,0,1,0
0,-0.35331696,-0.8828677,-0.8087286,1.4169832,-0.4352438,1.5142294,-0.6007378,0,1,0
0,-0.95429355,-0.6800827,-0.5600708,0.13940035,-0.74966955,-0.04505605,0.89957476,1,0,0
0,-0.45347208,0.063496664,-0.60980237,0.2891171,-0.1837032,0.12788002,0.999596,1,0,0
0,0.7484964,0.33388352,-0.007498046,0.4288525,-1.0169314,0.7947907,-1.0008208,1,0,0
0,-1.35496,-1.1532751,-0.18432134,-0.29976895,-0.84399724,-0.41723618,0.999596,1,0,0
0,-0.85413843,-0.27449208,-0.38877326,1.4768697,1.3098191,2.0025601,1.2996587,0,0,1
0,-1.054464,-1.4912639,-0.91924316,1.0177386,0.35082054,0.8720545,-0.10063361,0,1,0
0,-0.95429355,-0.8828677,-0.068281054,0.29909807,-0.81255466,0.5533501,0.599513,0,0,1
0,-1.6053706,-1.6940489,-0.38324755,0.5885506,0.38226312,0.7302995,0.6995333,0,0,1
0,0.34784535,0.67187226,-0.42745337,0.18930593,0.2879354,0.123358525,0.2994503,0,1,0
0,-1.1045492,-1.7616508,1.1750077,-1.3877106,-0.8754398,-1.3932719,-0.40069535,0,0,1
0,-1.2047043,-0.6124808,-0.80320287,0.9977762,-0.71822697,0.9477757,1.4997002,0,1,0
0,-0.7038828,-0.071707085,0.296417,-0.25984433,-0.95404625,-0.040661592,1.2996587,0,1,0
0,-1.0043788,-1.4912639,-0.26168153,0.019626869,1.4041468,-0.0015804745,-0.20065387,0,0,1
0,-0.6537976,-0.2068902,0.49534318,-1.2080506,0.4451483,-1.4204296,0.999596,0,0,1
0,1.3494883,0.46908727,0.3185199,0.18930593,-1.4571275,0.67574006,-2.001029,0,1,0
0,-0.6037277,-1.0856733,-0.36667037,0.10945669,0.319378,0.053291727,-0.40069535,0,1,0
0,-0.4033869,-0.8152864,-0.20089853,-0.25984433,0.02067353,-0.36936617,-0.40069535,0,0,1
0,-0.20306134,0.6042704,-0.36114463,-0.030278714,-0.6867844,-0.14421432,1.2996587,0,0,1
0,0.39791524,0.19867977,-0.007498046,-0.38959914,1.4198681,-0.43678653,-0.50071657,0,1,0
0,-0.80405325,-0.54487896,-0.7755742,0.5186827,0.2722141,0.31642094,0.79955447,0,0,1
0,-1.35496,-1.1532751,-0.21194997,-0.17999546,-1.6615041,-0.25940728,0.999596,0,0,1
0,-0.35331696,-0.8828677,-0.44403055,-0.43950474,-0.32519478,-0.78652585,-0.6007378,0,0,1
0,0.097434595,-0.34209394,1.0479159,-1.1581451,0.36654183,-1.0635515,-0.70075804,0,1,0
0,-1.35496,-1.2208564,1.1860591,-1.317843,0.2722141,-1.2682742,0.89957476,0,1,0
0,-0.50355726,-0.00410521,0.7329495,-0.6790513,0.57091856,-0.43789983,0.999596,0,1,0
0,-0.85413843,-0.4096958,1.5286543,-1.7370497,0.47659084,-1.8508409,1.0996172,0,0,1
0,-0.85413843,-1.626447,2.224896,-1.9366721,1.0739998,-1.9520496,-0.70075804,0,1,0
0,-1.2547895,-0.95046955,-1.0352834,1.2572851,-1.5042913,1.0859764,1.0996172,0,1,0
0,-0.45347208,0.26628166,0.05881069,0.38892826,-0.45096508,0.78615797,1.2996587,0,1,0
0,1.0990776,1.1450647,0.20247962,-0.59920245,-1.2527508,-0.6260214,-0.50071657,0,0,1
0,1.2493179,0.26628166,-0.6484825,0.18930593,0.759574,-0.04031007,-2.10105,1,0,0
0,2.1007204,2.294214,0.55060047,-0.7289569,-0.70250565,-0.6249176,-0.8007793,0,1,0
1,0.29776013,1.2802478,-0.92476887,2.005869,1.6399661,2.1935713,1.2996587,0,1,0
0,0.8486668,0.33388352,-0.44955626,0.13940035,0.71241015,0.03580178,-1.2008623,0,0,1
0,-0.95429355,-0.74768454,-1.2507868,1.0576627,0.0049522435,0.62920785,0.79955447,0,1,0
0,-1.1045492,-1.4912639,0.3185199,-0.17999546,-1.5200126,0.09871068,-0.0006123865,0,1,0
0,0.44800046,0.6042704,-0.34456745,0.14938131,-0.12081805,0.12703992,-0.0006123865,0,1,0
0,0.14750452,-0.4096958,-0.38324755,-0.64910805,0.6338037,-1.0497434,-0.9007995,0,1,0
0,1.9003797,1.7534404,0.79925823,-1.068315,0.9325082,-1.0403489,-1.2008623,0,0,1
0,-0.6037277,-0.2068902,-1.123695,1.0277195,-1.0012101,0.70371825,0.89957476,0,1,0
0,1.0990776,1.009861,-0.69821405,0.34900364,-0.38807994,0.14364152,-0.70075804,0,1,0
0,0.19758973,-0.071707085,-0.576648,1.4768697,-0.59245664,1.8206102,-0.50071657,0,1,0
0,1.2994031,0.19867977,1.0037102,-1.2579561,-0.45096508,-1.2538017,-2.301092,1,0,0
0,-0.15297614,0.80707604,-1.0352834,1.2073796,1.0739998,1.0199621,1.4997002,0,1,0
0,1.8503097,1.9562253,-0.1566927,0.09947573,-1.1741443,0.19105256,-0.8007793,0,0,1
0,-1.2547895,-0.95046955,0.8545155,-1.2878995,-1.1269804,-1.3756745,1.0996172,0,1,0
0,1.1491475,0.063496664,-0.14564124,0.039589178,-1.3470784,0.110409655,-2.2010705,0,1,0
0,-1.0043788,-1.4912639,-0.31141308,1.0876064,-1.2841933,1.5126767,-0.20065387,0,0,1
0,1.1491475,0.13109854,-0.80320287,1.5367566,-0.7968334,1.6828785,-2.10105,0,1,0
0,0.7484964,0.33388352,-0.576648,0.4587958,0.429427,0.39124373,-1.0008208,0,1,0
0,2.1007204,2.294214,1.108699,-1.1781071,-0.46668637,-1.067028,-0.8007793,0,1,0
0,-1.5552855,-1.4236621,0.478766,-1.0084282,1.0897211,-1.1110313,0.999596,0,1,0
0,1.7000542,1.8886235,-0.4992878,0.38892826,-0.21514577,0.35316846,-0.6007378,0,1,0
0,-0.45347208,0.26628166,-0.068281054,0.39890924,0.649525,0.7024684,1.2996587,0,1,0
0,-0.95429355,-1.4912639,-0.8860888,0.90794605,0.429427,0.7533363,-0.3006751,0,1,0
0,-1.8056961,-1.7616508,-0.15116698,-0.31973127,-0.9697675,-0.42508757,0.999596,0,1,0
0,-1.6053706,-1.7616508,-0.46613345,0.9877953,-0.08937548,1.2314129,0.599513,0,0,1
0,0.7985816,0.80707604,-0.6871626,0.64843714,-0.4038012,0.5666796,-0.40069535,0,0,1
0,-0.0027358106,1.009861,0.6997951,-0.7988248,0.319378,-0.652583,1.4997002,0,1,0
0,1.0990776,0.80707604,0.5008689,-0.39958012,0.96395075,-0.12837498,-1.0008208,0,1,0
0,-1.1045492,-1.6940489,0.5063946,-1.0084282,0.57091856,-1.0964319,-0.3006751,0,1,0
0,-1.35496,-1.4912639,-0.8529344,0.43883386,0.96395075,0.14642453,0.49949178,0,1,0
0,0.047349393,-0.6124808,1.0589675,-0.9585227,-0.24658835,-0.7199255,-1.0008208,0,0,1
0,0.49808568,-0.27449208,-0.7866257,0.7981539,0.429427,0.68957776,-1.4009037,0,0,1
0,-1.4551151,-1.2884582,-1.0352834,0.43883386,-1.6929468,0.0033412627,0.999596,0,0,1
0,-1.35496,-0.8828677,0.29089126,-0.55927783,0.7910166,-0.51071095,1.399679,0,1,0
0,-1.9559366,-1.8968339,0.44008592,-1.0283904,-1.4256848,-1.163091,1.0996172,0,0,1
0,0.6984112,0.67187226,-0.38324755,0.05955111,-0.34091607,-0.030525334,-0.40069535,0,1,0
0,0.29776013,-0.13930896,0.49534318,-0.2398824,0.85390174,0.12263591,-0.8007793,0,1,0
0,0.7985816,0.26628166,0.119593695,-0.469448,0.759574,-0.47765484,-1.2008623,0,1,0
0,-0.6037277,-0.13930896,2.0535984,-1.8368609,0.2879354,-1.8277946,0.999596,1,0,0
0,-0.6537976,-0.27449208,-0.8695116,0.80813485,1.2312126,0.6327627,0.89957476,0,0,1
0,0.7484964,0.4014854,-1.0076548,0.20926785,1.6399661,-0.27976814,-0.9007995,0,1,0
0,0.29776013,-0.4096958,-0.37772182,0.4088902,2.1430473,0.4762128,-1.2008623,0,1,0
0,-0.7038828,-0.071707085,-0.43297908,0.5685883,-0.92260367,0.66142386,1.2996587,0,1,0
0,1.8503097,1.8210422,-0.394299,0.32904133,0.94822943,0.3486078,-1.0008208,0,1,0
0,-0.45347208,0.4014854,0.34614855,-0.030278714,0.57091856,0.35202602,1.4997002,0,1,0
0,0.99890715,0.26628166,0.28536552,-1.0184094,-0.04221162,-1.2287632,-1.6009462,0,1,0
0,-1.5552855,-1.3560601,-1.2231581,1.3471153,-0.30947348,1.0271688,1.0996172,1,0,0
0,0.39791524,-0.071707085,-0.52691644,0.59853154,1.1368849,0.62786007,-0.9007995,0,0,1
0,2.0506353,2.159031,-0.62085384,0.68836176,0.24077155,0.6769121,-0.9007995,0,0,1
0,1.649969,1.212646,-0.2782587,0.9378897,-0.6867844,1.3243895,-1.500925,0,0,1
0,0.8987367,0.8746573,0.06433642,-0.41954243,-0.73394823,-0.4363963,-0.50071657,0,1,0
1,0.39791524,0.4014854,0.20800534,-0.20993873,1.8757854,-0.022097504,-0.20065387,0,1,0
0,-1.1546191,-0.34209394,2.694583,-2.0165212,-1.0798166,-1.9394135,1.7997628,0,0,1
1,-0.35331696,-0.95046955,-0.8584601,1.3570963,1.7342938,1.3855016,-0.70075804,0,1,0
0,0.44800046,0.6042704,1.191585,-1.2080506,0.6338037,-1.0771356,-0.0006123865,0,1,0
0,-0.35331696,-1.0180714,-0.72031695,0.4787581,-0.26230964,0.30552292,-0.8007793,0,1,0
0,-1.0043788,-0.95046955,-0.32246453,0.24919248,-0.84399724,0.28787678,0.599513,0,1,0
0,-0.6037277,-0.13930896,0.32957137,-0.6391271,0.36654183,-0.6121154,0.999596,0,1,0
0,0.34784535,-0.27449208,-0.18984707,-0.50937223,-1.5828978,-0.7294862,-1.100842,0,1,0
0,-0.95429355,-1.626447,-0.9689747,1.3770586,0.33509928,1.3074564,-0.50071657,0,1,0
0,1.1992327,0.063496664,0.3185199,-1.1082394,1.1211636,-1.3516614,-2.301092,1,0,0
0,-0.30323175,-0.00410521,-0.15116698,0.3190604,-0.95404625,0.5198937,0.599513,0,0,1
0,-0.6037277,-0.95046955,-0.2948359,0.18930593,-0.24658835,0.22155969,-0.20065387,0,0,1
0,1.2493179,1.0774629,-0.7700485,1.3970209,1.3884255,1.5239363,-0.9007995,0,1,0
0,0.14750452,0.19867977,0.90977275,-1.0483527,-1.6929468,-0.94984293,-0.0006123865,0,1,0
0,1.1992327,0.94225913,0.13617088,-0.4993913,0.22505026,-0.51313287,-1.0008208,0,1,0
0,-1.2047043,-0.4096958,-1.1789523,0.9778139,1.4355893,0.58985305,1.7997628,0,1,0
0,-1.3048747,-1.0856733,-0.58217376,-0.0103164045,-1.6615041,-0.27128202,0.999596,0,1,0
0,0.19758973,-0.13930896,-0.79767716,0.80813485,1.467032,0.6938256,-0.6007378,0,1,0
0,-0.052821014,-0.34209394,1.2855222,-1.6472197,0.9325082,-1.792209,-0.40069535,0,1,0
0,1.0489924,0.063496664,1.1805334,-1.1082394,1.0739998,-0.91139656,-2.001029,0,1,0
0,1.4997287,1.8210422,2.6780057,-2.00654,-0.08937548,-1.9254488,-0.3006751,0,1,0
0,0.99890715,0.80707604,1.6889004,-1.2679373,-0.98548883,-0.9400286,-0.8007793,0,1,0
0,-0.50355726,0.13109854,0.48981747,-0.41954243,-0.6867844,-0.16720201,1.1996374,0,0,1
0,0.097434595,-0.34209394,0.13617088,-0.65908897,1.1840488,-0.75750315,-0.70075804,0,0,1
0,0.34784535,0.19867977,-0.035126686,-0.43950474,1.4198681,-0.52926546,-0.40069535,0,1,0
0,0.19758973,-0.00410521,-1.4220843,2.6047359,-1.0640953,2.416516,-0.40069535,0,1,0
1,-0.20306134,-0.54487896,1.8104664,-1.6572008,1.8443428,-1.5924281,-0.40069535,0,0,1
0,-0.80405325,-0.95046955,0.28536552,-0.3297122,0.22505026,-0.1567238,0.1994291,0,1,0
0,1.9003797,1.6858385,-0.94687176,1.2572851,0.24077155,1.168162,-1.3008834,0,1,0
0,0.44800046,0.46908727,-1.0352834,0.63845617,1.6399661,0.26739845,-0.20065387,0,1,0
0,-0.5536425,-0.071707085,-0.91924316,1.2073796,0.0049522435,1.1268055,0.999596,0,1,0
0,1.2493179,0.26628166,-0.62085384,0.6783804,1.1211636,0.66297656,-2.10105,0,1,0
0,2.00055,1.9562253,-0.24510434,0.6584181,-1.6929468,0.94455326,-1.100842,1,0,0
0,1.2994031,0.26628166,-0.48823637,0.30907902,-1.1427017,0.2483854,-2.2010705,0,0,1
0,2.1007204,2.4294178,-0.15116698,-0.65908897,0.60236114,-0.9271089,-0.6007378,0,0,1
0,-0.5536425,-0.071707085,-0.07380678,-0.45946667,-0.1837032,-0.583405,0.999596,0,1,0
0,-1.054464,-1.5588452,0.2798398,-0.5393159,-0.7968334,-0.48637545,-0.20065387,0,1,0
0,1.2493179,0.7394741,1.716529,-1.667182,1.4984745,-1.6493411,-1.4009037,1,0,0
0,1.7501394,1.3478497,1.1971107,-1.0283904,-1.2527508,-0.76574516,-1.500925,0,1,0
0,2.1507905,2.4294178,-0.2782587,0.029607834,1.3884255,0.0011829655,-0.70075804,0,0,1
0,1.3494883,1.4830534,-0.5545451,0.24919248,0.8853443,0.11356377,-0.50071657,0,0,1
0,1.9504648,2.091429,-1.0850149,2.1356237,-1.4728488,2.1938646,-0.8007793,0,0,1
1,-0.4033869,-0.6124808,-1.0739635,2.0657558,1.3098191,2.1139145,-0.10063361,0,1,0
0,-0.25314656,-0.54487896,-1.2452611,2.1755478,-0.98548883,2.0713086,-0.3006751,0,0,1
0,0.19758973,1.2802478,-1.1292208,1.8262088,-1.5514551,1.7417545,1.4997002,0,0,1
0,2.1507905,2.361816,-0.4164019,-0.3297122,1.356983,-0.6118809,-0.8007793,0,1,0
0,1.1491475,0.94225913,-0.92476887,0.59853154,-0.34091607,0.30442917,-0.9007995,1,0,0
0,2.2008755,2.4970198,0.37377718,-0.64910805,-1.6143403,-0.60155886,-0.70075804,0,1,0
0,2.1007204,2.294214,1.108699,-1.6272573,-0.34091607,-1.8316617,-0.8007793,0,1,0
0,-0.90420836,-1.0856733,0.6997951,-0.5393159,-0.52957153,-0.22958364,0.1994291,0,1,0
1,-0.753968,-1.2208564,-1.3170955,2.6246986,-1.0326527,2.5645697,-0.3006751,0,1,0
0,0.34784535,0.19867977,-0.44955626,-0.0003354402,1.5613596,-0.16353017,-0.40069535,0,1,0
0,0.7484964,0.063496664,-0.394299,0.079513416,-1.1898656,-0.00978337,-1.4009037,0,0,1
0,-1.8557814,-1.7616508,1.2192135,-1.1581451,-0.81255466,-0.97757703,1.0996172,0,1,0
0,-1.755611,-1.7616508,-1.0463349,1.5567186,-0.60817796,1.4712029,0.89957476,0,0,1
0,-1.2047043,-0.27449208,0.7163723,-0.7888438,0.74385273,-0.62690973,1.9998044,1,0,0
0,0.49808568,0.8746573,0.3185199,-0.080184296,-0.6553418,0.2546645,0.2994503,1,0,0
0,-0.6537976,-0.00410521,0.539549,-0.8187871,-1.0326527,-0.7751784,1.2996587,0,1,0
0,-0.95429355,-1.2208564,-1.0905406,0.80813485,-0.84399724,0.4448756,0.09940883,0,0,1
0,0.7484964,0.53666854,0.48981747,-0.3596555,0.9325082,-0.07181347,-0.70075804,0,0,1
0,0.44800046,0.26628166,-0.9081917,0.46877712,-0.32519478,0.14334828,-0.50071657,0,0,1
0,0.39791524,1.3478497,-0.8695116,0.92790836,1.0897211,0.79471236,1.1996374,0,1,0
0,-0.80405325,-0.27449208,0.6390121,-0.9784848,0.60236114,-0.9778698,1.1996374,0,1,0
0,-0.90420836,-0.74768454,-0.52691644,1.3071907,-0.38807994,1.6290513,0.6995333,0,1,0
0,0.39791524,-0.34209394,-0.32246453,0.4488148,-0.92260367,0.57712865,-1.3008834,0,0,1
0,-0.90420836,-0.8152864,-0.38324755,0.32904133,-0.73394823,0.35706478,0.599513,1,0,0
0,-0.7038828,-1.0856733,-0.7866257,0.63845617,-1.1269804,0.47130063,-0.20065387,0,1,0
0,-1.2547895,-0.4096958,-0.20089853,0.05955111,0.57091856,0.1003121,1.8997831,0,1,0
0,-0.7038828,-0.4096958,-0.4164019,-0.3097499,1.1211636,-0.58328754,0.79955447,0,0,1
0,-0.35331696,-0.54487896,-0.1566927,-0.27980664,0.33509928,-0.36965895,-0.10063361,0,1,0
0,-0.30323175,0.53666854,0.48981747,0.019626869,0.052116103,0.5323153,1.399679,0,0,1
0,-0.90420836,-0.6800827,0.12511942,-0.22990105,-1.1269804,-0.10812113,0.79955447,1,0,0
0,-0.6037277,-0.6124808,-0.8087286,1.2572851,0.9325082,1.2965775,0.2994503,0,1,0
0,-0.50355726,0.063496664,-0.68163687,0.5885506,-0.95404625,0.48825374,1.0996172,0,1,0
0,0.6984112,0.7394741,-0.25063008,0.18930593,0.539476,0.2542934,-0.3006751,0,1,0
0,-1.054464,-1.4912639,0.6942694,-0.60918343,-0.08937548,-0.34677872,-0.10063361,0,1,0
0,0.34784535,0.4014854,-0.18984707,0.05955111,1.1211636,0.10824179,-0.10063361,1,0,0
0,-0.50355726,-0.34209394,1.777312,-1.667182,-0.5452928,-1.6243122,0.49949178,0,1,0
0,1.7000542,1.2802478,-0.16221842,0.2192492,-1.1269804,0.3639982,-1.500925,0,0,1
0,-1.7055258,-1.626447,1.4899743,-1.4875218,-0.34091607,-1.4246483,0.999596,0,1,0
0,-0.95429355,-1.0180714,0.6942694,-1.0383716,-1.378521,-1.0459349,0.39947057,0,1,0
0,1.8002245,1.8210422,0.88214415,-0.8487304,-0.04221162,-0.6324175,-0.9007995,0,0,1
0,2.00055,2.091429,-0.83635724,1.317172,-0.26230964,1.352221,-0.9007995,1,0,0
0,-0.7038828,-1.1532751,0.27431408,-0.5892215,1.0425571,-0.56734073,-0.3006751,0,0,1
0,-1.2047043,-1.0856733,0.90424705,-0.85871154,1.5299171,-0.63674366,0.79955447,1,0,0
1,-0.0027358106,0.94225913,0.843464,-1.0982583,1.7028512,-1.067028,1.399679,0,0,1
0,0.097434595,1.0774629,-0.23957862,0.10945669,-0.74966955,0.14560401,1.399679,1,0,0
0,-1.1546191,-1.2884582,3.5897508,-2.4357278,1.2312126,-2.5239916,0.39947057,0,0,1
0,0.8987367,0.53666854,-0.96344894,0.8181162,1.4355893,0.5662402,-1.0008208,0,0,1
0,0.047349393,0.4014854,1.4899743,-1.5673709,-0.16798191,-1.5659735,0.49949178,0,1,0
0,-0.15297614,-0.4772977,-0.58217376,-0.15005219,0.3036567,-0.4673328,-0.40069535,0,1,0
0,-0.052821014,-0.4096958,-0.39982474,0.11943804,-1.378521,0.04353568,-0.50071657,0,1,0
0,-1.6053706,-1.4912639,0.8545155,-0.6990136,0.115001254,-0.39965835,0.999596,0,0,1
0,0.24767493,1.1450647,-0.52139074,0.4787581,-0.38807994,0.46301988,1.1996374,0,1,0
0,-0.0027358106,0.8746573,0.90424705,-0.9585227,-0.35663736,-0.80304915,1.2996587,0,1,0
0,0.097434595,1.0774629,-0.92476887,0.9179274,1.3727041,0.7331708,1.399679,0,1,0
0,-0.6037277,-0.95046955,1.8380951,-1.7470309,-0.4038012,-1.7455306,-0.20065387,0,1,0
0,-0.10290622,-0.34209394,-0.24510434,-0.040260058,-1.5357338,-0.07739909,-0.3006751,0,1,0
0,-0.753968,-0.8828677,0.38482863,-0.469448,0.14644383,-0.3121895,0.1994291,0,1,0
0,0.49808568,0.53666854,2.407245,-2.0265021,-1.4256848,-2.059245,-0.20065387,0,1,0
0,1.0489924,0.33388352,-0.83083147,0.9578516,0.96395075,0.8691053,-1.6009462,0,1,0
0,1.1491475,0.94225913,-1.0739635,0.75822926,-0.63962054,0.39329457,-0.9007995,0,0,1
0,-0.753968,-0.27449208,0.18037671,-0.6990136,0.3036567,-0.79281497,1.0996172,0,0,1
0,0.34784535,0.67187226,-0.8971402,0.9877953,0.25649282,0.8513226,0.2994503,0,1,0
0,0.14750452,0.19867977,-1.0739635,0.62847483,-0.9068824,0.22254594,-0.0006123865,0,1,0
0,-1.5552855,-1.4912639,-0.34456745,-0.27980664,0.82245916,-0.4931723,0.89957476,0,0,1
0,0.648326,0.4014854,-0.068281054,0.39890924,0.09927996,0.7024684,-0.70075804,1,0,0
0,1.1992327,0.19867977,-0.106961146,-0.83874923,0.20932898,-1.168198,-2.10105,0,1,0
0,0.44800046,1.4830534,1.5010257,-1.677163,-0.56101406,-1.7557647,1.2996587,0,1,0
0,2.1007204,2.226612,-0.71479124,1.1574739,-0.95404625,1.2462076,-0.9007995,0,1,0
0,0.99890715,1.009861,-0.95792323,1.2273419,-0.84399724,1.11787,-0.50071657,0,0,1
0,-1.0043788,-0.6800827,0.12511942,-0.080184296,0.74385273,0.12068296,0.999596,0,0,1
0,-1.4050299,-1.3560601,-0.576648,0.29909807,1.4827532,0.16702944,0.79955447,1,0,0
0,0.19758973,1.212646,0.3406228,-0.38959914,-1.6929468,-0.21469139,1.399679,0,1,0
0,-0.50355726,-0.95046955,0.6279607,-0.8287681,-0.12081805,-0.7416342,-0.40069535,0,1,0
0,0.047349393,0.33388352,-0.25063008,0.41887155,0.14644383,0.58985305,0.39947057,0,1,0
0,0.648326,0.4014854,-0.10143542,-0.36963683,0.9167869,-0.4670109,-0.70075804,0,1,0
0,-1.35496,-0.8828677,0.05328496,-0.38959914,1.7342938,-0.39800823,1.399679,0,1,0
0,1.7501394,1.7534404,-0.74241984,1.1574739,-0.71822697,1.2210125,-0.9007995,0,0,1
0,-0.15297614,-0.54487896,0.3185199,-0.70899457,0.429427,-0.7278452,-0.50071657,0,0,1
0,-0.15297614,-0.6124808,-0.6761111,1.0077572,1.2469339,1.0739158,-0.6007378,0,1,0
0,-1.35496,-0.8828677,-0.40535045,-0.16003315,-1.268472,-0.36133903,1.399679,0,0,1
0,-1.1045492,-0.8152864,0.04775923,-0.3097499,-0.6867844,-0.28059822,0.999596,0,1,0
0,0.34784535,0.53666854,0.13064516,-0.61916476,-0.057932902,-0.6997113,0.09940883,0,1,0
0,-0.35331696,-0.6124808,0.06986214,0.069532454,0.19360769,0.30974162,-0.20065387,1,0,0
0,-1.4551151,-1.2884582,0.5174461,-0.66907036,1.3255403,-0.548396,0.999596,0,1,0
0,1.3995582,1.4830534,0.78820676,-0.9086171,-0.7811121,-0.7832643,-0.6007378,0,1,0
0,0.7484964,0.33388352,0.06433642,-0.56925917,0.9167869,-0.66358894,-1.0008208,1,0,0
0,-2.2063472,-2.7080152,-0.93582034,1.2373232,0.115001254,1.1516778,0.39947057,0,1,0
1,-1.2047043,-0.27449208,-0.21194997,0.9778139,1.797179,1.4409107,1.9998044,0,1,0
0,-1.054464,-1.626447,-0.20089853,0.069532454,0.25649282,0.11498943,-0.3006751,0,1,0
0,0.24767493,-0.4772977,0.19142815,-0.64910805,-0.105096765,-0.70951563,-1.2008623,0,1,0
0,0.19758973,0.8746573,0.37930292,-0.4894103,0.09927996,-0.34704235,0.89957476,0,1,0
0,-1.0043788,-0.54487896,-0.106961146,-0.20993873,-0.2937522,-0.23306012,1.1996374,1,0,0
0,1.8002245,1.7534404,-0.22852716,0.019626869,0.74385273,0.02197365,-1.0008208,1,0,0
0,-1.0043788,-1.5588452,-0.057229597,-0.5892215,-1.5200126,-0.7671417,-0.3006751,0,1,0
0,-1.2047043,-0.95046955,-1.5768048,0.57856923,-1.2055868,-0.25013027,0.999596,0,0,1
0,0.34784535,0.7394741,-0.5600708,0.6584181,-0.07365419,0.68516374,0.39947057,0,0,1
0,-0.4033869,-0.6800827,0.009079138,-0.36963683,-0.057932902,-0.39611357,-0.20065387,0,0,1
0,-0.10290622,-0.27449208,-0.58217376,0.7981539,-0.4038012,0.863012,-0.20065387,0,0,1
0,0.29776013,1.212646,-0.37772182,0.13940035,-1.0798166,0.08835905,1.1996374,0,1,0
0,0.14750452,-0.54487896,-0.7811,1.4369456,1.4198681,1.5679979,-1.100842,0,1,0
0,-0.45347208,0.19867977,-0.5434936,0.38892826,-0.21514577,0.31887203,1.1996374,0,0,1
0,-0.90420836,-0.6124808,-0.60980237,0.8480595,0.8853443,0.9093489,0.89957476,0,1,0
0,0.19758973,-0.4772977,-0.69821405,1.0277195,-0.105096765,1.081943,-1.100842,0,1,0
0,-0.6537976,-0.54487896,-0.71479124,0.5586069,-0.95404625,0.420052,0.49949178,0,0,1
0,-1.2047043,-0.8152864,-0.3556189,0.29909807,0.1778864,0.33499506,1.1996374,0,1,0
0,0.59825605,-0.071707085,-0.4992878,0.548626,-1.3313571,0.5795702,-1.3008834,0,1,0
0,-0.95429355,-1.5588452,-0.09038396,-0.22990105,-0.4352438,-0.25170255,-0.40069535,0,1,0
0,0.7484964,0.4014854,-0.9137174,0.66839945,-1.1898656,0.40733716,-0.9007995,0,1,0
0,-1.2047043,-1.1532751,0.30746844,-0.56925917,-1.0483739,-0.5162091,0.6995333,0,1,0
0,-1.6053706,-1.626447,-0.14564124,-0.0003354402,0.35082054,0.05130919,0.79955447,0,1,0
0,-1.3048747,-1.0180714,-0.71479124,0.38892826,-0.95404625,0.18597464,1.0996172,0,1,0
0,-0.6537976,0.13109854,-0.7479456,1.0277195,-0.84399724,1.0377347,1.4997002,0,1,0
0,0.34784535,0.6042704,-0.394299,0.17932458,0.067837395,0.1335731,0.1994291,0,0,1
0,-1.4050299,-1.1532751,0.20247962,-0.469448,0.08355868,-0.42594725,1.0996172,0,1,0
0,-1.054464,-0.6800827,-0.040652413,-0.2398824,-0.95404625,-0.23352912,1.0996172,0,1,0
0,-0.90420836,-1.4236621,0.06433642,-0.39958012,1.2312126,-0.40610364,-0.3006751,0,1,0
0,-0.6537976,-0.27449208,-0.9689747,0.48873943,-0.02649033,0.12197157,0.89957476,0,1,0
0,-1.35496,-1.2884582,0.15827379,-0.55927783,1.356983,-0.5913343,0.79955447,0,1,0
0,-0.20306134,-0.6124808,0.114067964,-0.28978798,-0.5452928,-0.20688872,-0.50071657,0,0,1
0,2.1007204,2.091429,0.37930292,-0.88865477,-1.378521,-0.9751551,-1.100842,0,0,1
0,0.648326,0.53666854,-0.04617814,1.3371344,-0.7968334,2.1250377,-0.50071657,0,1,0
0,-0.80405325,-0.071707085,1.0258131,-1.2180318,-1.3627998,-1.1757174,1.4997002,0,1,0
0,-1.0043788,-0.8152864,1.2026364,-1.0882771,-0.5767354,-0.8657918,0.79955447,0,1,0
0,0.14750452,1.0774629,-0.62085384,1.6166055,-1.5671765,1.9728922,1.2996587,1,0,0
0,0.19758973,0.33388352,0.00355341,-0.65908897,-1.1898656,-0.8357828,0.09940883,0,0,1
0,-0.95429355,-0.74768454,-0.333516,0.33902267,-0.04221162,0.40956375,0.79955447,0,0,1
0,-1.3048747,-1.0856733,0.44561163,-0.41954243,1.68713,-0.19517018,0.999596,0,0,1
0,-1.3048747,-1.2884582,1.0479159,-0.8287681,1.5141958,-0.50636524,0.6995333,0,1,0
0,-1.0043788,-0.6800827,-0.72031695,0.90794605,-0.35663736,0.8971809,0.999596,0,0,1
0,-0.95429355,-0.8828677,0.23010825,0.73826736,-0.8911611,1.459426,0.599513,0,0,1
0,0.99890715,0.7394741,-0.758997,0.77819157,1.1683275,0.68563277,-0.9007995,0,1,0
0,-0.80405325,-0.74768454,0.54507476,-0.75890017,0.02067353,-0.67609847,0.49949178,0,1,0
0,0.44800046,0.7394741,-1.184478,2.1356237,-0.30947348,2.0859368,0.1994291,0,0,1
1,1.0990776,0.063496664,-0.94687176,1.1574739,-1.5042913,1.0345712,-2.10105,0,0,1
0,0.648326,0.53666854,-0.4937621,0.68836176,-0.7653908,0.7822516,-0.50071657,0,1,0
0,0.29776013,1.3478497,-0.32246453,0.089494765,0.38226312,0.056474987,1.399679,0,1,0
0,-0.80405325,-1.2884582,-0.9081917,1.077625,-0.21514577,0.96242386,-0.3006751,0,1,0
0,-1.6053706,-1.4236621,0.3958801,-0.45946667,-0.56101406,-0.28956288,1.0996172,0,1,0
0,-0.753968,-1.2208564,0.13064516,0.4587958,0.869623,0.9487328,-0.3006751,1,0,0
0,-1.4551151,-1.0856733,-0.057229597,0.039589178,0.9010656,0.17353347,1.2996587,0,1,0
0,0.6984112,0.46908727,0.24668543,-0.7788625,-1.4256848,-0.8778915,-0.70075804,0,1,0
0,-0.30323175,-0.54487896,0.37377718,-0.8287681,0.5866399,-0.8840335,-0.20065387,0,1,0
0,1.649969,1.4154516,-0.6705854,0.46877712,-0.38807994,0.33104956,-1.2008623,0,1,0
0,0.14750452,1.212646,0.15274806,-0.22990105,1.1368849,-0.08971368,1.4997002,0,1,0
0,-0.35331696,-0.6124808,0.17485097,-0.1700145,-0.7653908,0.017061932,-0.20065387,0,0,1
0,-0.45347208,-0.74768454,-0.3500932,0.2691548,1.8443428,0.29595265,-0.20065387,0,0,1
0,-1.054464,-1.626447,-0.18984707,0.009645524,0.9167869,0.03475678,-0.3006751,0,0,1
0,1.9003797,2.0238273,-0.22300144,0.22923017,-1.0955378,0.3333053,-0.8007793,0,1,0
0,-0.6037277,-0.071707085,-0.5434936,0.15936227,-0.71822697,-0.0047833147,1.0996172,0,1,0
0,1.2994031,0.26628166,0.60585773,-0.98846596,-0.71822697,-1.0116681,-2.2010705,1,0,0
0,1.9504648,2.091429,0.6942694,-1.0383716,-1.6929468,-1.0459349,-0.8007793,0,1,0
0,0.44800046,0.67187226,-0.5600708,0.8979651,-0.73394823,1.0221882,0.09940883,0,1,0
0,1.1491475,1.212646,0.09749078,-0.5892215,1.2154913,-0.67390096,-0.50071657,0,0,1
0,0.29776013,0.46908727,0.9152985,-0.8786736,1.1526061,-0.66391134,0.09940883,0,0,1
0,-0.35331696,-0.95046955,-0.22852716,-0.050241023,-0.95404625,-0.080426626,-0.70075804,1,0,0
0,-1.2547895,-1.0180714,-0.018549502,-0.3097499,0.0049522435,-0.32383975,0.999596,0,1,0
0,-1.8056961,-1.8968339,1.1529047,-1.4675597,0.57091856,-1.5400265,0.79955447,0,1,0
1,0.34784535,0.6042704,-1.0131805,2.5248873,-0.6553418,2.7882478,0.1994291,0,1,0
0,0.34784535,0.67187226,2.4403994,-2.00654,-0.13653934,-2.0090113,0.2994503,1,0,0
0,-0.35331696,-0.00410521,-0.91924316,0.4787581,1.7814577,0.14802594,0.6995333,1,0,0
0,-1.054464,-1.626447,-0.11248688,0.39890924,-1.1112591,0.6680936,-0.3006751,0,0,1
0,-0.4033869,-0.8828677,-0.7645228,0.69834274,1.4198681,0.5715139,-0.50071657,0,0,1
0,0.19758973,1.3478497,-0.95792323,0.29909807,0.14644383,-0.12271103,1.5997214,0,1,0
0,1.0489924,0.53666854,0.4566631,-0.31973127,-0.98548883,-0.029783135,-1.3008834,0,1,0
0,-0.95429355,-1.7616508,-0.9745004,2.005869,1.2469339,2.1407504,-0.70075804,0,0,1
0,1.8002245,1.6182365,-0.43850482,1.3670776,1.6714087,1.7975638,-1.2008623,1,0,0
0,-1.5052003,-1.4912639,0.38482863,-0.43950474,1.3412616,-0.26505163,0.79955447,0,1,0
0,0.8486668,0.7394741,-0.7755742,1.506813,0.759574,1.6689434,-0.6007378,0,1,0
0,0.54817086,0.7394741,-0.38324755,0.05955111,0.8067379,-0.030525334,-0.0006123865,0,0,1
0,-0.45347208,0.26628166,-0.48271063,-0.030278714,0.68096757,-0.22950576,1.2996587,0,1,0
0,0.7985816,0.53666854,1.0313388,-1.3278239,0.6652463,-1.358409,-0.8007793,0,1,0
0,-1.2547895,-0.74768454,-0.62085384,1.0377009,-1.4256848,1.1646463,1.399679,0,1,0
0,0.44800046,0.8746573,2.285679,-2.0564456,-0.010769043,-2.158784,0.39947057,0,1,0
0,-1.054464,-1.6940489,0.119593695,-0.22990105,-1.4414061,-0.11180298,-0.40069535,0,1,0
0,1.2994031,1.4154516,-0.20642425,0.728286,0.99539334,1.0790817,-0.50071657,0,1,0
0,0.24767493,1.3478497,-0.9081917,0.3190604,0.0049522435,-0.05806366,1.4997002,1,0,0
0,-0.10290622,0.4014854,0.19142815,-0.8187871,0.08355868,-0.97081894,0.79955447,0,0,1
0,-1.2047043,-0.6800827,-0.26720726,0.3190604,-1.5828978,0.43130153,1.399679,0,1,0
0,0.39791524,-0.2068902,0.77715534,-1.1781071,1.2783765,-1.2322593,-1.100842,0,0,1
1,-0.753968,-0.34209394,-0.8529344,0.62847483,1.4984745,0.40340167,0.999596,0,1,0
0,-1.5552855,-1.3560601,0.6555893,0.09947573,-0.52957153,0.7796152,1.0996172,0,1,0
0,0.097434595,-0.13930896,1.1252762,-1.587333,-1.4099636,-1.7566335,-0.40069535,0,0,1
0,-1.054464,-1.7616508,0.39035437,-0.5393159,1.7500151,-0.4187989,-0.50071657,0,0,1
0,-0.052821014,-0.27449208,-1.5768048,2.1256423,0.25649282,1.647977,-0.3006751,0,1,0
0,-0.95429355,-1.2208564,-0.82530576,0.74824834,-1.1741443,0.5888964,0.09940883,0,1,0
0,-1.7055258,-1.7616508,-0.73689413,0.14938131,1.2783765,-0.16069843,0.79955447,1,0,0
0,1.3494883,1.212646,-0.43297908,0.6085125,-1.5357338,0.71849304,-0.9007995,0,1,0
0,-1.054464,-1.0180714,0.7937325,-1.1481639,-0.70250565,-1.1746919,0.599513,0,1,0
0,-0.0027358106,-0.071707085,-0.05170387,-0.54929686,-0.5767354,-0.704047,-0.10063361,0,0,1
0,-0.80405325,-0.2068902,0.23010825,-0.5393159,0.6652463,-0.51678514,1.2996587,0,1,0
0,-0.45347208,-1.1532751,-0.08485824,-0.5892215,0.319378,-0.78379154,-0.8007793,0,1,0
0,-2.2063472,-2.6404133,-0.83083147,0.61849385,0.08355868,0.4079232,0.49949178,0,1,0
0,-1.8557814,-1.8292526,0.14722234,-0.41954243,1.0582784,-0.3839556,0.999596,0,1,0
0,1.0990776,0.94225913,-0.34456745,0.16934362,-1.4571275,0.15588734,-0.8007793,0,1,0
0,0.097434595,-0.4096958,-0.44403055,0.38892826,-1.0798166,0.39603844,-0.8007793,0,0,1
0,0.94882196,0.6042704,4.2307353,-2.3858223,-1.0326527,-2.2347298,-1.0008208,0,0,1
0,-0.6037277,-0.34209394,-0.94687176,0.46877712,0.6180824,0.11279243,0.6995333,0,1,0
0,-0.6537976,-0.95046955,-0.22300144,0.34900364,-0.37235865,0.5089661,-0.10063361,1,0,0
0,-0.20306134,0.53666854,-0.7700485,0.079513416,0.1621651,-0.2807157,1.1996374,0,1,0
0,-1.4050299,-1.0180714,0.26878834,0.039589178,1.2940978,0.40630218,1.2996587,0,1,0
0,-0.10290622,-0.27449208,-0.51033926,0.30907902,-1.5042913,0.23154977,-0.20065387,0,1,0
0,0.14750452,-0.27449208,-0.28378445,0.129419,1.0111146,0.14255735,-0.70075804,0,0,1
0,-1.1045492,-1.8292526,-0.12906405,0.009645524,0.9167869,0.07783211,-0.50071657,1,0,0
0,-0.85413843,-0.74768454,0.9318757,-1.1980695,-1.0326527,-1.1885101,0.599513,0,1,0
0,-0.25314656,-0.8152864,1.9154552,-1.9067287,0.14644383,-2.0094512,-0.70075804,0,0,1
0,-0.4033869,-0.6800827,1.8878266,-1.6072953,0.46086955,-1.4685924,-0.20065387,0,0,1
0,0.34784535,0.46908727,-1.2452611,0.23921151,1.4198681,-0.4180567,-0.0006123865,0,1,0
0,0.99890715,0.46908727,3.4129274,-2.2161434,-1.4256848,-2.1093318,-1.3008834,0,0,1
0,-0.6037277,-0.6124808,-0.6705854,0.62847483,0.39798442,0.5526079,0.2994503,0,1,0
0,-1.2547895,-0.4772977,0.7495267,-1.0184094,-0.56101406,-0.9843151,1.7997628,0,1,0
0,-0.6037277,0.13109854,0.30746844,-0.6890327,-1.158423,-0.7031195,1.399679,0,0,1
0,0.39791524,-0.4096958,2.246999,-1.9466532,0.052116103,-1.9630069,-1.4009037,0,1,0
0,-0.6037277,-0.54487896,-0.92476887,0.8480595,0.19360769,0.63938326,0.39947057,1,0,0
0,-0.50355726,0.26628166,0.1416966,-0.38959914,0.3036567,-0.3416029,1.399679,0,1,0
0,-0.90420836,-1.0856733,-0.8529344,0.2192492,-0.15226063,-0.15112816,0.1994291,1,0,0
0,-1.35496,-0.8152864,-0.51033926,1.736379,0.4137057,2.2522223,1.4997002,0,0,1
0,-0.10290622,0.8746573,1.3573568,-1.4575785,0.49231213,-1.431181,1.4997002,1,0,0
0,-0.753968,-0.6800827,-0.4937621,0.049570143,1.4355893,-0.123980515,0.49949178,0,1,0
0,-0.5536425,0.4014854,0.25221115,-0.18997681,-1.5828978,0.038467776,1.6997416,0,1,0
0,-0.90420836,-0.74768454,-0.15116698,-0.15005219,-1.2527508,-0.17407714,0.6995333,0,0,1
0,0.047349393,-0.2068902,-0.71479124,0.82809716,0.1621651,0.7918219,-0.40069535,0,1,0
0,-1.4050299,-1.0180714,-0.08485824,0.13940035,1.3255403,0.30263242,1.2996587,1,0,0
0,-0.30323175,0.6042704,-0.515865,0.728286,-1.5042913,0.8204152,1.4997002,0,0,1
0,1.0990776,0.94225913,0.56717765,-0.7888438,-1.0326527,-0.7115469,-0.8007793,0,0,1
0,-0.90420836,-1.2208564,0.70532084,-0.93856037,-0.7653908,-0.87736374,-0.0006123865,0,1,0
0,-0.052821014,-0.00410521,-0.758997,0.46877712,1.5141958,0.26120722,0.09940883,0,1,0
0,-1.6554406,-1.626447,-0.36114463,0.16934362,0.6338037,0.14367065,0.89957476,0,1,0
0,0.44800046,-0.34209394,0.4014058,-0.47942898,0.25649282,-0.3175898,-1.4009037,0,1,0
0,0.29776013,1.0774629,0.7163723,-1.078296,1.4513106,-1.0995668,0.999596,0,0,1
0,0.047349393,-0.2068902,-0.30036163,0.5885506,-0.12081805,0.7975345,-0.40069535,0,1,0
0,1.1491475,1.1450647,-1.0960665,0.62847483,1.356983,0.20446041,-0.6007378,0,0,1
0,1.9003797,1.8210422,1.6502203,-1.2180318,1.1526061,-0.86894596,-1.100842,0,1,0
0,-1.2547895,-0.4772977,-0.333516,-0.06022199,-1.3470784,-0.16815913,1.7997628,0,1,0
0,0.59825605,0.46908727,0.5782291,-0.83874923,0.9167869,-0.78554916,-0.50071657,0,1,0
1,1.4997287,0.80707604,-0.9137174,0.8181162,-0.67106307,0.60860294,-1.8009876,0,1,0
0,0.8486668,0.7394741,-0.38877326,-0.27980664,0.319378,-0.52223414,-0.6007378,0,1,0
0,0.49808568,0.33388352,-0.8916145,0.43883386,-0.38807994,0.116073586,-0.50071657,0,1,0
0,0.19758973,0.8746573,-1.0463349,1.6465489,-1.2055868,1.5898532,0.89957476,0,0,1
0,0.99890715,0.19867977,0.600332,-1.0383716,0.7752953,-1.0950744,-1.7009664,0,1,0
0,1.2994031,0.26628166,-0.6871626,1.2073796,-1.5042913,1.3404928,-2.2010705,0,1,0
0,-0.35331696,-1.0180714,-0.6484825,0.30907902,1.2312126,0.12632732,-0.8007793,0,0,1
0,-1.3048747,-0.8828677,-1.0518606,0.8879841,0.19360769,0.5831441,1.2996587,1,0,0
0,0.49808568,1.3478497,-0.1180126,-0.070203334,1.3884255,-0.032927692,0.999596,0,1,0
0,-0.6037277,0.19867977,-0.95792323,1.8960768,-0.21514577,2.0116222,1.4997002,0,0,1
0,-1.2547895,-1.0180714,-0.44403055,-0.030278714,-0.60817796,-0.20236768,0.999596,0,1,0
0,-1.5552855,-1.6940489,-1.024232,0.43883386,-1.4414061,0.012013155,0.599513,0,1,0
0,-1.3048747,-0.8152864,0.48981747,-0.25984433,0.57091856,0.08716789,1.399679,0,0,1
0,-1.5552855,-1.3560601,-0.68163687,0.68836176,-0.04221162,0.62653226,1.0996172,1,0,0
0,1.3995582,1.6182365,0.6169092,-1.2978806,1.4513106,-1.505594,-0.40069535,0,1,0
0,-0.45347208,-0.95046955,0.3958801,-0.85871154,0.8381804,-0.9188477,-0.50071657,0,1,0
0,-1.0043788,-1.626447,0.04775923,0.57856923,0.052116103,1.0648046,-0.40069535,0,1,0
0,-0.7038828,-0.34209394,-1.184478,1.2173609,0.3036567,0.89553076,0.89957476,0,1,0
1,1.599899,0.94225913,-1.6652164,1.4569074,1.8600641,0.7421938,-1.8009876,0,1,0
0,-0.50355726,-0.74768454,-0.1566927,-0.40956107,-1.4414061,-0.5614815,-0.10063361,0,1,0
0,2.0506353,2.294214,0.86556697,-1.0383716,-0.67106307,-0.9563274,-0.70075804,1,0,0
0,0.648326,0.80707604,-0.455082,0.4488148,-1.4728488,0.4728342,-0.10063361,0,1,0
0,-1.2547895,-0.74768454,-0.62085384,0.46877712,0.429427,0.37033603,1.399679,0,1,0
0,0.44800046,1.3478497,-0.9081917,1.6066242,1.1683275,1.67408,1.0996172,0,0,1
0,-1.4551151,-1.0180714,0.21353106,-0.43950474,-0.9697675,-0.3728231,1.399679,0,1,0
0,0.6984112,0.26628166,-0.23957862,-0.47942898,0.71241015,-0.716332,-1.0008208,0,1,0
0,0.24767493,0.33388352,-0.7534713,0.76821065,-1.3156358,0.6765993,-0.0006123865,1,0,0
0,0.14750452,-0.54487896,-0.70373976,0.4787581,1.4513106,0.31864753,-1.100842,0,1,0
0,2.0506353,2.159031,-0.394299,-0.06022199,0.6338037,-0.2104827,-0.9007995,0,1,0
0,-0.90420836,-1.1532751,-0.3500932,0.34900364,0.33509928,0.41126308,0.09940883,0,0,1
0,-0.7038828,-0.27449208,-0.64295673,0.2691548,-0.4038012,0.074951194,0.999596,0,1,0
0,-2.0060217,-2.2348225,-0.68163687,0.41887155,-0.9697675,0.25318012,0.6995333,0,1,0
0,0.24767493,1.0774629,0.67216647,-0.9984471,0.7910166,-0.99261546,1.0996172,0,1,0
0,-0.50355726,-1.2884582,-1.6431135,2.0857182,0.14644383,1.5276277,-0.9007995,0,1,0
0,0.7484964,0.6042704,1.9430839,-1.677163,0.22505026,-1.5745183,-0.6007378,0,1,0
0,0.29776013,-0.4772977,-0.16221842,0.59853154,-0.32519478,0.9243386,-1.3008834,0,0,1
0,-1.2547895,-0.8828677,-0.5324422,0.61849385,0.036394816,0.65155125,1.1996374,0,1,0
0,0.14750452,1.0774629,0.30746844,-0.12010892,0.7281314,0.1847047,1.2996587,0,1,0
0,0.34784535,1.4830534,0.2798398,-0.15005219,0.6338037,0.11917899,1.4997002,0,1,0
0,1.0990776,1.009861,-0.31693882,0.5586069,-0.32519478,0.7406707,-0.70075804,0,1,0
0,0.39791524,0.19867977,1.3131509,-0.98846596,-1.0955378,-0.63542545,-0.50071657,1,0,0
0,-0.80405325,-1.3560601,-0.17326988,0.78817296,-1.2999146,1.195154,-0.40069535,0,1,0
0,1.0489924,0.67187226,0.9484529,-1.1282016,-0.38807994,-1.0633466,-1.100842,0,0,1
0,-1.4050299,-1.0180714,3.5510707,-2.345898,0.3036567,-2.342882,1.2996587,0,1,0
0,-0.6537976,-1.0180714,0.66664076,-1.2978806,-0.9068824,-1.4818636,-0.20065387,0,0,1
0,-1.2547895,-0.8152864,1.5728601,-1.5973141,1.1211636,-1.583815,1.2996587,1,0,0
0,0.44800046,1.3478497,-0.035126686,0.39890924,0.85390174,0.7282491,1.0996172,0,1,0
0,-1.35496,-1.0856733,-0.93582034,1.0476818,-0.5767354,0.8974837,1.0996172,0,0,1
0,1.8002245,1.212646,0.48429173,-0.91859823,-0.057932902,-0.9651163,-1.8009876,0,0,1
0,-0.95429355,-1.4912639,0.00355341,-0.21992008,1.4984745,-0.17407714,-0.3006751,0,1,0
0,-0.85413843,-1.0180714,0.36825144,-0.6391271,-0.63962054,-0.58914685,0.1994291,0,1,0
0,-0.80405325,-0.4772977,0.031182049,-0.3097499,-1.6457828,-0.29140884,0.89957476,0,1,0
0,0.047349393,0.94225913,0.42903444,-0.070203334,-0.95404625,0.3470164,1.2996587,0,0,1
0,-0.0027358106,-0.13930896,-0.92476887,-0.040260058,-0.04221162,-0.5530541,-0.20065387,0,1,0
0,-2.1562622,-2.5052302,0.80478394,-0.50937223,-0.37235865,-0.11602168,0.599513,0,0,1
0,0.29776013,1.2802478,-0.6319053,0.48873943,1.8286215,0.3894374,1.2996587,0,1,0
0,-1.1045492,-0.6800827,0.20247962,0.4987204,-1.4256848,1.0669142,1.1996374,0,0,1
1,1.1992327,0.063496664,-1.0021291,1.4569074,-0.73394823,1.3820251,-2.301092,0,0,1
0,-0.30323175,-0.8152864,0.48429173,-0.7389382,0.25649282,-0.67912555,-0.6007378,0,1,0
0,0.8987367,0.46908727,-0.5434936,0.92790836,-0.7811121,1.0787598,-1.100842,0,1,0
0,0.19758973,-0.4772977,0.7274238,-0.4993913,1.5928022,-0.14741762,-1.100842,0,1,0
0,0.99890715,-0.13930896,-0.32799026,-0.0003354402,1.4355893,-0.07759443,-2.2010705,0,1,0
0,0.24767493,-0.13930896,-0.6540082,0.9578516,1.6242448,1.0241024,-0.70075804,0,1,0
0,0.097434595,1.0774629,-0.41087618,0.13940035,-0.46668637,0.06410188,1.399679,0,0,1
0,1.2994031,1.009861,1.9099295,-1.247975,0.6180824,-0.7965747,-1.100842,0,1,0
0,-0.4033869,-1.0856733,-0.84740865,1.4070019,-1.2841933,1.4636447,-0.8007793,0,1,0
0,0.097434595,1.212646,-0.4164019,0.4488148,1.1211636,0.50325346,1.5997214,0,1,0
0,0.8987367,0.4014854,0.06986214,-0.40956107,-0.16798191,-0.41774434,-1.2008623,0,0,1
0,-1.1546191,-0.8152864,3.037178,-2.0863888,0.052116103,-1.962333,1.0996172,0,0,1
0,1.0489924,0.8746573,-0.6871626,0.4088902,-1.0169314,0.23504585,-0.8007793,0,1,0
0,-0.6037277,-0.071707085,-0.24510434,-0.47942898,-0.74966955,-0.71976936,1.0996172,0,0,1
0,-0.5536425,0.063496664,-0.5434936,0.11943804,1.2783765,-0.061071616,1.1996374,0,0,1
0,0.6984112,-0.071707085,-0.43850482,0.71830505,-1.3470784,0.8708242,-1.500925,1,0,0
0,-0.90420836,-0.6124808,-0.455082,0.8979651,-0.48240766,1.1131045,0.89957476,0,0,1
0,-0.6537976,-0.071707085,-0.7092655,0.5087014,-0.8911611,0.35560998,1.1996374,0,0,1
0,-1.2547895,-0.95046955,-1.8309883,2.2254536,-1.2527508,1.4905775,1.0996172,0,1,0
0,1.5498139,1.7534404,0.15274806,-0.70899457,0.38226312,-0.82423,-0.50071657,0,0,1
0,-0.6537976,0.19867977,-0.32246453,0.14938131,-0.38807994,0.14325082,1.5997214,0,0,1
0,-0.6537976,-0.95046955,-1.3391985,1.5267754,0.6338037,1.145438,-0.10063361,0,1,0
0,-1.3048747,-0.95046955,-0.58217376,0.43883386,1.3412616,0.35888112,1.1996374,0,0,1
0,1.4997287,0.80707604,1.191585,-0.9585227,1.5299171,-0.6486771,-1.8009876,0,1,0
0,-0.35331696,0.4014854,-0.455082,0.20926785,-0.057932902,0.13135652,1.2996587,0,0,1
0,0.99890715,-0.13930896,0.89319557,-1.2779183,-1.6300616,-1.3405384,-2.2010705,0,1,0
0,0.19758973,-0.13930896,-0.576648,0.35898462,1.4984745,0.2511097,-0.6007378,0,0,1
0,0.44800046,0.33388352,0.1416966,-0.40956107,-0.4195225,-0.37216875,-0.40069535,0,1,0
0,0.44800046,0.26628166,0.119593695,-0.7289569,-0.63962054,-0.8739947,-0.50071657,0,1,0
0,1.0489924,0.7394741,0.36272573,-0.2398824,0.99539334,0.03451272,-1.0008208,0,0,1
0,0.097434595,1.0774629,-0.39982474,0.069532454,-1.3313571,-0.02809338,1.399679,0,0,1
0,0.14750452,0.8746573,-0.07933251,0.069532454,-0.04221162,0.20242916,0.999596,0,1,0
0,-1.2547895,-0.95046955,-0.5490194,0.6085125,-0.37235865,0.6239542,1.0996172,1,0,0
0,1.2994031,1.5506347,-1.206581,1.3371344,-1.0326527,1.0299422,-0.3006751,0,1,0
0,-0.95429355,-1.5588452,-0.013023773,0.079513416,0.96395075,0.26513314,-0.40069535,0,1,0
0,-0.35331696,-0.8152864,1.2855222,-1.4775406,-0.2937522,-1.4980354,-0.50071657,0,1,0
0,1.5498139,0.8746573,1.6999519,-1.5274463,1.6399661,-1.4036522,-1.8009876,0,0,1
0,-1.5552855,-1.2884582,-1.0076548,0.17932458,0.3036567,-0.3195236,1.1996374,0,0,1
0,-1.3048747,-0.8828677,-0.32246453,0.7981539,0.14644383,1.0833199,1.2996587,0,0,1
0,-1.2547895,-0.4096958,-0.12353833,-0.3297122,1.9701132,-0.42193344,1.8997831,0,1,0
0,-2.3065176,-2.8432188,-0.7313684,1.0676441,1.3255403,1.1074309,0.39947057,0,1,0
0,1.2994031,1.5506347,0.14722234,-0.33969358,-0.9697675,-0.26161432,-0.3006751,0,0,1
0,1.2493179,1.2802478,-0.5655966,0.66839945,-0.67106307,0.6946461,-0.6007378,0,1,0
0,-1.1546191,-1.0856733,-0.6705854,1.1874176,-0.48240766,1.3280613,0.6995333,1,0,0
0,0.047349393,-0.54487896,-0.5600708,1.0975873,1.6242448,1.3030423,-0.9007995,0,0,1
0,0.7484964,0.26628166,-1.1623752,0.6584181,-1.3156358,0.18913832,-1.100842,0,1,0
0,-1.2547895,-1.2208564,0.13064516,-0.17999546,-1.4571275,-0.028122976,0.6995333,0,1,0
0,0.49808568,0.33388352,2.1696386,-1.8268797,-0.45096508,-1.7646315,-0.50071657,0,1,0
0,0.24767493,-0.4772977,-0.38324755,0.079513416,1.7500151,-0.0018149732,-1.2008623,0,1,0
0,0.7985816,0.53666854,-1.3778785,2.5248873,-0.70250565,2.367377,-0.8007793,0,0,1
0,1.2493179,1.0774629,0.30746844,-1.0483527,-1.1427017,-1.2638506,-0.9007995,0,1,0
0,-0.95429355,-1.4236621,0.67769223,-1.1082394,-0.49812892,-1.1682175,-0.20065387,0,0,1
0,-0.10290622,-0.4096958,1.169482,-1.2978806,1.0268359,-1.241927,-0.40069535,0,0,1
0,-0.052821014,-0.4096958,-0.28931016,0.2192492,1.4198681,0.26921478,-0.50071657,0,0,1
0,-0.7038828,-0.27449208,0.296417,-0.66907036,-0.19942449,-0.6784712,0.999596,1,0,0
0,-0.0027358106,0.80707604,-1.0408092,0.4088902,1.5456383,-0.040573712,1.1996374,0,1,0
0,0.39791524,0.6042704,0.09749078,-0.83874923,-0.8754398,-1.0540209,0.09940883,0,0,1
0,0.19758973,0.33388352,1.5397058,-1.4875218,-1.4728488,-1.4025881,0.09940883,0,1,0
0,1.7000542,1.8886235,0.2798398,-0.36963683,0.08355868,-0.22241618,-0.6007378,0,0,1
0,0.59825605,0.53666854,-0.43297908,0.05955111,-0.95404625,-0.06620827,-0.40069535,0,1,0
0,0.047349393,0.8746573,-0.09038396,-0.5892215,0.429427,-0.7871214,1.1996374,0,0,1
0,0.047349393,-0.4096958,-0.58217376,0.728286,0.3036567,0.7649866,-0.70075804,0,1,0
0,-1.6554406,-1.4912639,-0.394299,-0.080184296,-1.1427017,-0.2391539,1.0996172,0,1,0
0,-0.85413843,-1.4236621,0.38482863,-0.75890017,0.68096757,-0.7678543,-0.40069535,0,0,1
0,-0.90420836,-0.8828677,1.3297281,-1.2080506,-1.1427017,-1.0090218,0.49949178,0,1,0
0,1.2493179,0.94225913,-0.72031695,1.3071907,0.2879354,1.4475608,-1.100842,0,1,0
0,1.2994031,0.67187226,-0.013023773,-0.4494857,-0.26230964,-0.53036875,-1.6009462,0,1,0
0,0.648326,0.46908727,-0.81978005,1.2473042,-0.73394823,1.2727206,-0.6007378,0,0,1
0,0.047349393,-0.4772977,-0.5324422,1.0277195,1.3884255,1.2293032,-0.8007793,0,0,1
0,-0.6537976,-0.2068902,0.3406228,-0.42952338,1.0739998,-0.2772292,0.999596,0,1,0
0,-1.2547895,-0.4096958,-0.23405288,-0.41954243,-1.0012101,-0.6251813,1.8997831,0,1,0
0,-0.85413843,-0.6800827,0.6500636,-0.7788625,1.1211636,-0.6483452,0.6995333,0,1,0
0,-0.30323175,-0.6800827,-0.81978005,1.8162279,0.429427,2.0469928,-0.40069535,0,1,0
0,-0.052821014,-0.4096958,-1.0573864,1.2772474,-1.2055868,1.0917573,-0.50071657,0,1,0
0,-0.85413843,-1.2208564,-0.029600957,-0.6790513,-0.5138502,-0.88531303,-0.10063361,1,0,0
0,0.24767493,-0.4772977,-0.062755324,-0.29976895,1.7814577,-0.33774573,-1.2008623,0,1,0
0,-1.2047043,-1.8968339,-0.38324755,0.25917345,-1.0012101,0.25657874,-0.40069535,0,0,1
0,-0.052821014,0.8746573,-0.52139074,0.11943804,0.96395075,-0.044978186,1.399679,0,0,1
0,-0.4033869,0.33388352,-0.81978005,0.57856923,-1.0955378,0.36261168,1.2996587,0,1,0
0,0.7985816,0.13109854,-0.8584601,1.7064353,-0.6238992,1.8585389,-1.4009037,0,1,0
0,-0.10290622,0.53666854,-0.05170387,-0.47942898,0.869623,-0.5994593,0.999596,0,0,1
0,-1.054464,-1.7616508,-0.576648,0.2891171,-1.4099636,0.15301599,-0.50071657,0,0,1
0,-1.2547895,-1.0180714,0.9539786,-1.317843,0.4451483,-1.3781939,0.999596,0,1,0
0,1.0990776,0.94225913,2.4735537,-2.00654,1.4513106,-1.9973515,-0.8007793,0,1,0
0,-0.7038828,-0.2068902,0.7495267,-1.1581451,0.115001254,-1.2133145,1.0996172,0,0,1
0,1.4997287,0.80707604,-0.86398584,0.4587958,1.4198681,0.16476414,-1.8009876,0,1,0
0,-1.1546191,-0.6800827,-0.5876995,0.17932458,-1.4414061,-0.009295248,1.2996587,0,0,1
0,-1.2547895,-0.4096958,-1.0076548,1.0077572,0.46086955,0.78036696,1.8997831,0,1,0
0,-0.20306134,-0.6800827,-0.92476887,2.0358126,0.649525,2.2337656,-0.6007378,0,1,0
0,-1.2547895,-0.95046955,-0.23405288,0.38892826,-0.26230964,0.5589457,1.0996172,0,1,0
0,0.34784535,0.53666854,-0.2948359,-0.28978798,1.2312126,-0.4749893,0.09940883,0,1,0
0,0.8486668,0.6042704,0.09749078,-0.06022199,-1.6615041,0.13195209,-0.8007793,0,1,0
0,-1.35496,-1.0856733,-0.6761111,0.77819157,-1.2055868,0.7556508,1.0996172,0,1,0
0,0.19758973,-0.4096958,-0.28931016,-0.110127576,1.2154913,-0.20998456,-1.0008208,1,0,0
0,-0.0027358106,-0.27449208,-0.9689747,0.5885506,-1.4414061,0.2551722,-0.40069535,0,1,0
0,0.19758973,0.19867977,-0.013023773,-0.4993913,-1.1741443,-0.605416,-0.10063361,0,0,1
0,-0.80405325,-1.4236621,2.4403994,-1.677163,-1.4414061,-1.3706162,-0.50071657,0,1,0
0,1.2994031,0.26628166,1.1252762,-1.3677485,1.3098191,-1.3821685,-2.2010705,0,1,0
0,1.1491475,0.53666854,-0.5600708,0.37894693,0.1778864,0.29196844,-1.500925,1,0,0
0,1.4496434,0.80707604,-0.39982474,-0.22990105,-0.5452928,-0.45787045,-1.7009664,0,0,1
0,-0.052821014,-0.4096958,-1.2010553,1.3870399,-1.1741443,1.0997066,-0.50071657,0,1,0
0,2.1007204,2.159031,-0.7921514,1.0476818,-1.5200126,1.0257039,-1.0008208,0,0,1
0,-0.80405325,-0.95046955,-1.3005184,0.4987204,0.7910166,-0.12837498,0.1994291,0,1,0
0,-1.1546191,-0.6124808,-0.333516,0.20926785,-0.7811121,0.22180374,1.399679,0,1,0
0,0.99890715,0.7394741,1.2689451,-1.3976917,-1.5357338,-1.3672175,-0.9007995,0,0,1
0,-0.45347208,0.13109854,0.16379952,-0.17999546,0.74385273,-0.005740433,1.0996172,0,1,0
0,0.097434595,-0.34209394,0.5008689,-1.1681262,-0.8911611,-1.3540342,-0.70075804,0,0,1
0,1.2994031,0.94225913,0.98713297,-0.8786736,0.7281314,-0.6243025,-1.2008623,0,0,1
0,1.0990776,1.1450647,0.24668543,-0.3796178,-0.70250565,-0.25915366,-0.50071657,0,0,1
0,1.3995582,1.4830534,-0.5876995,0.9977762,1.7028512,1.1382017,-0.6007378,0,1,0
0,0.7484964,0.33388352,-0.029600957,-0.070203334,0.1778864,0.028477684,-1.0008208,0,1,0
0,1.8002245,1.9562253,-0.32799026,0.13940035,0.429427,0.124745026,-0.70075804,0,1,0
0,-0.85413843,-0.4096958,0.7108466,-1.2878995,0.4451483,-1.4444818,1.0996172,0,1,0
0,-0.5536425,-0.00410521,1.3905112,-1.2379938,0.9167869,-1.0315213,1.0996172,0,1,0
0,0.047349393,-0.13930896,-0.040652413,-0.020297749,0.115001254,0.095605284,-0.3006751,0,1,0
0,-1.3048747,-0.54487896,0.24668543,0.27913576,1.2312126,0.7617637,1.7997628,0,1,0
0,0.29776013,-0.34209394,-0.24510434,-0.34967452,-0.45096508,-0.5299781,-1.100842,1,0,0
0,-0.6037277,-0.95046955,1.0534418,-1.4076729,-0.7653908,-1.4831331,-0.20065387,0,1,0
0,-0.6537976,-1.0180714,0.18037671,-0.43950474,1.4827532,-0.39368206,-0.20065387,1,0,0
0,-1.054464,-1.5588452,-0.12353833,-0.050241023,-0.60817796,-0.0071369517,-0.20065387,0,0,1
0,0.29776013,0.33388352,0.5782291,-0.61916476,0.6338037,-0.43235338,-0.10063361,0,1,0
0,1.0990776,0.6042704,-0.48271063,0.22923017,-0.81255466,0.13915917,-1.3008834,0,1,0
0,-0.35331696,-1.1532751,0.6169092,-1.1980695,-1.598619,-1.3443664,-1.0008208,0,1,0
0,-0.95429355,-1.626447,-0.28378445,-0.06022199,0.7752953,-0.13353075,-0.50071657,0,1,0
0,-1.35496,-1.2884582,0.14722234,-0.42952338,0.759574,-0.39924857,0.79955447,0,1,0
0,-0.0027358106,-0.4096958,-0.22300144,-0.42952338,-0.9697675,-0.63282776,-0.6007378,0,1,0
0,-0.80405325,-1.2208564,0.43456018,-0.6990136,-0.73394823,-0.6445755,-0.20065387,0,1,0
0,0.8486668,0.53666854,0.10854224,0.4488148,0.429427,0.916087,-0.9007995,0,1,0
0,-1.3048747,-1.3560601,-1.0131805,1.1874176,1.1997701,1.0138291,0.599513,0,1,0
0,0.34784535,0.4014854,-1.38893,0.71830505,1.7028512,0.07802745,-0.10063361,0,1,0
0,0.648326,-0.071707085,-0.21194997,-0.050241023,-1.268472,-0.06885469,-1.4009037,0,0,1
1,1.7000542,1.2802478,-0.8971402,0.15936227,-1.158423,-0.26477844,-1.500925,0,1,0
0,0.8987367,0.7394741,-0.69821405,0.2192492,-1.5514551,-0.035739854,-0.70075804,0,0,1
0,-0.45347208,-0.6800827,-0.74241984,1.3770586,-1.4099636,1.5228622,-0.10063361,0,1,0
0,1.0489924,0.67187226,0.2577369,-0.4894103,0.539476,-0.42245117,-1.100842,0,1,0
0,0.34784535,1.1450647,-0.08485824,0.34900364,1.797179,0.61516523,0.999596,0,1,0
0,-0.35331696,0.26628166,1.0258131,-1.317843,0.9325082,-1.3441712,1.0996172,0,1,0
0,-0.20306134,-0.4096958,0.36272573,-1.0184094,0.539476,-1.1880219,-0.20065387,0,0,1
0,-0.4033869,0.4014854,-0.93582034,2.1855292,-1.0326527,2.4226494,1.399679,0,1,0
0,1.2994031,0.13109854,3.4129274,-2.27603,-0.21514577,-2.235716,-2.4011126,0,0,1
0,0.34784535,-0.27449208,-0.36667037,0.80813485,-0.32519478,1.0602052,-1.100842,0,0,1
1,-0.35331696,-0.74768454,-1.5547018,2.934113,0.1778864,2.6669996,-0.40069535,0,1,0
0,-0.0027358106,-0.6124808,-0.2782587,0.029607834,-1.5828978,0.0011829655,-0.9007995,0,1,0
0,-1.3048747,-1.0180714,-0.37772182,0.38892826,-0.98548883,0.44748285,1.0996172,0,1,0
0,-0.6537976,-0.13930896,-1.0850149,1.3570963,0.4137057,1.1708963,1.0996172,0,0,1
0,-0.95429355,-0.00410521,-0.029600957,-0.62914574,-0.95404625,-0.81041235,1.8997831,0,1,0
0,-0.5536425,-0.27449208,-0.96344894,1.0876064,1.1840488,0.9261454,0.6995333,0,1,0
0,1.0990776,0.8746573,-0.83083147,0.68836176,-0.02649033,0.50287235,-0.9007995,0,1,0
0,1.5498139,1.7534404,1.9651868,-1.6472197,0.33509928,-1.5099393,-0.50071657,0,0,1
0,-0.80405325,-0.74768454,-0.758997,0.4787581,1.467032,0.27489832,0.49949178,0,1,0
0,1.3995582,1.6182365,-0.94687176,0.9478707,-1.5357338,0.7540298,-0.40069535,0,1,0
0,-1.35496,-0.8152864,0.0809136,-0.38959914,-0.59245664,-0.38038167,1.4997002,0,1,0
0,-0.7038828,-1.2208564,0.08643933,-0.31973127,-1.1269804,-0.2705594,-0.40069535,1,0,0
0,0.7985816,0.8746573,0.9208242,-1.0084282,-0.23086706,-0.87744206,-0.3006751,0,1,0
0,0.34784535,0.7394741,0.37930292,-0.469448,0.9325082,-0.31563684,0.39947057,0,0,1
0,1.9003797,1.6858385,-0.92476887,0.5685883,1.1368849,0.26423478,-1.3008834,0,1,0
0,0.7484964,0.33388352,1.2965738,-1.4475974,0.20932898,-1.441142,-1.0008208,0,0,1
0,0.6984112,0.80707604,-1.0187062,1.0576627,-1.1112591,0.8367427,-0.20065387,0,1,0
0,0.14750452,1.009861,-0.7700485,0.37894693,-1.6929468,0.12943272,1.1996374,0,0,1
0,-1.054464,-1.2884582,0.25221115,-0.64910805,1.6399661,-0.67352986,0.1994291,0,1,0
0,0.94882196,0.6042704,-1.2728897,0.7981539,0.25649282,0.27708575,-1.0008208,0,1,0
0,-1.3048747,-1.0856733,-0.04617814,0.14938131,1.6556873,0.34588352,0.999596,0,1,0
0,-1.7055258,-1.626447,0.014604866,-0.25984433,-0.30947348,-0.22692765,0.999596,0,1,0
0,-0.95429355,-1.1532751,-1.3170955,1.5966432,-0.70250565,1.2559727,0.1994291,0,1,0
0,0.29776013,1.4154516,-1.3613014,1.2273419,-0.92260367,0.7450355,1.4997002,0,0,1
0,-1.3048747,-0.4772977,-1.145798,1.317172,0.115001254,1.0612894,1.8997831,0,1,0
0,-0.10290622,0.4014854,0.92634994,-0.7489192,0.25649282,-0.4411127,0.79955447,0,1,0
0,-0.10290622,-0.4096958,-0.70373976,0.77819157,0.35082054,0.7323111,-0.40069535,0,0,1
0,1.1491475,0.7394741,0.5008689,-0.43950474,1.1840488,-0.19204564,-1.2008623,0,1,0
0,1.4496434,1.4830534,1.1363276,-1.4475974,-0.15226063,-1.5133575,-0.70075804,0,0,1
0,1.1491475,0.7394741,-1.3502499,1.7064353,0.60236114,1.3622694,-1.2008623,0,0,1
0,-0.753968,-0.4772977,0.843464,-1.3278239,0.1621651,-1.44706,0.79955447,0,0,1
0,1.8002245,1.6182365,-0.9745004,1.3071907,-1.5828978,1.2090303,-1.2008623,0,1,0
0,0.29776013,-0.34209394,0.20247962,-0.12010892,0.25649282,0.11271411,-1.100842,0,1,0
0,-0.90420836,-0.8828677,-1.4939189,2.0857182,0.869623,1.6882005,0.49949178,0,0,1
0,-0.90420836,-1.4912639,-1.0187062,1.1275307,-0.59245664,0.9293678,-0.40069535,0,1,0
0,0.8486668,0.53666854,0.4566631,-0.21992008,-1.6929468,0.1286122,-0.9007995,0,1,0
0,2.1007204,2.361816,0.79925823,-1.0184094,0.759574,-0.95812416,-0.70075804,1,0,0
0,-0.15297614,-0.4772977,0.29089126,-0.57924014,-1.5671765,-0.5418041,-0.40069535,0,1,0
0,-0.15297614,-0.54487896,-0.6484825,0.039589178,0.5080334,-0.2486067,-0.50071657,0,1,0
0,-0.35331696,-0.8828677,-0.72584265,0.8680218,-0.35663736,0.83738744,-0.6007378,0,1,0
0,-1.35496,-1.1532751,2.1862159,-2.0664268,-1.3156358,-2.211781,0.999596,1,0,0
0,-0.95429355,-0.27449208,0.05328496,-0.13008988,-1.0169314,-0.0047150142,1.4997002,0,0,1
0,-0.753968,-0.27449208,1.0202874,-1.3577673,-0.12081805,-1.4141309,1.0996172,0,1,0
0,-1.35496,-0.8828677,-0.60427666,0.27913576,0.71241015,0.118104845,1.399679,1,0,0
0,0.39791524,1.6858385,-0.58217376,1.0676441,0.20932898,1.2411097,1.6997416,0,1,0
0,-1.5552855,-1.4236621,2.429348,-1.9566344,-0.6238992,-1.9162692,0.999596,0,0,1
0,-0.85413843,-1.3560601,-0.48823637,0.7083237,1.3884255,0.8151711,-0.3006751,0,1,0
0,-0.25314656,-0.00410521,-0.20642425,-0.15005219,-0.8754398,-0.21167386,0.49949178,0,1,0
0,-0.45347208,0.26628166,-0.61532813,0.68836176,-0.32519478,0.6814919,1.2996587,0,1,0
0,-0.15297614,0.67187226,1.5894374,-1.4575785,1.356983,-1.3270036,1.2996587,0,1,0
0,-0.5536425,-1.0180714,-0.44403055,0.30907902,0.6180824,0.28205666,-0.40069535,0,1,0
0,0.34784535,1.6182365,-0.455082,0.71830505,-0.52957153,0.85699654,1.6997416,1,0,0
0,-1.0043788,-1.2208564,-0.38877326,0.548626,1.6714087,0.6684356,0.1994291,0,1,0
0,-0.95429355,-0.071707085,0.5229718,-0.9984471,-0.85971856,-1.0717157,1.7997628,0,1,0
0,0.49808568,0.8746573,-1.0518606,0.69834274,-0.5767354,0.33284676,0.2994503,0,1,0
1,0.94882196,0.26628166,-0.902666,1.4868511,0.2879354,1.5183115,-1.500925,0,1,0
0,-0.85413843,-1.0180714,-0.9800261,1.3770586,0.8853443,1.2969486,0.1994291,0,1,0
0,-1.3048747,-0.6800827,0.80478394,-0.9285792,1.0897211,-0.8071212,1.5997214,0,0,1
0,1.1491475,0.8746573,0.45113736,-0.83874923,0.429427,-0.85652435,-1.0008208,0,1,0
0,-0.6537976,-0.54487896,0.2577369,-0.85871154,1.1368849,-0.9955064,0.49949178,0,1,0
0,-0.85413843,-0.95046955,-0.51033926,-0.18997681,0.60236114,-0.47497928,0.2994503,0,1,0
1,1.1491475,1.212646,-0.9745004,1.3970209,0.1778864,1.3288231,-0.50071657,0,0,1
0,-0.10290622,-0.4096958,0.08643933,-0.51935357,0.22505026,-0.5742646,-0.40069535,0,1,0
0,-1.35496,-1.1532751,-0.007498046,-0.15005219,-0.95404625,-0.07632495,0.999596,0,1,0
0,-0.10290622,-0.6124808,-1.0187062,1.6665112,-1.5828978,1.6439049,-0.70075804,0,0,1
0,0.7484964,0.46908727,-0.62637955,0.6085125,-0.4195225,0.5609278,-0.8007793,0,1,0
0,0.8987367,-0.00410521,1.3352538,-1.6072953,1.4198681,-1.7019863,-1.8009876,0,0,1
0,0.29776013,0.19867977,0.41245726,-0.7289569,-1.6929468,-0.70475006,-0.3006751,0,0,1
0,-0.95429355,-0.6800827,0.67216647,-0.17999546,-0.4038012,0.3374557,0.89957476,0,0,1
0,-1.2047043,-0.6124808,-0.20089853,-0.110127576,0.7752953,-0.14920436,1.4997002,0,1,0
0,0.99890715,0.26628166,0.15827379,-0.080184296,0.067837395,0.14365107,-1.6009462,0,1,0
0,-0.5536425,0.063496664,0.17485097,-0.31973127,-0.46668637,-0.21306081,1.1996374,0,1,0
0,-0.50355726,-0.8152864,-1.267364,1.0676441,0.067837395,0.6271766,-0.20065387,0,1,0
0,0.44800046,0.26628166,0.417983,-0.9086171,1.4513106,-0.985438,-0.50071657,0,1,0
0,0.648326,0.67187226,0.23563398,-0.43950474,1.4827532,-0.3589171,-0.3006751,0,1,0
0,1.1491475,0.6042704,0.31299418,-0.64910805,-0.057932902,-0.63754463,-1.4009037,0,1,0
0,-0.0027358106,0.8746573,-0.30588734,1.317172,0.7910166,1.8509612,1.2996587,0,1,0
0,0.097434595,1.0774629,-0.057229597,-0.4494857,-1.3627998,-0.55810285,1.399679,0,1,0
0,-1.6554406,-1.4912639,-0.7700485,0.74824834,-1.6457828,0.63528204,1.0996172,0,1,0
0,1.2493179,0.19867977,0.05328496,0.089494765,0.979672,0.3280712,-2.2010705,0,1,0
0,-1.2547895,-0.95046955,0.06986214,0.48873943,-0.48240766,0.94629127,1.0996172,0,1,0
0,-0.0027358106,-0.4772977,2.390668,-1.7969364,1.0582784,-1.6220956,-0.70075804,0,1,0
1,-1.5052003,-1.2884582,-0.9800261,1.2473042,1.6556873,1.1240422,1.0996172,0,1,0
0,-0.052821014,0.80707604,-0.9689747,0.9578516,-0.9068824,0.7480144,1.2996587,1,0,0
0,1.1491475,0.6042704,-0.7534713,0.71830505,1.0268359,0.6080952,-1.4009037,0,1,0
0,-1.4551151,-1.0856733,1.0313388,-1.1581451,1.4827532,-1.0718719,1.2996587,0,1,0
0,1.2493179,0.13109854,-0.47165918,0.29909807,0.0049522435,0.24681312,-2.301092,0,1,0
0,0.54817086,0.67187226,2.0922785,-1.8268797,-1.2527508,-1.794299,-0.10063361,0,1,0
0,0.99890715,0.33388352,-0.6319053,0.46877712,-0.49812892,0.36160585,-1.500925,0,0,1
0,-1.2047043,-1.1532751,-0.3390417,0.22923017,1.3412616,0.24655905,0.6995333,0,1,0
0,1.2994031,0.4014854,0.05328496,-0.24986336,1.4355893,-0.1862351,-2.001029,0,1,0
0,1.1491475,0.94225913,1.7441577,-1.6072953,-1.0169314,-1.5292752,-0.9007995,0,0,1
0,0.44800046,0.8746573,1.4457684,-1.5374274,-0.12081805,-1.5321947,0.39947057,0,0,1
0,0.8987367,0.7394741,0.020130593,-0.3596555,0.19360769,-0.37395597,-0.70075804,1,0,0
0,-1.8557814,-1.8292526,-0.92476887,1.7663223,-1.1741443,1.872015,0.999596,0,1,0
0,1.3995582,1.6182365,-0.902666,1.7064353,-1.5671765,1.8139304,-0.40069535,0,1,0
0,-1.0043788,-1.6940489,-0.59875095,1.2872288,-0.24658835,1.5336919,-0.50071657,0,0,1
0,-0.80405325,-0.00410521,0.0809136,-0.26982567,-0.07365419,-0.19827557,1.5997214,0,1,0
0,0.39791524,1.1450647,1.1805334,-1.0982583,-1.5671765,-0.8942777,0.89957476,0,1,0
0,1.0990776,0.7394741,0.07538787,-0.5892215,-0.2937522,-0.6872214,-1.100842,1,0,0
0,0.648326,0.80707604,0.7108466,-0.98846596,-1.4099636,-0.95581925,-0.10063361,0,1,0
0,0.047349393,-0.4096958,-0.4164019,0.16934362,-1.2213081,0.102948956,-0.70075804,0,1,0
0,-0.4033869,-0.071707085,-0.12906405,0.13940035,1.7500151,0.2702894,0.6995333,0,1,0
0,-1.2047043,-0.6800827,-0.062755324,-0.61916476,-1.3470784,-0.8152362,1.399679,0,1,0
0,0.49808568,1.5506347,-0.637431,0.34900364,0.4451483,0.1903691,1.2996587,0,1,0
0,-0.30323175,0.33388352,1.1584306,-1.1880883,1.1211636,-1.0593232,1.0996172,0,1,0
0,-0.5536425,-0.6124808,-0.48271063,0.548626,1.3884255,0.59290016,0.1994291,0,1,0
0,0.29776013,-0.13930896,-0.20642425,0.23921151,0.39798442,0.3603655,-0.8007793,0,1,0
0,-0.85413843,-0.74768454,0.9318757,-1.2679373,0.979672,-1.3052658,0.599513,0,1,0
0,0.8486668,0.67187226,-0.18984707,-0.28978798,1.2940978,-0.40615237,-0.70075804,0,0,1
0,1.7501394,1.0774629,0.12511942,-0.57924014,-0.010769043,-0.64199734,-1.9010079,0,0,1
0,-0.50355726,-0.071707085,0.04775923,-0.54929686,1.6714087,-0.6434039,0.89957476,0,1,0
0,-0.6037277,-0.74768454,-0.758997,-0.20993873,-1.6615041,-0.66978973,0.09940883,0,1,0
0,0.097434595,1.1450647,0.07538787,0.129419,-1.0012101,0.40471032,1.4997002,0,1,0
0,1.7000542,1.1450647,-0.73689413,0.7083237,1.6556873,0.6081927,-1.7009664,0,1,0
0,1.1491475,0.53666854,0.3958801,-0.8187871,0.96395075,-0.8559192,-1.500925,0,0,1
0,-1.054464,-0.6124808,-0.5379679,1.0277195,-1.3156358,1.2243916,1.1996374,0,1,0
0,1.4997287,1.5506347,2.1696386,-1.8069175,0.38226312,-1.7268977,-0.70075804,0,1,0
0,-1.35496,-1.1532751,-0.25063008,-0.17999546,-1.4728488,-0.28551996,0.999596,0,1,0
0,0.097434595,-0.4096958,-0.21194997,-0.0003354402,-0.938325,0.004434982,-0.8007793,0,0,1
0,-1.2047043,-1.1532751,-0.5600708,0.77819157,-0.37235865,0.8536762,0.6995333,0,1,0
0,0.8486668,0.53666854,-0.8529344,1.0676441,0.39798442,0.9985071,-0.9007995,0,1,0
0,-0.85413843,-0.6124808,-0.6540082,0.73826736,-1.1741443,0.71881545,0.79955447,0,1,0
0,-1.6053706,-1.626447,-0.7811,0.66839945,0.57091856,0.5167883,0.79955447,0,1,0
0,-0.4033869,-0.74768454,0.26878834,0.14938131,0.6652463,0.5768846,-0.3006751,0,1,0
0,1.0990776,0.4014854,0.5119204,-0.9485415,0.22505026,-0.99788874,-1.6009462,0,1,0
0,-0.25314656,-0.4772977,-0.6484825,0.9179274,1.1211636,0.97340024,-0.20065387,0,1,0
0,0.648326,0.4014854,-0.68163687,0.5186827,-0.30947348,0.39145866,-0.70075804,0,1,0
0,-1.054464,-1.6940489,0.56717765,-0.75890017,0.2879354,-0.6634424,-0.40069535,0,0,1
0,2.00055,2.091429,0.13617088,1.0876064,0.1778864,1.9152957,-0.9007995,0,1,0
0,-0.95429355,-1.0180714,-0.22852716,0.9378897,-1.6143403,1.3678068,0.39947057,0,1,0
0,0.24767493,1.3478497,-0.47718492,0.5087014,0.68096757,0.54058653,1.4997002,0,1,0
0,1.649969,1.4830534,-0.18432134,-0.0003354402,-0.9068824,0.02396575,-1.100842,0,1,0
0,0.44800046,0.4014854,0.81030965,-1.2280127,1.0739998,-1.2980586,-0.3006751,1,0,0
0,1.1491475,0.7394741,0.036707778,-0.6890327,0.759574,-0.8615048,-1.2008623,0,1,0
0,-1.2047043,-0.54487896,-0.5379679,0.80813485,-1.6929468,0.91459304,1.5997214,0,0,1
0,0.94882196,-0.13930896,-0.1787956,0.46877712,0.36654183,0.71954805,-2.10105,0,1,0
1,1.1992327,0.33388352,-0.92476887,0.5685883,0.57091856,0.26423478,-1.9010079,0,0,1
0,0.44800046,0.80707604,-0.1180126,-0.4993913,-0.27803093,-0.6703562,0.2994503,1,0,0
0,2.0506353,2.361816,0.26326263,-0.6391271,0.0049522435,-0.6514893,-0.6007378,0,0,1
0,-1.2547895,-1.0180714,-1.1015922,1.736379,0.5551973,1.6524493,0.999596,0,1,0
0,0.24767493,1.009861,-0.93582034,1.6066242,-1.5828978,1.6466879,0.999596,0,0,1
0,-2.2063472,-2.5728114,-1.5270733,2.1755478,-1.268472,1.7635214,0.599513,0,1,0
0,-0.6037277,0.19867977,0.18590243,0.17932458,-0.26230964,0.56217813,1.4997002,0,0,1
0,0.6984112,0.46908727,-0.5711223,1.4070019,-0.27803093,1.7277993,-0.70075804,0,1,0
0,0.44800046,1.4154516,-1.3391985,0.85804045,-0.49812892,0.29683143,1.1996374,0,0,1
0,0.29776013,-0.34209394,2.6835315,-1.8568232,-0.6867844,-1.6268803,-1.100842,0,1,0
0,-0.50355726,-0.6800827,-1.0408092,1.2173609,-1.0012101,1.0280671,-0.0006123865,0,0,1
0,-0.95429355,-0.071707085,0.13064516,-0.7189759,-0.8911611,-0.8523448,1.7997628,0,1,0
0,0.648326,0.7394741,-0.47165918,0.029607834,1.3098191,-0.1365583,-0.20065387,0,1,0
0,-1.2547895,-1.0856733,-0.27273297,-0.030278714,-1.158423,-0.082184225,0.89957476,1,0,0
0,-1.5052003,-1.4236621,-0.70373976,0.73826736,0.067837395,0.6771562,0.89957476,0,0,1
0,0.6984112,0.4014854,0.744001,-0.6391271,-0.92260367,-0.36602625,-0.8007793,1,0,0
0,1.9003797,2.0238273,-0.62085384,0.29909807,-1.6929468,0.1334365,-0.8007793,0,1,0
0,0.097434595,1.212646,-0.5711223,0.8181162,1.0582784,0.90043294,1.5997214,0,1,0
0,0.097434595,-0.071707085,2.0259697,-1.7071065,0.9010656,-1.5963732,-0.3006751,1,0,0
0,-1.2047043,-0.95046955,-0.6926883,0.538645,0.47659084,0.41024724,0.999596,0,0,1
0,1.4496434,0.7394741,0.08643933,-0.60918343,-0.1837032,-0.7109317,-1.8009876,0,1,0
0,2.1007204,2.4970198,3.1697955,-2.1562567,0.49231213,-2.0620084,-0.50071657,0,0,1
0,1.0990776,0.7394741,-0.3500932,-0.040260058,-0.1837032,-0.15087454,-1.100842,1,0,0
0,-0.6037277,-0.13930896,0.68321794,-1.1781071,-0.63962054,-1.2790748,0.999596,0,1,0
0,0.29776013,0.8746573,-0.04617814,-0.15005219,-1.6929468,-0.10264297,0.6995333,0,1,0
0,-2.2063472,-2.6404133,-0.42745337,0.9179274,0.7910166,1.1655838,0.49949178,0,0,1
0,-0.0027358106,-0.2068902,-0.057229597,0.23921151,-0.010769043,0.4721603,-0.3006751,1,0,0
1,0.7484964,0.46908727,-1.123695,2.5548303,-1.6929468,2.6998503,-0.8007793,0,0,1
0,1.0489924,0.80707604,-0.6484825,1.0277195,0.60236114,1.1261512,-0.9007995,0,1,0
0,0.648326,0.6042704,3.4571333,-2.2560678,0.5551973,-2.1799946,-0.40069535,0,1,0
0,-0.753968,-0.6800827,2.1088557,-1.7969364,1.3884255,-1.7316633,0.49949178,0,0,1
0,-1.3048747,-0.95046955,-1.4552387,1.3570963,-0.07365419,0.8202003,1.1996374,0,1,0
0,-0.10290622,-0.6124808,-0.46060774,-0.06022199,1.5928022,-0.2566534,-0.70075804,0,0,1
0,0.7484964,0.33388352,-1.0408092,1.2872288,0.13072254,1.120419,-1.0008208,0,1,0
0,-1.3048747,-1.3560601,0.3406228,-0.5393159,1.1526061,-0.44920814,0.599513,0,0,1
1,-0.95429355,-1.5588452,5.678476,-2.7151992,0.2722141,-2.6500437,-0.40069535,0,1,0
0,-0.5536425,-0.00410521,-0.6484825,0.35898462,-0.46668637,0.19575939,1.0996172,0,1,0
0,-0.6037277,-0.13930896,-1.1347466,0.92790836,-1.0326527,0.56362337,0.999596,0,1,0
0,-0.6037277,-0.2068902,-0.18984707,-0.10014661,0.36654183,-0.12691015,0.89957476,0,1,0
0,1.1992327,1.4154516,-0.46613345,0.039589178,-1.2527508,-0.11841402,-0.3006751,0,1,0
0,-0.6537976,0.19867977,-0.24510434,-0.13008988,-0.30947348,-0.20879294,1.5997214,0,0,1
0,-0.0027358106,0.063496664,-0.34456745,-0.5393159,1.3727041,-0.8681846,0.09940883,0,1,0
0,-0.80405325,-1.3560601,-0.07380678,0.10945669,0.85390174,0.26601195,-0.40069535,0,1,0
0,-1.3048747,-1.0856733,-0.3390417,0.61849385,-0.19942449,0.80945843,0.999596,0,0,1
0,0.7484964,0.67187226,0.20800534,-0.030278714,0.1621651,0.2551039,-0.50071657,0,0,1
0,0.19758973,-0.4096958,-0.05170387,0.039589178,0.067837395,0.1774785,-1.0008208,1,0,0
0,1.1491475,0.46908727,0.4014058,-0.65908897,0.49231213,-0.6009437,-1.6009462,0,1,0
0,-0.90420836,-1.2884582,-0.8695116,0.34900364,-1.1112591,0.0119544165,-0.10063361,0,1,0
0,0.8486668,-0.071707085,-0.58217376,0.78817296,1.2783765,0.8490081,-1.8009876,0,0,1
0,0.8486668,0.6042704,0.5340233,-0.8686927,-1.0326527,-0.8581649,-0.8007793,0,1,0
0,-1.1546191,-0.6124808,-0.34456745,-0.1700145,-0.74966955,-0.3345133,1.399679,0,1,0
0,-0.10290622,-0.6124808,0.036707778,-0.43950474,-0.23086706,-0.48407102,-0.70075804,0,1,0
0,1.0990776,0.67187226,-0.42192763,0.6783804,0.6652463,0.8275048,-1.2008623,0,1,0
0,-1.4551151,-1.4236621,0.67769223,-1.3078618,1.1840488,-1.4928204,0.79955447,0,0,1
0,1.0489924,0.7394741,-0.4937621,1.1574739,-0.34091607,1.4477657,-1.0008208,0,0,1
0,-0.4033869,-1.0180714,-0.9137174,1.3570963,0.5551973,1.3331587,-0.70075804,0,1,0
0,-0.80405325,-0.8828677,-0.84740865,0.48873943,0.429427,0.2184347,0.2994503,0,1,0
0,0.7484964,0.33388352,1.0921218,-1.068315,0.09927996,-0.8887016,-1.0008208,0,0,1
0,-0.80405325,-0.54487896,-0.6319053,0.548626,-1.5200126,0.47293165,0.79955447,0,1,0
0,-0.4033869,-0.8828677,-0.50481355,1.137512,1.0268359,1.4094073,-0.50071657,1,0,0
0,-0.50355726,-0.8828677,-0.62637955,-0.14007123,-1.4414061,-0.48348498,-0.3006751,0,1,0
0,-1.6053706,-1.7616508,-0.37219608,0.38892826,-1.2213081,0.45176986,0.599513,0,0,1
0,0.94882196,0.6042704,0.19142815,-0.85871154,-1.268472,-1.0323021,-1.0008208,0,1,0
0,0.14750452,0.46908727,-0.001972318,-0.7688815,0.24077155,-1.0043637,0.39947057,0,1,0
0,-0.50355726,0.13109854,-0.27273297,0.10945669,-0.84399724,0.121522605,1.1996374,0,1,0
0,0.94882196,0.19867977,-0.30036163,0.62847483,-1.3156358,0.8555413,-1.6009462,0,1,0
0,0.6984112,0.7394741,-0.37219608,0.4488148,0.8067379,0.5380184,-0.3006751,0,1,0
0,0.44800046,0.53666854,-0.48271063,0.35898462,1.2154913,0.32349142,-0.10063361,0,0,1
0,-0.6537976,-0.34209394,-0.47718492,0.039589178,0.0049522435,-0.12630455,0.79955447,1,0,0
0,0.29776013,0.4014854,-0.47165918,-0.030278714,-0.63962054,-0.22175184,-0.0006123865,0,1,0
0,-0.6037277,-0.2068902,-0.44403055,0.728286,0.5237547,0.88046277,0.89957476,0,0,1
0,1.2493179,0.19867977,0.9429271,-1.2679373,1.2312126,-1.2999338,-2.2010705,0,0,1
0,-1.5552855,-1.6940489,-0.7866257,0.82809716,-1.3470784,0.7305048,0.599513,1,0,0
0,1.0489924,0.46908727,0.37930292,-0.96850383,-0.4195225,-1.1007776,-1.4009037,0,0,1
0,1.2493179,1.009861,0.478766,-0.39958012,-1.0012101,-0.14243715,-1.0008208,1,0,0
0,-0.50355726,0.063496664,0.43456018,-1.078296,-0.71822697,-1.2449932,1.0996172,0,1,0
1,1.0990776,0.4014854,-1.1347466,1.317172,0.8067379,1.0716797,-1.6009462,0,1,0
0,0.047349393,0.063496664,-0.5324422,0.92790836,-0.73394823,1.0883883,-0.0006123865,0,0,1
0,-1.755611,-1.8292526,-0.21194997,0.20926785,0.85390174,0.31225142,0.79955447,0,1,0
0,-0.85413843,-1.1532751,-0.5932252,0.68836176,-0.67106307,0.69981194,-0.0006123865,0,1,0
0,-1.3048747,-1.0180714,-0.38877326,0.5087014,-0.70250565,0.611054,1.0996172,1,0,0
1,1.2994031,1.009861,0.49534318,-0.55927783,1.8915067,-0.3864167,-1.100842,1,0,0
0,-0.85413843,-1.0856733,-0.001972318,0.33902267,-0.60817796,0.6638558,0.09940883,0,0,1
0,-0.0027358106,-0.6124808,0.46771455,-0.91859823,0.74385273,-0.9741393,-0.9007995,0,0,1
0,-0.50355726,-0.8828677,-0.013023773,0.27913576,1.4827532,0.5653222,-0.3006751,0,1,0
0,-0.5536425,-0.8828677,-0.758997,0.9778139,0.9325082,0.9594551,-0.20065387,0,0,1
0,-0.95429355,-1.3560601,-0.62637955,0.59853154,-0.73394823,0.5470027,-0.10063361,0,1,0
0,-1.0043788,-0.8828677,-0.1566927,0.57856923,0.09927996,0.89931965,0.6995333,0,1,0
0,-2.2063472,-2.5728114,-0.576648,1.1574739,0.2879354,1.3721817,0.599513,0,0,1
0,0.7985816,0.46908727,1.3905112,-1.6172764,-0.4195225,-1.6961371,-0.9007995,0,0,1
0,0.29776013,1.2802478,0.49534318,-0.469448,-1.6929468,-0.24324556,1.2996587,0,0,1
0,1.9003797,1.9562253,-0.14011551,-0.56925917,1.1368849,-0.78752214,-0.9007995,0,1,0
0,0.99890715,0.33388352,2.4238222,-1.7969364,-0.02649033,-1.609205,-1.500925,0,1,0
0,-0.7038828,-0.2068902,0.5284976,-0.7788625,0.036394816,-0.71752316,1.0996172,0,0,1
0,-1.054464,-1.2884582,0.48429173,-0.85871154,1.5928022,-0.869786,0.1994291,0,0,1
0,1.7000542,1.212646,0.13617088,-0.40956107,0.99539334,-0.37567484,-1.6009462,0,1,0
1,-0.45347208,0.063496664,-0.576648,0.87800276,1.907228,0.97980636,0.999596,0,1,0
0,0.19758973,-0.4772977,-0.7921514,1.1175497,-0.84399724,1.1211315,-1.100842,1,0,0
0,0.54817086,0.26628166,1.8491465,-1.5174652,-0.95404625,-1.3202263,-0.70075804,0,1,0
0,-1.0043788,-1.3560601,-0.5876995,-0.080184296,-0.32519478,-0.37313545,-0.0006123865,0,1,0
0,-0.0027358106,-0.4772977,-0.7313684,0.38892826,0.47659084,0.1731132,-0.70075804,0,0,1
0,1.1491475,1.212646,-0.3556189,0.7981539,1.1368849,1.0551956,-0.50071657,0,0,1
0,1.3995582,0.53666854,-0.12906405,-0.050241023,-1.3313571,-0.010994111,-2.001029,0,1,0
0,-0.45347208,-1.1532751,0.10854224,-0.62914574,-1.2213081,-0.72813845,-0.8007793,0,1,0
0,-0.50355726,-0.00410521,-1.1181693,1.736379,0.60236114,1.6356332,0.999596,0,0,1
0,0.24767493,0.94225913,-0.82530576,1.1874176,-0.6238992,1.1861501,0.89957476,0,0,1
0,1.8503097,1.6182365,0.00355341,-0.25984433,0.60236114,-0.23423216,-1.3008834,0,0,1
0,1.3995582,1.5506347,-0.5932252,0.8979651,1.7342938,0.9934779,-0.50071657,0,0,1
0,1.1491475,0.063496664,0.13064516,-0.21992008,-1.2055868,-0.08917638,-2.2010705,0,0,1
0,1.0990776,0.67187226,-0.5711223,0.69834274,1.2469339,0.73215497,-1.2008623,0,0,1
0,-0.95429355,-0.6800827,-0.23405288,0.049570143,-0.7811121,0.061904427,0.89957476,0,1,0
0,-1.35496,-1.4236621,0.2190568,-0.55927783,1.3412616,-0.55438185,0.599513,0,1,0
0,1.2994031,0.26628166,0.54507476,-0.3796178,-0.37235865,-0.06825865,-2.2010705,0,1,0
0,1.0489924,0.67187226,-0.9689747,0.9977762,1.5299171,0.80129427,-1.100842,0,1,0
0,0.49808568,0.80707604,-0.70373976,0.20926785,-0.6867844,-0.053649623,0.1994291,0,1,0
0,-1.5552855,-1.6940489,0.09196506,-0.8786736,0.13072254,-1.1178864,0.599513,0,0,1
0,-0.90420836,-0.74768454,-0.72584265,-0.12010892,-1.378521,-0.5238356,0.6995333,0,0,1
0,-1.4551151,-1.1532751,-0.26168153,0.14938131,0.5237547,0.18782969,1.1996374,1,0,0
0,1.1491475,0.94225913,0.16932525,-0.27980664,-1.4571275,-0.15532728,-0.9007995,0,1,0
0,-0.5536425,-0.071707085,-0.2174757,0.41887155,0.115001254,0.61575127,0.999596,0,1,0
0,-0.753968,-0.4096958,2.0535984,-1.846842,0.8853443,-1.846456,0.89957476,0,1,0
0,-0.5536425,0.063496664,2.2359474,-1.6572008,1.3255403,-1.4164746,1.1996374,0,1,0
0,0.24767493,1.0774629,0.19695388,-0.7489192,0.94822943,-0.86005,1.0996172,0,1,0
1,0.94882196,0.33388352,-1.1015922,1.5667,1.5141958,1.429993,-1.4009037,0,1,0
0,-0.85413843,-0.6124808,-0.60427666,0.089494765,0.85390174,-0.14722228,0.79955447,1,0,0
0,1.9003797,1.6858385,1.1529047,-1.4875218,1.0582784,-1.5741668,-1.3008834,1,0,0
0,-1.054464,-1.5588452,0.036707778,-0.2398824,-0.56101406,-0.18212385,-0.20065387,0,1,0
0,0.44800046,0.46908727,-0.394299,-0.3796178,1.577081,-0.6692238,-0.20065387,0,1,0
0,-0.6037277,-1.0180714,-0.515865,-0.29976895,-1.5200126,-0.634029,-0.3006751,0,1,0
0,0.44800046,0.53666854,-0.3500932,-0.10014661,-1.5357338,-0.23735714,-0.10063361,0,1,0
0,1.4997287,1.6858385,-0.43297908,0.019626869,0.3036567,-0.12327748,-0.50071657,0,1,0
0,2.00055,2.091429,-0.72584265,-0.020297749,0.38226312,-0.38633838,-0.9007995,1,0,0
0,0.7484964,0.7394741,2.9653435,-2.1263132,-0.07365419,-2.0676727,-0.40069535,0,1,0
0,0.29776013,1.0774629,-0.36667037,-0.8487304,-0.60817796,-1.3276187,0.999596,0,0,1
0,-1.4050299,-0.95046955,-0.7479456,0.36896595,0.82245916,0.1328309,1.399679,0,0,1
0,1.9003797,1.8210422,-0.9689747,0.92790836,0.9325082,0.708054,-1.100842,0,0,1
0,-1.2547895,-0.8828677,-0.47718492,-0.2398824,0.067837395,-0.52360153,1.1996374,0,1,0
0,1.7000542,1.5506347,0.00355341,-0.13008988,-0.1837032,-0.03872823,-1.100842,0,1,0
0,-1.9058514,-1.8968339,-1.0131805,0.35898462,-1.3470784,-0.08525046,0.999596,0,1,0
0,0.24767493,-0.13930896,-0.52139074,0.38892826,0.8853443,0.33602047,-0.70075804,0,1,0
0,-1.4551151,-1.0180714,0.08643933,-0.3796178,-1.6929468,-0.36167097,1.399679,0,1,0
0,-1.2047043,-0.34209394,0.4621888,-0.6890327,1.8286215,-0.61261356,1.8997831,1,0,0
0,0.29776013,-0.13930896,0.66111505,-1.1082394,0.3036567,-1.176684,-0.8007793,0,0,1
0,-1.7055258,-1.5588452,0.6334864,-0.8986359,-0.26230964,-0.8516026,1.0996172,1,0,0
0,0.39791524,0.6042704,-0.09590969,0.61849385,-0.81255466,1.0079699,0.09940883,0,0,1
0,-0.25314656,-0.8828677,-1.206581,1.1874176,0.09927996,0.8364403,-0.8007793,0,0,1
0,1.7501394,1.212646,-0.48823637,0.5186827,1.0268359,0.5459477,-1.7009664,0,1,0
0,1.599899,0.94225913,0.39035437,-0.4494857,-0.70250565,-0.27729747,-1.8009876,0,1,0
0,-0.95429355,-0.74768454,-1.0297577,0.61849385,1.0268359,0.24550448,0.79955447,0,0,1
0,-1.054464,-1.626447,0.05881069,-0.10014661,-1.1427017,0.044473216,-0.3006751,0,1,0
0,0.59825605,0.26628166,-0.8695116,0.15936227,0.14644383,-0.24446632,-0.8007793,0,0,1
0,0.6984112,0.80707604,0.009079138,-0.36963683,-1.2527508,-0.39611357,-0.20065387,0,0,1
0,1.2994031,1.1450647,0.014604866,-0.5892215,0.46086955,-0.72385144,-0.9007995,0,1,0
0,1.2994031,0.67187226,2.550914,-1.9266909,0.46086955,-1.8138202,-1.6009462,0,1,0
0,0.44800046,0.67187226,0.09196506,-0.12010892,0.3036567,0.036934204,0.09940883,0,0,1
0,1.8503097,1.7534404,-0.60980237,0.32904133,1.2783765,0.18369886,-1.100842,0,0,1
0,-1.4050299,-1.4236621,1.147379,-1.0982583,1.2626551,-0.9112695,0.6995333,0,0,1
1,1.4997287,1.4830534,-1.5602276,3.1237545,0.22505026,2.8934505,-0.8007793,0,0,1
0,-0.10290622,-0.2068902,-0.59875095,0.029607834,-0.105096765,-0.22707427,-0.10063361,0,1,0
0,0.44800046,0.4014854,0.9374014,-1.078296,0.7910166,-0.9855063,-0.3006751,0,0,1
0,1.8503097,1.9562253,-0.43850482,0.9778139,-1.6615041,1.2415199,-0.8007793,1,0,0
0,-1.2547895,-0.74768454,-0.5324422,0.34900364,-1.6929468,0.27108032,1.399679,0,1,0
0,0.14750452,1.212646,-0.17326988,0.30907902,-0.7968334,0.4882929,1.4997002,0,1,0
0,-1.35496,-1.1532751,0.6500636,-0.88865477,-1.5671765,-0.8263396,0.999596,0,0,1
0,-1.2547895,-1.1532751,0.025656322,0.079513416,-1.1112591,0.293023,0.79955447,0,1,0
0,-1.35496,-1.0856733,-0.44403055,-0.06022199,-0.7653908,-0.24511062,1.0996172,0,1,0
0,-0.45347208,-0.00410521,-0.80320287,0.6584181,-1.268472,0.4849334,0.89957476,0,1,0
0,-0.15297614,-0.27449208,0.07538787,0.09947573,1.1211636,0.35921305,-0.10063361,1,0,0
0,0.59825605,0.53666854,0.9484529,-1.1082394,-1.0955378,-1.0299294,-0.40069535,0,1,0
0,-1.8056961,-1.8292526,-0.28931016,-0.24986336,-0.38807994,-0.41328114,0.89957476,0,1,0
0,0.59825605,0.80707604,0.10301651,-0.5892215,1.5141958,-0.6705711,-0.0006123865,0,1,0
0,1.4496434,1.6182365,0.119593695,-0.51935357,0.6652463,-0.55387414,-0.50071657,0,1,0
0,-0.45347208,-0.8152864,-0.60980237,1.0077572,-0.37235865,1.1326257,-0.3006751,0,1,0
0,0.24767493,1.0774629,-0.51033926,0.538645,1.5141958,0.5565529,1.0996172,0,1,0
0,1.0990776,0.6042704,-1.3115698,1.3371344,-0.7811121,0.9308622,-1.3008834,0,0,1
0,0.8987367,0.6042704,-0.4992878,-0.34967452,-1.1741443,-0.6939399,-0.9007995,0,1,0
0,2.1007204,2.294214,-0.455082,0.9378897,-0.1837032,1.1700175,-0.8007793,0,1,0
0,-0.15297614,0.33388352,0.3019427,-0.45946667,0.4137057,-0.34833142,0.79955447,0,0,1
0,0.7985816,0.4014854,0.07538787,-0.110127576,-1.6929468,0.04073308,-1.0008208,0,0,1
0,-0.15297614,-0.4096958,0.6113835,-1.0184094,-0.23086706,-1.0570675,-0.3006751,0,1,0
0,-0.753968,-0.4096958,-0.09590969,0.73826736,-1.378521,1.1863258,0.89957476,0,0,1
0,0.8486668,0.6042704,-0.576648,0.7981539,-0.6553418,0.8676992,-0.8007793,0,0,1
0,1.2493179,0.33388352,-0.1787956,-0.050241023,0.6180824,-0.045710366,-2.001029,0,1,0
0,-0.15297614,-0.27449208,0.00355341,-0.55927783,-0.26230964,-0.68539506,-0.10063361,0,0,1
0,-0.7038828,-0.2068902,-0.42192763,-0.090165645,-0.6553418,-0.2725811,1.0996172,1,0,0
0,-0.10290622,-0.2068902,0.46771455,-0.57924014,-0.1837032,-0.4349315,-0.10063361,0,1,0
1,-0.50355726,0.26628166,-0.9302946,1.3770586,1.8915067,1.344233,1.399679,0,1,0
0,1.9504648,2.226612,-0.1787956,-0.56925917,0.8381804,-0.8109688,-0.6007378,0,0,1
0,1.8002245,1.5506347,0.8766184,-0.8686927,-0.12081805,-0.6686573,-1.3008834,0,0,1
0,0.7484964,0.7394741,-0.1787956,-0.14007123,0.649525,-0.17815879,-0.40069535,0,0,1
0,-1.35496,-0.95046955,-1.0021291,0.75822926,0.036394816,0.45372325,1.2996587,0,1,0
0,0.097434595,1.0774629,1.2578937,-1.3577673,-1.378521,-1.3032737,1.399679,0,1,0
0,-1.1546191,-0.8152864,1.9707125,-1.5474086,1.2312126,-1.3224921,1.0996172,0,1,0
0,-1.3048747,-0.6124808,-0.880563,0.10945669,0.6966889,-0.31997257,1.6997416,0,1,0
0,-0.6537976,-0.00410521,0.08643933,-0.7389382,1.4041468,-0.90833986,1.2996587,0,1,0
0,-0.6037277,0.063496664,-0.32246453,0.73826736,1.2469339,0.99654454,1.2996587,0,1,0
0,1.1491475,1.009861,1.4070883,-1.3877106,-1.5828978,-1.286223,-0.8007793,0,1,0
0,-0.6037277,-0.8828677,-0.22852716,-0.050241023,-0.2937522,-0.080426626,-0.10063361,0,0,1
0,-0.4033869,0.19867977,-0.5490194,0.69834274,-1.3627998,0.75051415,1.0996172,0,1,0
0,1.3995582,1.5506347,1.2413164,-1.0084282,0.85390174,-0.70808995,-0.50071657,0,1,0
0,-0.6037277,-0.4096958,-0.84188294,1.4070019,0.99539334,1.4689275,0.599513,0,1,0
0,-0.5536425,0.19867977,0.06433642,-0.47942898,-0.9068824,-0.52727336,1.399679,0,0,1
0,1.1992327,1.212646,0.600332,-0.9984471,0.22505026,-1.0307008,-0.6007378,0,1,0
0,1.649969,1.1450647,-0.001972318,-0.15005219,1.7814577,-0.07256523,-1.6009462,0,1,0
0,-0.20306134,0.063496664,2.8603547,-1.9566344,-0.74966955,-1.7608819,0.49949178,0,1,0
0,0.44800046,0.53666854,1.0479159,-0.9784848,-0.85971856,-0.7596318,-0.10063361,0,1,0
0,0.8486668,0.6042704,0.37930292,-0.6990136,0.82245916,-0.6768015,-0.8007793,0,1,0
0,-0.7038828,-0.27449208,0.13064516,-0.4993913,-1.3627998,-0.51655066,0.999596,0,1,0
0,-0.95429355,-1.6940489,-0.2561558,0.36896595,0.71241015,0.5126379,-0.6007378,0,1,0
0,-0.5536425,-0.95046955,-0.12353833,-0.020297749,0.09927996,0.037305303,-0.3006751,0,0,1
0,-1.35496,-1.4236621,1.4236655,-1.5274463,-0.5138502,-1.5242555,0.599513,0,1,0
0,-1.054464,-0.2068902,3.6173794,-2.3159547,-1.268472,-2.2592702,1.7997628,0,1,0
0,0.29776013,-0.2068902,0.42903444,-0.6790513,1.2154913,-0.6162166,-0.9007995,0,1,0
0,0.49808568,1.0774629,0.38482863,-0.41954243,0.759574,-0.23362656,0.599513,0,0,1
0,0.19758973,0.26628166,0.025656322,-0.36963683,-1.3627998,-0.38547918,-0.0006123865,0,0,1
0,-0.753968,-0.8828677,0.67769223,-1.1681262,-1.4571275,-1.2655987,0.1994291,0,0,1
0,0.19758973,-0.2068902,0.843464,-1.2579561,0.115001254,-1.331398,-0.70075804,0,1,0
0,1.2994031,1.2802478,0.5174461,-0.9086171,-0.2937522,-0.93112266,-0.70075804,0,1,0
0,-1.3048747,-0.95046955,-1.1900038,1.9060577,0.1621651,1.782564,1.1996374,0,1,0
0,1.0990776,1.009861,0.020130593,-0.15005219,-1.1112591,-0.057526816,-0.70075804,0,1,0
0,1.7501394,1.4830534,1.5397058,-1.6372385,0.02067353,-1.6688914,-1.3008834,0,0,1
0,0.39791524,1.2802478,0.45113736,-1.1681262,1.6242448,-1.378907,1.0996172,0,0,1
0,0.6984112,0.4014854,-0.52139074,0.38892826,1.6085235,0.33602047,-0.8007793,0,1,0
0,1.3995582,1.6182365,0.2798398,-0.55927783,-0.6867844,-0.5174295,-0.40069535,0,1,0
0,-1.4551151,-0.95046955,-0.5379679,-0.28978798,-0.7653908,-0.63440007,1.4997002,0,1,0
0,-0.50355726,0.19867977,1.8159921,-1.5973141,1.7814577,-1.480692,1.2996587,0,1,0
0,1.9504648,2.091429,-0.6319053,0.92790836,1.4355893,1.00173,-0.8007793,0,1,0
0,1.4496434,1.7534404,-1.1679009,1.985907,-1.3156358,1.9093972,-0.3006751,0,1,0
0,0.54817086,0.94225913,-0.04617814,-0.13008988,-0.828276,-0.072740994,0.2994503,0,1,0
0,1.8002245,1.8210422,0.539549,-0.70899457,-1.3942423,-0.5993323,-0.9007995,0,1,0
0,0.14750452,-0.27449208,0.33509707,-0.5393159,1.0897211,-0.4525872,-0.70075804,0,1,0
0,0.097434595,0.19867977,-0.50481355,0.009645524,1.5928022,-0.18845168,0.09940883,0,0,1
0,-0.20306134,0.13109854,1.1252762,-1.5174652,-0.13653934,-1.6374855,0.599513,0,1,0
0,2.1007204,2.564601,-0.7645228,1.3870399,0.539476,1.5155281,-0.40069535,0,1,0
0,-1.2547895,-1.0856733,0.80478394,-1.1880883,-1.4571275,-1.2349449,0.89957476,0,0,1
1,0.39791524,0.063496664,-0.74241984,2.1156614,1.2783765,2.538174,-0.70075804,0,1,0
0,-0.5536425,-0.00410521,0.8489898,-1.1182206,-0.81255466,-1.0972619,1.0996172,0,1,0
0,-0.5536425,0.13109854,0.9208242,-1.2379938,-0.07365419,-1.2606181,1.2996587,0,1,0
0,-0.753968,-0.8828677,0.19695388,-0.60918343,0.319378,-0.6447221,0.1994291,0,1,0
0,0.49808568,0.19867977,0.42903444,-0.54929686,0.2879354,-0.41093752,-0.70075804,0,1,0
0,0.648326,0.19867977,-0.43850482,0.14938131,1.4041468,0.058144707,-1.0008208,0,1,0
0,-1.2547895,-0.8152864,-1.2728897,1.7263976,-1.6929468,1.4659004,1.2996587,0,1,0
0,0.49808568,1.0774629,-1.0352834,2.345227,0.5551973,2.5250885,0.599513,0,1,0
0,1.0990776,0.6042704,-0.28378445,0.41887155,-0.7968334,0.5639553,-1.3008834,0,0,1
0,1.0489924,0.6042704,0.6555893,-0.96850383,1.2312126,-0.9528313,-1.2008623,0,1,0
0,-0.6037277,-0.00410521,-0.013023773,-0.0103164045,1.2940978,0.13004787,1.1996374,0,1,0
0,0.047349393,1.009861,-1.1347466,1.3970209,-1.2841933,1.1758963,1.399679,0,1,0
0,0.047349393,-0.27449208,-0.21194997,-0.19995777,0.7752953,-0.28872326,-0.50071657,0,0,1
0,0.24767493,-0.4096958,0.56717765,-0.3796178,-0.07365419,-0.05411862,-1.100842,1,0,0
1,-2.106192,-2.5052302,-1.6817936,3.6128285,-0.2937522,3.3312252,0.49949178,0,0,1
0,1.2493179,1.009861,0.35167426,-0.75890017,1.356983,-0.78683823,-1.0008208,0,1,0
0,-2.356603,-2.9108,-0.3556189,1.0975873,1.2469339,1.4873159,0.39947057,0,1,0
0,0.8486668,0.80707604,-0.6705854,-0.19995777,0.9167869,-0.596725,-0.50071657,0,1,0
0,-1.2547895,-0.4096958,1.6115402,-1.337805,-0.04221162,-1.1025156,1.8997831,0,0,1
0,-0.753968,-1.1532751,-0.5490194,0.35898462,-1.6143403,0.2723985,-0.20065387,0,0,1
1,0.6984112,0.53666854,-1.4055072,2.2553968,1.1840488,1.9966809,-0.6007378,0,1,0
0,1.0990776,1.0774629,-0.84740865,1.0476818,-0.60817796,0.97638863,-0.6007378,0,0,1
0,0.29776013,1.1450647,-0.062755324,0.38892826,1.2154913,0.6918435,1.0996172,0,1,0
0,-1.1546191,-0.4772977,-0.7700485,0.8879841,0.6180824,0.8266843,1.5997214,1,0,0
0,-2.1562622,-2.6404133,-0.72584265,0.78817296,0.14644383,0.7273894,0.39947057,0,1,0
0,-2.056107,-2.3024244,-0.040652413,-0.14007123,-0.057932902,-0.0839227,0.6995333,0,0,1
0,-1.4050299,-1.2884582,0.9539786,-0.9086171,1.5141958,-0.6927387,0.89957476,0,1,0
0,-0.30323175,0.33388352,-0.14011551,-0.38959914,0.96395075,-0.5213945,1.0996172,0,1,0
0,0.54817086,0.80707604,1.2965738,-1.0383716,1.2312126,-0.73086274,0.09940883,0,1,0
0,-0.90420836,-0.74768454,-1.4441873,1.3970209,-1.4099636,0.88058984,0.6995333,0,1,0
0,0.7484964,0.53666854,-0.8695116,1.2373232,0.9010656,1.2130833,-0.70075804,0,1,0
0,-0.4033869,0.4014854,-0.5324422,1.0876064,-0.35663736,1.3138525,1.399679,0,0,1
0,-1.5552855,-1.2884582,0.08643933,-0.62914574,1.907228,-0.74130225,1.1996374,0,1,0
0,1.599899,0.8746573,-0.8087286,1.2872288,-1.5042913,1.3373874,-1.9010079,0,1,0
0,1.649969,0.94225913,0.5008689,-0.7489192,-1.6615041,-0.68549293,-1.9010079,0,1,0
0,-1.35496,-0.8828677,-0.3390417,0.75822926,-0.15226063,1.0115247,1.399679,1,0,0
0,-1.6053706,-1.3560601,0.7495267,-1.0283904,-0.9697675,-1.0006722,1.1996374,0,1,0
0,-0.7038828,-0.27449208,-0.84740865,0.85804045,-1.2999146,0.7192257,0.999596,0,1,0
0,1.2994031,1.4154516,0.7108466,-1.1282016,1.1368849,-1.183862,-0.50071657,0,1,0
0,0.047349393,-0.54487896,-0.455082,0.4288525,-0.15226063,0.44437745,-0.9007995,0,0,1
0,1.5498139,0.80707604,0.7716296,-0.51935357,-1.2999146,-0.15286663,-1.9010079,0,1,0
0,-1.35496,-0.8828677,0.26326263,-0.41954243,0.6338037,-0.31053936,1.399679,0,1,0
0,1.9003797,2.091429,-0.44955626,0.2192492,-1.2999146,0.1497057,-0.70075804,0,1,0
0,0.7484964,0.4014854,4.9325027,-2.5754635,0.2879354,-2.4862971,-0.9007995,0,0,1
0,1.1992327,1.212646,-0.68163687,0.6085125,1.4827532,0.51590955,-0.6007378,0,1,0
1,1.2994031,1.4154516,-1.38893,2.8442829,-1.6929468,2.7571154,-0.50071657,0,1,0
0,1.8503097,1.3478497,-0.758997,0.85804045,-0.49812892,0.7951618,-1.7009664,0,0,1
0,0.39791524,-0.2068902,-0.31693882,-0.10014661,0.99539334,-0.21450606,-1.100842,0,0,1
0,0.047349393,-0.27449208,0.60585773,-0.6391271,0.94822943,-0.44805613,-0.50071657,0,1,0
0,-1.1546191,-1.0180714,-0.47718492,0.548626,-0.34091607,0.5973434,0.79955447,0,1,0
0,0.94882196,0.6042704,-0.31141308,-0.29976895,-1.1427017,-0.5003402,-1.0008208,0,0,1
0,0.34784535,-0.27449208,-0.018549502,-0.27980664,-1.3942423,-0.27884063,-1.100842,0,0,1
0,-0.30323175,-0.8828677,-0.19537279,-0.21992008,0.067837395,-0.30696496,-0.70075804,0,1,0
0,2.2008755,2.4294178,-0.16221842,-0.110127576,1.4355893,-0.12261314,-0.8007793,0,0,1
0,-0.7038828,-0.071707085,0.7108466,-0.7688815,-1.598619,-0.5974672,1.2996587,0,0,1
0,-1.2547895,-0.95046955,-0.880563,1.3471153,1.3255403,1.3510882,1.0996172,0,1,0
1,0.49808568,0.7394741,-1.6762679,2.4350572,1.0897211,1.9143978,0.09940883,0,1,0
0,0.7985816,0.4014854,1.556283,-1.3777294,0.99539334,-1.199623,-1.0008208,1,0,0
0,1.4997287,0.80707604,-0.46060774,0.39890924,0.539476,0.39739624,-1.8009876,0,1,0
0,0.29776013,0.4014854,2.164113,-1.7969364,-1.3156358,-1.7101796,-0.0006123865,0,1,0
0,-0.753968,-0.74768454,1.0258131,-0.80880594,1.5299171,-0.48505726,0.39947057,0,1,0
0,0.39791524,1.6182365,-0.41087618,0.36896595,0.49231213,0.39314795,1.5997214,0,0,1
0,0.34784535,0.46908727,0.009079138,0.129419,-0.4038012,0.35631302,-0.0006123865,0,1,0
0,-0.30323175,-0.6800827,-0.6871626,1.1674553,-0.71822697,1.2852205,-0.40069535,1,0,0
0,0.34784535,0.8746573,0.12511942,-0.28978798,-0.7811121,-0.19964294,0.599513,0,0,1
0,-0.50355726,0.19867977,-0.51033926,-0.0103164045,-0.46668637,-0.22062898,1.2996587,0,0,1
0,0.7985816,0.6042704,-0.8529344,1.1175497,0.38226312,1.0661328,-0.70075804,0,1,0
0,-0.80405325,-1.1532751,-0.48271063,0.8480595,-0.5452928,1.0182823,-0.10063361,0,1,0
0,-1.1045492,-1.0856733,0.9650301,-0.6790513,1.0897211,-0.30173087,0.599513,0,1,0
0,-1.2047043,-0.95046955,-0.26720726,-0.18997681,0.6966889,-0.31127155,0.999596,0,1,0
0,-1.4050299,-1.0180714,-0.51033926,0.78817296,1.2626551,0.90981746,1.2996587,0,1,0
0,0.648326,0.26628166,-0.21194997,-0.020297749,1.2469339,-0.024880977,-0.9007995,0,0,1
0,-1.2547895,-0.8152864,-0.9910776,1.0676441,1.2940978,0.8747305,1.2996587,0,1,0
0,0.29776013,-0.00410521,0.5284976,-0.8986359,-0.010769043,-0.9091212,-0.6007378,0,1,0
0,0.29776013,-0.13930896,0.009079138,-0.3796178,0.9167869,-0.41116244,-0.8007793,1,0,0
0,1.1992327,0.67187226,-0.27273297,-0.28978798,0.94822943,-0.4604973,-1.4009037,0,0,1
0,0.44800046,1.3478497,-0.758997,1.0676441,1.2154913,1.0826757,1.0996172,0,0,1
0,-0.90420836,-0.95046955,-0.5876995,-0.050241023,-1.5828978,-0.33115384,0.39947057,0,1,0
0,-0.10290622,-0.13930896,-0.62085384,0.5186827,-0.02649033,0.4400126,-0.0006123865,0,0,1
0,0.44800046,0.46908727,-0.16774416,-0.24986336,-1.5042913,-0.33271655,-0.20065387,0,1,0
0,-0.7038828,-0.4772977,-0.16221842,0.079513416,1.0897211,0.15755706,0.6995333,0,0,1
0,0.34784535,0.13109854,-0.2561558,-0.40956107,-1.5357338,-0.6245857,-0.50071657,0,1,0
0,1.8503097,1.6858385,0.56165195,-0.39958012,0.2722141,-0.08970366,-1.2008623,0,1,0
0,1.0489924,0.4014854,-0.8529344,1.3570963,-1.6143403,1.3907357,-1.500925,0,1,0
0,0.44800046,0.94225913,-0.58217376,0.538645,0.1621651,0.49891725,0.49949178,0,0,1
0,1.3494883,1.4154516,0.020130593,-0.24986336,-1.1741443,-0.20820738,-0.6007378,0,1,0
0,0.7484964,0.4014854,-0.07933251,0.18930593,1.5141958,0.38113663,-0.9007995,0,1,0
0,0.19758973,0.13109854,-0.880563,0.728286,-1.6143403,0.515558,-0.20065387,0,0,1
0,0.39791524,0.53666854,1.1142247,-1.2878995,-1.0798166,-1.251292,-0.0006123865,0,1,0
0,0.8987367,0.53666854,-0.17326988,-0.12010892,-0.1837032,-0.14493695,-1.0008208,0,0,1
0,1.9504648,2.091429,-0.5490194,0.10945669,-1.5042913,-0.079157144,-0.8007793,0,1,0
0,2.00055,2.0238273,-0.47165918,0.6783804,-1.2213081,0.78637284,-1.0008208,0,0,1
0,0.34784535,0.67187226,-0.7534713,0.82809716,-0.59245664,0.7588049,0.2994503,0,1,0
0,0.34784535,0.67187226,-0.69821405,0.4288525,-0.56101406,0.25402975,0.2994503,0,0,1
0,0.097434595,-0.13930896,-0.60427666,1.496832,-0.08937548,1.8217822,-0.40069535,0,1,0
0,0.7484964,0.46908727,0.31299418,-0.45946667,0.6652463,-0.34141758,-0.8007793,0,1,0
0,1.1491475,0.53666854,1.230265,-1.2180318,0.3036567,-1.07527,-1.500925,0,0,1
0,0.14750452,0.7394741,0.36825144,-0.9086171,0.759574,-1.0125957,0.79955447,0,1,0
0,0.59825605,0.26628166,-0.12906405,0.43883386,-0.85971856,0.714421,-0.8007793,0,1,0
0,-1.054464,-1.2884582,-0.04617814,0.079513416,-1.6615041,0.24122705,0.1994291,0,1,0
0,-0.7038828,-0.4096958,-0.43850482,0.37894693,0.47659084,0.38606837,0.79955447,0,0,1
0,0.24767493,-0.27449208,-0.95792323,1.0177386,1.7500151,0.837739,-0.9007995,0,1,0
0,-1.5052003,-1.5588452,-1.2397354,2.005869,0.319378,1.859037,0.6995333,0,1,0
0,1.7501394,1.3478497,-0.5711223,0.5087014,-1.1898656,0.465715,-1.500925,0,1,0
0,0.29776013,-0.00410521,-0.18984707,-0.40956107,-0.19942449,-0.5825162,-0.6007378,0,1,0
0,-1.2547895,-0.4772977,1.0644932,-1.0084282,-1.1898656,-0.80152553,1.7997628,0,1,0
0,0.34784535,0.67187226,-0.69821405,1.1973985,-0.26230964,1.3165185,0.2994503,0,1,0
0,-1.5552855,-1.4236621,-0.9966033,1.6465489,0.036394816,1.6395104,0.999596,0,1,0
0,0.34784535,0.80707604,-0.7755742,0.78817296,-0.4352438,0.68529075,0.49949178,0,1,0
0,-0.50355726,-1.0856733,0.17485097,-0.14007123,-1.6143403,0.063086025,-0.6007378,0,1,0
0,1.0489924,0.94225913,-0.39982474,0.33902267,-1.1741443,0.35870534,-0.70075804,0,0,1
0,0.34784535,1.009861,-0.5434936,0.05955111,-1.1741443,-0.14550339,0.79955447,0,0,1
1,1.2994031,0.67187226,-1.1623752,0.85804045,0.052116103,0.44870362,-1.6009462,0,0,1
0,-1.35496,-0.95046955,-0.37772182,1.0676441,0.7752953,1.4242995,1.2996587,0,0,1
0,0.14750452,-0.4772977,-0.81978005,1.7862846,1.5141958,2.006241,-1.0008208,0,0,1
0,1.2994031,1.009861,-0.62085384,-0.110127576,1.6556873,-0.43790984,-1.100842,0,1,0
0,-0.45347208,-0.00410521,0.22458252,-0.39958012,1.3727041,-0.3041528,0.89957476,0,0,1
0,-0.50355726,0.13109854,0.19695388,-0.21992008,-1.0326527,-0.04488029,1.1996374,0,1,0
0,1.3494883,0.7394741,-0.6705854,0.33902267,0.35082054,0.15103391,-1.6009462,1,0,0
0,1.5498139,0.8746573,-0.36114463,-0.51935357,1.68713,-0.84953266,-1.8009876,0,1,0
0,0.34784535,0.67187226,-0.8916145,1.1574739,0.35082054,1.0849606,0.2994503,0,0,1
0,2.0506353,2.294214,-0.9137174,1.6565298,0.115001254,1.7356899,-0.70075804,0,1,0
0,-0.6037277,-0.6800827,0.67216647,-1.0483527,0.85390174,-1.0737174,0.1994291,0,0,1
1,0.39791524,0.94225913,-1.2010553,2.714528,-1.4099636,2.8167236,0.599513,0,1,0
0,-1.2047043,-0.74768454,-0.5876995,0.3190604,1.5456383,0.18661894,1.2996587,0,0,1
0,-0.50355726,-0.95046955,0.67216647,-0.7788625,-0.02649033,-0.635767,-0.40069535,0,1,0
0,0.19758973,1.0774629,-0.7645228,0.9877953,-0.45096508,0.9682736,1.1996374,0,0,1
0,-0.90420836,-0.4096958,-0.72584265,0.64843714,-0.49812892,0.53489345,1.1996374,0,0,1
0,-0.052821014,-0.27449208,-0.9689747,0.43883386,-1.378521,0.055371705,-0.3006751,0,0,1
0,-0.15297614,-0.6800827,0.36272573,-0.6990136,0.68096757,-0.6864692,-0.70075804,0,1,0
0,-0.15297614,-0.27449208,-0.029600957,-0.090165645,1.0739998,-0.0014825772,-0.10063361,0,0,1
0,0.44800046,1.3478497,3.258207,-2.2161434,1.0268359,-2.1580029,1.0996172,1,0,0
0,1.5498139,0.7394741,1.738632,-1.7370497,-1.3942423,-1.7669752,-2.001029,0,1,0
0,0.29776013,-0.13930896,0.8213611,-1.1381828,0.429427,-1.1442924,-0.8007793,0,1,0
0,-0.5536425,-0.8828677,1.2855222,-1.1581451,1.0897211,-0.944296,-0.20065387,0,0,1
0,0.59825605,1.1450647,-0.5876995,0.92790836,1.5456383,1.0402446,0.49949178,0,1,0
0,-0.50355726,0.13109854,0.4732403,-0.8187871,-0.2937522,-0.8124432,1.1996374,0,0,1
0,1.0489924,0.53666854,1.3628825,-1.4276351,-0.95404625,-1.3763776,-1.3008834,0,1,0
0,-0.15297614,-0.6124808,1.7220547,-1.5274463,1.2783765,-1.3940041,-0.6007378,0,0,1
0,-0.5536425,-1.1532751,0.66664076,-0.55927783,-1.5514551,-0.28227794,-0.6007378,0,1,0
0,-0.5536425,-0.071707085,-0.902666,1.0975873,-1.1898656,0.99425924,0.999596,1,0,0
0,-0.753968,-0.8152864,0.27431408,-0.93856037,-1.5200126,-1.1104453,0.2994503,0,1,0
0,1.0489924,0.33388352,0.10854224,-0.39958012,0.25649282,-0.3779793,-1.6009462,0,1,0
0,-0.6537976,0.063496664,1.3628825,-1.2280127,0.09927996,-1.0275562,1.399679,0,1,0
0,1.7000542,1.1450647,2.4956567,-2.09637,-0.85971856,-2.164565,-1.7009664,1,0,0
0,-0.90420836,-0.8152864,0.42350873,-0.62914574,-1.4414061,-0.54055417,0.599513,0,1,0
0,0.7985816,0.80707604,-0.07933251,0.36896595,-0.26230964,0.6491976,-0.40069535,0,1,0
0,1.0990776,1.1450647,-1.1568494,1.4569074,0.7281314,1.232731,-0.50071657,0,1,0
0,-0.85413843,-0.8828677,0.70532084,-1.1381828,-1.4099636,-1.2029433,0.39947057,0,0,1
0,1.7000542,1.5506347,-0.333516,0.27913576,-0.24658835,0.3229054,-1.100842,0,1,0
0,-0.50355726,-0.4096958,1.2081621,-1.4276351,-0.6238992,-1.4466497,0.39947057,0,1,0
1,0.24767493,0.80707604,-1.4883931,2.7444715,1.577081,2.512686,0.6995333,0,1,0
0,-0.753968,-0.6124808,-0.36114463,0.129419,1.2783765,0.086093746,0.599513,0,1,0
0,0.8987367,0.8746573,0.46771455,-0.83874923,0.5866399,-0.8472669,-0.50071657,0,0,1
0,0.39791524,0.94225913,-0.47718492,0.4587958,-1.0955378,0.4696409,0.599513,1,0,0
0,0.34784535,-0.34209394,0.29089126,-1.0982583,-1.4256848,-1.3502257,-1.2008623,0,1,0
0,0.34784535,-0.27449208,-0.2174757,0.4088902,0.22505026,0.60110307,-1.100842,0,1,0
1,1.3494883,0.33388352,-0.515865,0.089494765,1.6242448,-0.0833171,-2.2010705,0,1,0
0,0.648326,0.7394741,-0.26168153,0.11943804,1.8129002,0.14411962,-0.20065387,0,0,1
0,-0.80405325,-0.54487896,0.6169092,-1.1481639,0.5237547,-1.2637527,0.79955447,0,1,0
0,0.29776013,0.7394741,-0.48271063,0.019626869,-1.2527508,-0.15860844,0.49949178,1,0,0
0,2.1507905,2.4294178,-0.72031695,1.5966432,-1.3942423,1.8465862,-0.70075804,0,1,0
0,0.097434595,-0.2068902,0.64453787,-0.56925917,0.19360769,-0.3118867,-0.50071657,0,1,0
0,-0.052821014,0.94225913,-0.32799026,0.48873943,0.0049522435,0.6305948,1.4997002,0,0,1
0,-0.052821014,-0.071707085,0.55060047,0.20926785,0.8067379,0.87960356,-0.0006123865,0,0,1
0,0.648326,0.19867977,0.478766,-0.8686927,1.1368849,-0.88873076,-1.0008208,0,1,0
0,1.7501394,1.6182365,-0.82530576,0.728286,0.8853443,0.5617483,-1.100842,0,1,0
0,0.29776013,0.26628166,-0.515865,0.967833,0.74385273,1.1593148,-0.20065387,0,1,0
0,-0.7038828,0.13109854,0.7108466,-0.8487304,-1.5828978,-0.7277769,1.5997214,0,0,1
0,-0.6537976,-0.2068902,1.8159921,-1.6172764,0.1621651,-1.5171754,0.999596,0,0,1
0,0.047349393,1.009861,-0.6484825,0.61849385,0.4137057,0.556807,1.399679,1,0,0
0,-0.7038828,-0.27449208,-0.26720726,-0.3097499,1.3255403,-0.48599482,0.999596,0,1,0
0,0.19758973,-0.4096958,1.8546722,-1.6072953,0.74385273,-1.4825963,-1.0008208,0,0,1
0,-2.106192,-2.3700264,-0.14011551,-0.22990105,-0.74966955,-0.2848365,0.6995333,0,0,1
0,1.8503097,1.8886235,-0.28378445,0.27913576,-0.84399724,0.3605217,-0.9007995,1,0,0
0,-0.50355726,-0.8828677,-0.4992878,-0.110127576,-1.4099636,-0.3543373,-0.3006751,0,1,0
0,-0.5536425,-0.00410521,3.8218315,-2.2560678,0.68096757,-2.0678484,1.0996172,0,1,0
0,-0.6037277,-0.2068902,-0.34456745,0.8480595,0.47659084,1.1366881,0.89957476,0,0,1
0,0.648326,0.67187226,-1.0573864,0.4488148,-0.46668637,-0.00083827536,-0.3006751,0,1,0
0,1.8002245,1.8886235,0.9429271,-1.2779183,-1.4728488,-1.3166327,-0.8007793,0,1,0
0,0.047349393,-0.2068902,0.56165195,-0.9585227,-1.0483739,-0.9871077,-0.40069535,0,1,0
0,1.0990776,0.94225913,-0.7866257,1.2972097,-1.4256848,1.371693,-0.8007793,0,1,0
0,-0.50355726,0.063496664,-0.04617814,-0.39958012,-0.7968334,-0.47641498,1.0996172,0,1,0
0,-0.25314656,-0.6124808,-0.20642425,0.4587958,-1.48857,0.6830546,-0.40069535,0,1,0
0,1.8503097,1.9562253,-0.43297908,1.0077572,-1.2055868,1.289185,-0.8007793,0,1,0
0,0.19758973,-0.2068902,-0.39982474,-0.3097499,0.36654183,-0.5724774,-0.70075804,0,1,0
0,-1.2047043,-0.34209394,0.19142815,-0.9086171,0.68096757,-1.1091563,1.8997831,0,1,0
0,-0.45347208,0.063496664,1.9596611,-1.5773518,-1.3470784,-1.3827641,0.999596,0,1,0
0,0.29776013,0.13109854,-0.2782587,0.77819157,-1.3627998,1.0917377,-0.40069535,0,1,0
0,-0.90420836,-1.0856733,-0.48271063,0.34900364,0.7910166,0.30931178,0.1994291,0,1,0
0,1.4997287,1.6858385,-0.08485824,0.20926785,-0.49812892,0.4068099,-0.50071657,0,0,1
0,-1.2047043,-0.8828677,-0.6650597,0.16934362,-0.4195225,-0.080299586,1.0996172,0,0,1
0,-1.3048747,-0.8828677,-0.5876995,0.33902267,0.13072254,0.21460669,1.2996587,0,1,0
0,-0.85413843,-1.3560601,-0.9745004,1.0077572,-0.1837032,0.80972207,-0.3006751,0,1,0
0,0.8486668,-0.13930896,-0.7811,0.59853154,0.02067353,0.42122358,-1.9010079,0,1,0
0,0.24767493,-0.4772977,1.8878266,-1.4475974,-0.15226063,-1.1746919,-1.2008623,0,0,1
0,0.39791524,1.2802478,-0.2948359,0.5087014,-1.2213081,0.68592554,1.0996172,0,1,0
0,1.1491475,1.0774629,-1.2728897,1.756341,-0.48240766,1.5042493,-0.70075804,0,1,0
0,1.7501394,1.6182365,0.36825144,-0.8287681,-1.3470784,-0.88712937,-1.100842,0,0,1
0,0.34784535,0.13109854,1.4789227,-1.5773518,-0.48240766,-1.5883656,-0.50071657,0,1,0
0,1.599899,0.94225913,3.1090124,-2.09637,-1.6143403,-1.9586123,-1.8009876,0,0,1
0,1.3494883,0.33388352,1.0258131,-1.0982583,1.5928022,-0.9735728,-2.2010705,0,1,0
0,-1.35496,-1.0180714,0.4732403,-0.7189759,-0.24658835,-0.65375507,1.1996374,0,0,1
0,1.2493179,0.26628166,0.36272573,-0.39958012,-0.60817796,-0.21626365,-2.10105,0,0,1
0,0.44800046,0.53666854,-0.27273297,-0.18997681,0.2722141,-0.3149921,-0.10063361,0,1,0
0,-1.4551151,-1.4912639,0.78268105,-1.2379938,1.1526061,-1.3279998,0.6995333,0,1,0
0,-0.85413843,-0.6800827,-0.37772182,0.82809716,-0.26230964,1.0795406,0.6995333,0,1,0
0,-0.6037277,-0.2068902,-0.81425434,0.8680218,0.39798442,0.7612952,0.89957476,0,0,1
0,-1.2047043,-0.27449208,-0.05170387,-0.26982567,-1.5357338,-0.28569618,1.9998044,0,0,1
0,0.49808568,0.6042704,0.0809136,-0.7289569,-0.7653908,-0.8963481,-0.10063361,0,0,1
0,-2.2063472,-2.7080152,2.263576,-1.8069175,-1.6143403,-1.6905414,0.39947057,0,1,0
0,1.1491475,0.94225913,-0.024075229,0.17932458,-0.48240766,0.40706396,-0.9007995,0,1,0
0,-1.2547895,-1.2208564,0.46771455,-0.9086171,1.2312126,-0.9582803,0.6995333,0,0,1
0,-1.2047043,-0.2068902,0.009079138,-0.62914574,0.9010656,-0.7873755,2.0998256,0,0,1
0,-0.0027358106,0.063496664,-1.2452611,1.3471153,1.4355893,1.0062705,0.09940883,0,0,1
0,-0.15297614,0.4014854,0.42350873,-0.4894103,0.539476,-0.31962106,0.89957476,0,1,0
0,0.94882196,0.53666854,0.6113835,-1.0184094,-0.21514577,-1.0570675,-1.100842,0,1,0
0,-0.4033869,0.13109854,-0.44955626,0.69834274,1.1840488,0.8331296,0.999596,0,1,0
0,-0.90420836,-1.3560601,-0.7092655,0.71830505,0.94822943,0.64496934,-0.20065387,0,0,1
0,0.097434595,1.009861,0.042233504,0.089494765,-0.6553418,0.32008323,1.2996587,0,0,1
0,-1.1546191,-0.8828677,0.8213611,-1.2779183,0.2722141,-1.3750689,0.999596,0,1,0
0,0.19758973,-0.071707085,0.78268105,-1.1381828,1.5456383,-1.1638427,-0.50071657,0,1,0
0,1.1491475,0.7394741,0.27431408,-1.0084282,0.5237547,-1.2190664,-1.2008623,0,1,0
0,0.097434595,0.063496664,0.44008592,-0.8686927,-1.0955378,-0.91012704,-0.10063361,0,0,1
0,-0.35331696,-0.95046955,0.36272573,-0.29976895,-0.46668637,-0.059528477,-0.70075804,0,1,0
0,0.8987367,0.46908727,-0.86398584,0.5685883,-1.0012101,0.31332555,-1.100842,0,0,1
1,1.5498139,1.6182365,-0.7479456,2.1456046,0.3036567,2.5733297,-0.70075804,0,1,0
0,0.24767493,1.212646,0.31299418,-0.51935357,-0.32519478,-0.4349315,1.2996587,0,1,0
0,-0.10290622,0.80707604,-0.035126686,-0.40956107,0.46086955,-0.48435423,1.399679,0,1,0
0,0.7484964,0.4014854,-0.26168153,0.29909807,-0.12081805,0.40638006,-0.9007995,0,0,1
0,-0.4033869,-1.1532751,1.191585,-1.3577673,-1.3942423,-1.3342106,-0.9007995,0,0,1
0,-0.30323175,-0.74768454,0.05881069,-0.62914574,1.0425571,-0.75775677,-0.50071657,0,1,0
0,-0.30323175,-0.54487896,-0.5876995,0.20926785,-1.3470784,0.032686364,-0.20065387,0,1,0
0,0.14750452,0.94225913,0.025656322,0.15936227,-0.16798191,0.41364586,1.0996172,0,1,0
0,-1.2547895,-1.2208564,0.9595043,-0.7788625,-1.4256848,-0.47225454,0.6995333,0,0,1
0,-0.4033869,0.33388352,-0.44955626,0.4088902,-0.26230964,0.42022777,1.2996587,0,1,0
0,-1.2047043,-0.34209394,0.16379952,-0.3796178,-0.70250565,-0.31217992,1.8997831,0,1,0
0,-1.8056961,-1.8292526,2.9708693,-2.0863888,-0.4352438,-1.984715,0.89957476,0,0,1
0,1.2493179,0.26628166,-0.28931016,0.1992869,0.6966889,0.24017249,-2.10105,0,1,0
0,-0.95429355,-1.0180714,-0.92476887,1.1075684,0.13072254,0.98773605,0.39947057,0,0,1
0,1.8503097,1.6182365,-0.7479456,0.6584181,0.1778864,0.5304403,-1.3008834,0,1,0
0,-0.6037277,0.063496664,0.9926587,-1.1182206,1.5456383,-1.0241385,1.2996587,0,0,1
0,-0.45347208,-1.1532751,-0.48823637,0.27913576,-1.3627998,0.20587651,-0.8007793,1,0,0
0,-1.0043788,-0.74768454,-0.2174757,-0.3297122,-0.057932902,-0.48285982,0.89957476,0,1,0
0,0.7484964,0.4014854,-0.15116698,-0.10014661,0.5551973,-0.10025018,-0.9007995,1,0,0
0,1.2493179,1.2802478,-0.32246453,0.2891171,-0.8754398,0.34572735,-0.6007378,0,1,0
0,0.39791524,1.4154516,-0.15116698,-0.28978798,0.96395075,-0.38079193,1.2996587,0,1,0
0,-1.4050299,-0.95046955,-0.81425434,0.14938131,0.0049522435,-0.21743569,1.399679,0,1,0
0,-1.054464,-0.13930896,-0.43297908,1.0476818,-1.0955378,1.3462542,1.8997831,0,1,0
0,0.99890715,0.46908727,-0.47718492,0.2691548,-0.24658835,0.20004638,-1.3008834,0,1,0
0,0.29776013,-0.4096958,0.6334864,-0.7189759,-0.7968334,-0.5608663,-1.2008623,0,1,0
0,-0.85413843,-1.2884582,0.2577369,-0.4494857,-1.6929468,-0.36049938,-0.20065387,0,1,0
0,0.19758973,-0.2068902,-0.40535045,-0.020297749,1.1997701,-0.16091335,-0.70075804,0,0,1
0,0.39791524,1.3478497,-0.68163687,0.64843714,-1.5828978,0.5712207,1.1996374,0,1,0
0,0.39791524,0.46908727,1.9154552,-1.8867664,-1.0012101,-1.9726158,-0.10063361,0,0,1
0,0.29776013,0.33388352,3.4074018,-2.196181,-1.4414061,-2.0689614,-0.10063361,0,0,1
0,0.648326,0.4014854,-0.8916145,0.9378897,1.0268359,0.7889118,-0.70075804,0,0,1
0,0.54817086,0.46908727,-1.1347466,0.8181162,-0.02649033,0.4203252,-0.40069535,0,1,0
0,0.047349393,0.8746573,-0.24510434,0.09947573,1.3412616,0.1269912,1.1996374,0,0,1
1,1.2493179,0.19867977,-1.1789523,1.8461711,-0.828276,1.7164131,-2.2010705,0,1,0
1,0.99890715,0.80707604,-1.4883931,2.5248873,1.1683275,2.2398398,-0.8007793,0,1,0
0,-1.0043788,-1.626447,-0.17326988,0.17932458,-0.2937522,0.296851,-0.40069535,0,0,1
0,-1.2047043,-1.9644357,-0.37772182,0.48873943,-1.4728488,0.5911326,-0.50071657,0,0,1
0,1.0990776,0.6042704,-0.41087618,0.34900364,0.5080334,0.36453548,-1.3008834,0,0,1
0,0.44800046,0.26628166,-0.62085384,0.69834274,-0.67106307,0.6908473,-0.50071657,0,1,0
0,0.99890715,0.46908727,-1.0573864,1.8062465,-0.38807994,1.7894387,-1.3008834,0,1,0
0,0.49808568,1.1450647,0.042233504,-0.54929686,0.6966889,-0.6467729,0.6995333,0,1,0
0,0.39791524,1.1450647,-0.6926883,0.8979651,-1.5357338,0.9073468,0.89957476,0,1,0
0,0.94882196,0.67187226,-0.60427666,0.9778139,1.0425571,1.0956246,-0.9007995,1,0,0
0,0.39791524,-0.27449208,0.036707778,0.22923017,1.2312126,0.5274519,-1.2008623,0,0,1
0,0.6984112,0.46908727,-0.6319053,0.5087014,-1.5828978,0.4172685,-0.70075804,0,1,0
0,1.1491475,0.67187226,-0.6540082,0.129419,1.1683275,-0.12766191,-1.3008834,0,0,1
0,1.1491475,1.1450647,-0.64295673,0.4587958,-0.23086706,0.33897924,-0.6007378,0,0,1
0,-0.10290622,0.19867977,0.8158354,-0.9585227,-1.1741443,-0.850548,0.49949178,0,1,0
0,0.49808568,0.8746573,-0.47165918,0.14938131,-0.7968334,0.033828806,0.2994503,0,0,1
0,-0.95429355,-1.3560601,0.81030965,-1.068315,-1.1427017,-1.0346267,-0.10063361,0,0,1
0,1.7501394,1.2802478,-0.13458979,-0.080184296,-1.3156358,-0.059235696,-1.6009462,0,1,0
0,-1.755611,-1.6940489,-0.5324422,0.17932458,-0.32519478,0.031524345,0.999596,0,1,0
0,1.7000542,1.2802478,-0.04617814,-0.20993873,1.4984745,-0.19234799,-1.500925,0,1,0
0,-0.052821014,-0.34209394,0.23563398,-0.17999546,0.82245916,0.042754777,-0.40069535,0,0,1
0,0.39791524,0.19867977,-0.25063008,0.2192492,-1.1427017,0.2980622,-0.50071657,0,0,1
0,0.24767493,1.1450647,3.3245158,-2.27603,1.3884255,-2.2625906,1.1996374,0,0,1
0,0.8486668,0.8746573,-1.0573864,1.0975873,-0.32519478,0.8548091,-0.40069535,0,1,0
0,-1.35496,-0.8828677,0.014604866,-0.29976895,1.1997701,-0.28716055,1.399679,0,0,1
0,-0.95429355,-1.4236621,-0.6319053,1.8162279,-0.7968334,2.2402306,-0.20065387,0,1,0
0,-1.35496,-1.0180714,-0.062755324,0.4488148,0.5080334,0.7813728,1.1996374,0,1,0
0,0.047349393,1.0774629,-0.5876995,1.137512,-0.49812892,1.3341159,1.4997002,0,0,1
0,-0.45347208,0.33388352,1.086596,-1.3078618,-0.52957153,-1.2984297,1.399679,0,1,0
0,0.097434595,0.94225913,-1.2176324,1.4569074,-1.4571275,1.17408,1.1996374,1,0,0
0,-0.15297614,-0.6124808,-1.0352834,0.6085125,-0.08937548,0.22779006,-0.6007378,0,0,1
0,0.44800046,1.2802478,-1.267364,1.6066242,-1.1427017,1.3179833,0.999596,0,0,1
1,-1.3048747,-0.8828677,7.3748746,-3.5735753,0.1621651,-4.6799645,1.2996587,0,1,0
0,0.097434595,-0.13930896,-0.9137174,0.76821065,-1.5671765,0.5415145,-0.40069535,1,0,0
0,1.1992327,1.3478497,-0.455082,0.548626,1.5456383,0.61511654,-0.40069535,0,1,0
0,0.8486668,0.7394741,0.21353106,0.049570143,1.0425571,0.3822595,-0.6007378,0,0,1
0,-1.4050299,-1.0180714,-0.9689747,1.5567186,0.869623,1.5472172,1.2996587,0,0,1
0,1.8002245,1.1450647,-0.26720726,-0.020297749,-0.24658835,-0.063747175,-1.9010079,0,1,0
0,0.19758973,0.67187226,-0.5876995,0.6085125,1.4355893,0.5924412,0.599513,0,0,1
0,0.39791524,0.6042704,1.0644932,-1.4276351,0.02067353,-1.5119022,0.09940883,0,1,0
0,1.8503097,1.7534404,0.89872134,-1.0882771,0.5237547,-1.0220876,-1.100842,0,1,0
0,-1.4050299,-1.0180714,0.3572,-0.50937223,1.4513106,-0.39208063,1.2996587,0,0,1
0,-0.80405325,-0.4772977,1.473397,-1.2379938,-0.6867844,-0.9910924,0.89957476,0,1,0
0,-0.0027358106,-0.4772977,-0.7866257,1.1175497,1.0268359,1.1261317,-0.70075804,0,1,0
0,2.00055,2.159031,-0.68163687,0.59853154,0.319378,0.5020814,-0.8007793,0,1,0
0,0.99890715,0.46908727,0.8766184,-1.1880883,-1.0798166,-1.1992716,-1.3008834,0,1,0
0,0.24767493,0.94225913,0.56717765,-1.2878995,-1.1112591,-1.5132887,0.89957476,0,1,0
0,-1.054464,-1.3560601,1.4402426,-1.5174652,-1.0012101,-1.4994415,0.09940883,1,0,0
0,-0.20306134,-0.54487896,-0.8087286,0.76821065,-1.2527508,0.63001835,-0.40069535,0,0,1
0,1.7501394,1.212646,2.2359474,-1.6472197,0.8067379,-1.3974906,-1.7009664,0,1,0
0,1.7000542,1.8886235,-0.14564124,-0.41954243,-0.24658835,-0.569245,-0.6007378,0,1,0
0,0.44800046,0.8746573,-0.4992878,0.019626869,0.94822943,-0.17038573,0.39947057,0,1,0
0,1.2493179,1.3478497,0.2190568,-0.42952338,0.9325082,-0.35392705,-0.50071657,1,0,0
0,-0.6037277,-0.00410521,0.7329495,-0.9585227,0.6652463,-0.89507866,1.1996374,0,1,0
0,-1.2547895,-1.0856733,-0.8584601,1.5966432,-0.5452928,1.70987,0.89957476,0,1,0
0,-0.85413843,-0.54487896,0.12511942,-0.2398824,0.46086955,-0.12337492,0.89957476,0,1,0
0,1.1491475,1.212646,0.10854224,-0.55927783,1.3098191,-0.6215682,-0.50071657,0,0,1
0,2.0506353,2.159031,1.5728601,-1.417654,1.2312126,-1.2631962,-0.9007995,0,1,0
0,-1.2547895,-1.0180714,-0.51033926,0.15936227,0.1621651,0.019590873,0.999596,0,0,1
0,-0.6037277,-0.00410521,0.3958801,-0.75890017,1.1840488,-0.76152647,1.1996374,0,1,0
0,2.00055,2.091429,0.600332,-0.42952338,0.1778864,-0.11337526,-0.9007995,0,1,0
0,-0.0027358106,-0.2068902,0.0809136,-0.7988248,0.14644383,-1.0025764,-0.3006751,0,1,0
0,1.0489924,0.46908727,-0.26720726,0.27913576,-0.15226063,0.37306076,-1.4009037,0,1,0
1,-0.25314656,-0.8828677,5.579013,-2.695237,1.1211636,-2.622759,-0.8007793,0,1,0
0,-1.2547895,-0.4096958,-0.81978005,1.8162279,-1.158423,2.0469928,1.8997831,0,0,1
0,-1.2047043,-1.1532751,0.4621888,-0.3097499,-0.73394823,-0.010340247,0.6995333,0,1,0
0,-0.80405325,-1.3560601,0.36272573,-0.75890017,0.7281314,-0.78051037,-0.40069535,0,1,0
0,1.3494883,1.4154516,0.3406228,-0.47942898,-1.2055868,-0.35540143,-0.6007378,0,1,0
0,-0.7038828,-0.4096958,4.2694154,-2.445709,-1.0012101,-2.3591902,0.79955447,0,1,0
0,0.14750452,1.009861,-0.7534713,2.005869,-0.7811121,2.3755112,1.1996374,0,1,0
0,-0.15297614,-0.27449208,-1.2507868,1.9958879,1.2312126,1.8344771,-0.10063361,0,0,1
0,1.8503097,1.7534404,0.7274238,-0.9485415,0.869623,-0.88172907,-1.100842,0,0,1
0,0.097434595,0.19867977,0.90977275,-1.078296,-1.0326527,-0.9997638,0.09940883,0,0,1
0,0.39791524,1.212646,-0.62085384,0.32904133,1.1368849,0.17524235,0.999596,0,1,0
0,-0.6537976,-0.27449208,-0.5379679,1.5567186,1.356983,1.9707248,0.89957476,0,1,0
0,0.047349393,0.8746573,-0.333516,-0.050241023,0.39798442,-0.1537163,1.1996374,0,1,0
0,-0.85413843,-0.74768454,1.7828377,-1.2978806,1.0111146,-0.9492569,0.599513,0,1,0
0,0.39791524,0.94225913,-0.018549502,0.089494765,-1.3470784,0.27614868,0.599513,0,1,0
0,-0.753968,-0.6124808,2.8272004,-2.09637,1.1997701,-2.053239,0.599513,1,0,0
0,-1.5552855,-1.4912639,-1.0739635,1.4469265,1.0111146,1.2995754,0.89957476,1,0,0
0,0.097434595,0.19867977,0.90977275,-1.0583339,1.7814577,-0.96648324,0.09940883,0,0,1
0,1.0489924,0.94225913,0.05328496,0.4587958,-1.2055868,0.8877573,-0.70075804,0,1,0
0,-0.95429355,-1.4912639,-0.8584601,0.36896595,1.4513106,0.04748117,-0.3006751,0,0,1
0,1.7501394,2.0238273,-0.31693882,-0.15005219,-0.4038012,-0.28686774,-0.50071657,0,1,0
0,-0.90420836,-1.4912639,-0.5545451,0.15936227,-0.71822697,-0.012908348,-0.40069535,0,1,0
0,-0.5536425,-0.13930896,-1.0297577,1.3670776,-0.5767354,1.2364516,0.89957476,0,0,1
0,-0.45347208,-1.2884582,-0.333516,0.069532454,-1.5357338,0.01960089,-1.0008208,0,1,0
0,-1.3048747,-1.2884582,-0.576648,0.5685883,0.036394816,0.54539126,0.6995333,0,1,0
0,0.59825605,0.67187226,0.15274806,-0.4894103,-0.6867844,-0.48757663,-0.20065387,0,1,0
0,0.8987367,0.7394741,-0.42192763,1.0077572,0.649525,1.2989702,-0.70075804,1,0,0
0,-0.35331696,-0.6800827,1.3628825,-1.6472197,-0.12081805,-1.7600809,-0.3006751,0,1,0
0,-1.4050299,-0.95046955,-0.69821405,0.9778139,-1.5042913,1.0129503,1.399679,0,1,0
0,-0.95429355,-1.1532751,-0.24510434,-0.13008988,1.2626551,-0.20879294,0.1994291,0,1,0
0,1.8002245,1.6182365,3.827357,-2.3159547,-1.6929468,-2.1969278,-1.2008623,0,1,0
0,0.54817086,0.8746573,2.042547,-1.7270685,-1.0955378,-1.6269486,0.1994291,0,0,1
0,-0.4033869,-1.0856733,0.44561163,-0.5892215,-0.2937522,-0.4641104,-0.8007793,0,1,0
0,0.39791524,1.5506347,1.7607349,-1.3677485,0.57091856,-1.0868129,1.4997002,0,1,0
0,-1.3048747,-0.8828677,-0.758997,0.019626869,0.09927996,-0.3548937,1.2996587,0,1,0
0,0.8486668,0.063496664,-0.59875095,0.39890924,-0.73394823,0.28997633,-1.6009462,0,0,1
0,-0.90420836,-1.4912639,0.25221115,-0.5393159,-0.46668637,-0.50326985,-0.40069535,0,1,0
0,1.9003797,1.7534404,-0.73689413,0.7083237,0.85390174,0.6081927,-1.2008623,0,0,1
0,-2.2063472,-2.5728114,1.5673344,-1.417654,-1.2370294,-1.2657156,0.599513,0,1,0
0,2.1007204,2.159031,-0.4164019,0.48873943,-1.1112591,0.56043965,-1.0008208,0,1,0
0,1.1992327,1.212646,0.5782291,-0.27980664,1.3727041,0.11349547,-0.6007378,0,0,1
0,-2.2063472,-2.6404133,0.7163723,-1.0982583,0.8381804,-1.1321635,0.49949178,0,0,1
0,-1.4050299,-1.1532751,0.64453787,-0.96850383,0.25649282,-0.9587489,1.0996172,0,1,0
0,-1.0043788,-1.2208564,-0.91924316,1.1175497,1.68713,1.0061339,0.1994291,0,0,1
0,-0.95429355,-0.6800827,0.09749078,-0.39958012,-0.81255466,-0.38501018,0.89957476,0,1,0
0,-0.7038828,-0.34209394,0.14722234,-0.18997681,-0.2937522,-0.032224197,0.89957476,0,0,1
0,1.1491475,0.80707604,1.6723232,-1.6072953,0.052116103,-1.5596161,-1.100842,0,0,1
0,1.0489924,0.94225913,-0.1180126,-0.25984433,-0.08937548,-0.3145823,-0.70075804,0,1,0
0,0.097434595,0.94225913,-0.62085384,-0.030278714,1.3884255,-0.32642743,1.1996374,0,0,1
0,0.6984112,0.26628166,0.10854224,-0.06022199,1.4355893,0.13964729,-1.0008208,0,1,0
0,0.7484964,0.33388352,0.26326263,-0.61916476,-0.7968334,-0.62049407,-1.0008208,1,0,0
0,0.34784535,0.4014854,-0.7313684,0.049570143,-0.32519478,-0.29404524,-0.10063361,0,1,0
0,-0.0027358106,0.94225913,-0.31141308,0.5586069,1.2469339,0.74512345,1.399679,0,1,0
0,-0.90420836,-0.8152864,1.6446946,-1.1581451,-1.158423,-0.7640263,0.599513,1,0,0
0,0.29776013,1.1450647,-0.50481355,0.90794605,1.5456383,1.0841792,1.0996172,0,1,0
0,-1.054464,-0.6124808,-0.455082,0.43883386,-1.2527508,0.45860583,1.1996374,0,1,0
0,-0.20306134,0.6042704,0.7716296,-0.8786736,0.19360769,-0.7431281,1.2996587,1,0,0
0,0.54817086,0.33388352,-0.61532813,0.4088902,-0.07365419,0.29103088,-0.6007378,0,1,0
0,-1.054464,-0.6124808,0.10301651,-0.080184296,-0.7653908,0.10537044,1.1996374,0,0,1
0,-1.0043788,-0.071707085,0.1416966,-0.60918343,-1.0640953,-0.6778269,1.8997831,0,0,1
0,0.59825605,0.4014854,0.721898,-0.9984471,-1.0640953,-0.9662487,-0.6007378,0,1,0
0,-1.8557814,-1.8968339,-1.3999815,1.1075684,1.0897211,0.55858415,0.89957476,0,0,1
0,-1.7055258,-1.7616508,1.3849853,-1.417654,-0.56101406,-1.3488584,0.79955447,0,0,1
0,0.39791524,0.4014854,-0.41087618,0.4088902,0.4451483,0.45037332,-0.20065387,1,0,0
0,-1.1045492,-1.8292526,-1.2397354,1.3970209,1.1368849,1.075703,-0.50071657,0,0,1
0,0.8486668,0.4014854,0.46771455,-0.54929686,1.7028512,-0.38735425,-1.100842,0,1,0
0,0.49808568,0.46908727,-0.46613345,0.6085125,-0.07365419,0.691482,-0.3006751,0,0,1
0,-0.50355726,0.063496664,0.68874365,-1.0283904,-0.2937522,-1.0325758,1.0996172,0,1,0
0,-1.3048747,-0.95046955,-0.08485824,0.30907902,-0.5452928,0.555635,1.1996374,0,1,0
0,0.8987367,0.53666854,-0.18984707,0.11943804,-1.1741443,0.19642326,-1.0008208,0,1,0
0,-1.35496,-1.0856733,-0.04617814,-0.43950474,-1.4414061,-0.53621846,1.0996172,1,0,0
0,-0.10290622,-0.2068902,0.9152985,-1.1481639,-0.07365419,-1.1134628,-0.10063361,0,0,1
0,0.6984112,0.53666854,1.3407795,-1.3477862,-1.598619,-1.2472003,-0.6007378,0,0,1
0,-0.5536425,0.13109854,0.35167426,-0.38959914,0.2879354,-0.20764095,1.2996587,0,0,1
0,-0.7038828,-0.27449208,-0.07933251,0.23921151,-1.6615041,0.45559788,0.999596,0,0,1
0,-1.2547895,-1.1532751,-0.44403055,0.5186827,-1.158423,0.5812595,0.79955447,0,0,1
0,-0.85413843,-1.0180714,-0.47718492,0.2891171,-0.2937522,0.2284248,0.1994291,0,1,0
0,0.6984112,0.7394741,1.2081621,-1.4575785,-0.30947348,-1.4981524,-0.3006751,0,0,1
0,-0.90420836,-1.4912639,0.32957137,-0.8786736,1.0268359,-0.9868737,-0.40069535,0,0,1
1,1.649969,1.0774629,-1.1181693,1.6764921,1.2469339,1.5572952,-1.7009664,0,1,0
0,0.8486668,0.46908727,1.777312,-1.8168987,-0.37235865,-1.8969142,-1.0008208,0,0,1
0,-1.3048747,-0.6800827,1.6225916,-1.7370497,0.8381804,-1.8133221,1.5997214,0,1,0
0,1.2493179,0.6042704,0.46771455,-0.55927783,0.60236114,-0.40321317,-1.6009462,0,1,0
0,-1.2547895,-0.95046955,1.6723232,-1.2978806,0.39798442,-1.0019904,1.0996172,0,0,1
0,0.047349393,0.26628166,0.0809136,-0.06022199,0.115001254,0.12040931,0.2994503,0,1,0
0,-1.0043788,-1.3560601,0.08643933,-0.29976895,0.052116103,-0.24018888,-0.0006123865,0,0,1
0,-1.5052003,-1.4236621,-0.50481355,0.5586069,1.0111146,0.5892671,0.89957476,1,0,0
1,-0.5536425,-0.6124808,7.30304,-3.5336509,0.5551973,-4.573541,0.1994291,0,1,0
0,0.097434595,0.13109854,-0.5600708,1.147493,-1.5828978,1.3732557,-0.0006123865,0,0,1
0,-0.85413843,-0.4096958,0.5063946,-1.0184094,-1.6929468,-1.1123595,1.0996172,1,0,0
0,0.29776013,-0.13930896,-0.46613345,0.7981539,0.2722141,0.96144766,-0.8007793,0,1,0
0,-0.20306134,-0.6124808,-0.3500932,0.5286637,0.9167869,0.6707109,-0.50071657,0,1,0
0,0.24767493,1.2802478,0.9429271,-1.1581451,0.7910166,-1.1162459,1.399679,0,1,0
0,0.097434595,1.1450647,-0.50481355,1.4169832,1.0268359,1.8053373,1.4997002,0,1,0
0,-0.50355726,-1.2208564,0.67769223,-0.9585227,-0.828276,-0.9247652,-0.8007793,1,0,0
0,0.29776013,-0.4096958,0.009079138,-0.47942898,-0.04221162,-0.56164765,-1.2008623,0,0,1
0,1.0990776,0.8746573,0.0809136,0.019626869,0.1621651,0.24181306,-0.9007995,0,1,0
0,0.34784535,1.212646,-0.5324422,0.36896595,1.7185725,0.2992634,1.0996172,0,1,0
0,-0.5536425,0.26628166,1.6115402,-1.4575785,-0.4195225,-1.3170818,1.4997002,0,1,0
0,-0.753968,-1.3560601,-0.8860888,0.9578516,0.6966889,0.8206688,-0.50071657,0,1,0
0,0.99890715,-0.2068902,-0.6926883,-0.36963683,1.5928022,-0.8463098,-2.301092,0,1,0
0,-1.1045492,-0.2068902,-0.80320287,0.2891171,1.5456383,-0.018748045,1.8997831,0,1,0
0,-1.35496,-1.2884582,-0.94134605,1.1973985,1.6714087,1.0930855,0.79955447,0,0,1
0,0.49808568,0.26628166,1.4015626,-1.4975029,0.539476,-1.4813756,-0.6007378,0,0,1
0,1.2994031,0.67187226,0.44561163,-0.3796178,0.49231213,-0.13189018,-1.6009462,0,1,0
0,0.29776013,-0.4096958,0.23010825,-0.42952338,0.14644383,-0.34695446,-1.2008623,0,0,1
0,-0.753968,-0.4096958,0.04775923,-0.22990105,-1.0169314,-0.15966345,0.89957476,0,1,0
0,-0.25314656,-0.4772977,2.003867,-1.5973141,0.68096757,-1.4010059,-0.20065387,0,0,1
0,-0.4033869,0.53666854,-0.20642425,-0.020297749,1.0897211,-0.020994222,1.5997214,0,0,1
0,-1.5052003,-1.4912639,-0.6926883,0.74824834,0.94822943,0.7002222,0.79955447,0,1,0
0,0.7985816,-0.071707085,1.1418533,-0.88865477,-0.38807994,-0.556042,-1.7009664,0,0,1
1,1.649969,1.009861,-0.91924316,0.728286,-0.74966955,0.48322454,-1.8009876,0,0,1
0,-0.35331696,-1.0180714,-0.69821405,-0.15005219,-0.7968334,-0.5462864,-0.8007793,0,1,0
0,-0.85413843,-0.2068902,-0.30588734,0.4288525,1.0268359,0.56118184,1.399679,0,1,0
0,1.1491475,1.1450647,-0.47718492,0.11943804,0.6180824,-0.012791326,-0.6007378,0,1,0
0,-0.30323175,-0.54487896,-0.14564124,-0.38959914,1.6399661,-0.52491975,-0.20065387,1,0,0
0,-1.2547895,-0.8152864,-0.20642425,0.5885506,0.6652463,0.87373424,1.2996587,0,1,0
0,-1.4551151,-1.0856733,-0.6540082,0.1992869,0.9010656,-0.030525334,1.2996587,0,0,1
0,0.097434595,0.063496664,-0.30036163,0.049570143,1.2626551,0.014444655,-0.10063361,0,0,1
0,1.7501394,1.6858385,-0.880563,0.6085125,0.9167869,0.35384235,-1.0008208,0,1,0
0,1.2493179,0.26628166,-0.28931016,0.019626869,-0.938325,-0.021209141,-2.10105,0,1,0
0,-0.45347208,-1.2208564,-0.4937621,0.6085125,0.067837395,0.66897285,-0.9007995,1,0,0
0,0.39791524,-0.27449208,-0.7479456,-0.13008988,-1.0012101,-0.5527026,-1.2008623,0,0,1
0,-0.7038828,-0.34209394,-0.9081917,0.09947573,-1.0798166,-0.35346806,0.89957476,1,0,0
0,0.648326,-0.00410521,-0.040652413,-0.36963683,-1.6615041,-0.4280172,-1.3008834,1,0,0
0,-1.6053706,-1.4912639,0.06433642,-0.110127576,0.067837395,0.033135783,0.999596,0,0,1
0,0.54817086,0.4014854,-0.83635724,1.8461711,-0.6238992,2.0706058,-0.50071657,1,0,0
0,1.8503097,1.8886235,-0.50481355,0.4488148,-0.828276,0.43372348,-0.9007995,0,1,0
0,2.1007204,2.0238273,-0.5379679,0.089494765,-1.3313571,-0.09929351,-1.2008623,1,0,0
0,-1.3048747,-0.95046955,-0.25063008,0.25917345,0.8381804,0.3564205,1.1996374,0,1,0
0,-1.0043788,-1.5588452,-0.7313684,0.38892826,1.5299171,0.1731132,-0.3006751,0,1,0
0,1.1491475,0.063496664,-0.86398584,0.2891171,-1.3156358,-0.06483133,-2.2010705,1,0,0
0,2.1007204,2.226612,0.4732403,-0.26982567,-1.268472,0.060342167,-0.9007995,1,0,0
0,-0.35331696,0.53666854,-0.09038396,0.089494765,0.5237547,0.22422569,1.4997002,0,0,1
0,-0.45347208,-1.1532751,0.3406228,-0.85871154,0.20932898,-0.949511,-0.8007793,0,1,0
0,-0.052821014,-0.54487896,0.04775923,-0.42952338,-0.16798191,-0.46200126,-0.70075804,0,0,1
0,1.649969,1.7534404,1.5894374,-1.5773518,0.38226312,-1.5411007,-0.70075804,1,0,0
0,-0.45347208,0.063496664,-0.70373976,0.43883386,-1.3156358,0.26349258,0.999596,0,0,1
0,1.1491475,0.13109854,0.04775923,-0.469448,0.979672,-0.5224687,-2.10105,0,1,0
0,-0.80405325,-0.4772977,-0.04617814,-0.25984433,-1.4414061,-0.26710248,0.89957476,0,1,0
0,2.0506353,2.226612,-0.48271063,0.38892826,1.1683275,0.36602944,-0.8007793,0,1,0
0,0.59825605,0.6042704,-0.43850482,0.66839945,0.9167869,0.79953665,-0.3006751,0,0,1
0,-0.20306134,-0.74768454,0.15827379,-0.469448,-0.48240766,-0.4535247,-0.70075804,0,0,1
0,1.649969,1.7534404,-0.42192763,0.39890924,0.5080334,0.42747352,-0.70075804,0,1,0
0,-0.30323175,-0.8828677,-0.44403055,0.75822926,-0.1837032,0.92320615,-0.70075804,0,1,0
0,1.2994031,1.0774629,2.771943,-2.0764077,1.0425571,-2.0319312,-1.0008208,0,0,1
0,-0.20306134,-0.4772977,0.20800534,-0.020297749,-0.938325,0.27050385,-0.3006751,0,0,1
0,0.24767493,1.2802478,0.721898,-1.3677485,-0.2937522,-1.569655,1.399679,0,0,1
0,1.8503097,1.5506347,-0.1566927,-0.110127576,0.14644383,-0.11881426,-1.4009037,0,1,0
0,-0.85413843,-0.6800827,-0.11248688,-0.0003354402,-0.1837032,0.074746296,0.6995333,0,1,0
0,0.39791524,0.4014854,-0.18984707,-0.3796178,-1.6929468,-0.5384255,-0.20065387,0,0,1
0,-0.45347208,-1.1532751,1.9486096,-1.4775406,-1.158423,-1.2027284,-0.8007793,0,1,0
1,1.7000542,1.212646,-1.2342097,1.0876064,-0.60817796,0.6825856,-1.6009462,0,0,1
0,-0.90420836,-1.1532751,0.27431408,-0.6790513,-0.21514577,-0.70699626,0.09940883,0,1,0
0,-0.5536425,-0.4772977,0.6942694,-0.7489192,-0.23086706,-0.5744108,0.39947057,0,1,0
0,-1.0043788,-1.4912639,0.15274806,-0.3596555,0.02067353,-0.28864494,-0.20065387,0,1,0
0,-0.4033869,-1.2208564,0.744001,-1.1781071,-1.4728488,-1.2487825,-1.0008208,0,0,1
0,1.1491475,0.67187226,-0.062755324,0.30907902,-1.2213081,0.5724706,-1.3008834,0,1,0
0,0.097434595,0.94225913,-0.48271063,0.77819157,-1.158423,0.9190262,1.1996374,0,1,0
0,1.9003797,1.8210422,-0.2174757,0.16934362,0.2722141,0.24954742,-1.100842,0,0,1
0,0.8987367,0.6042704,0.38482863,-0.8287681,1.4827532,-0.8778423,-0.9007995,0,1,0
0,2.1507905,2.361816,-0.68163687,0.80813485,0.9325082,0.79246616,-0.8007793,0,0,1
0,0.59825605,0.19867977,-0.8860888,0.3190604,-0.81255466,-0.04118887,-0.9007995,0,0,1
0,-1.5552855,-1.4236621,-0.9523975,0.7083237,1.5141958,0.4288113,0.999596,0,1,0
0,-0.95429355,-0.8828677,-1.2397354,1.6764921,-0.7653908,1.4352663,0.599513,0,0,1
0,0.29776013,-0.34209394,0.05881069,0.019626869,-0.1837032,0.22611032,-1.100842,0,0,1
0,-0.6037277,-0.13930896,-0.42192763,-0.0003354402,-0.27803093,-0.1439994,0.999596,0,1,0
0,-1.3048747,-0.74768454,-1.1955296,1.7263976,0.869623,1.5442389,1.4997002,0,0,1
0,0.648326,0.53666854,0.48981747,-0.7788625,-1.0169314,-0.7395346,-0.50071657,0,1,0
0,0.54817086,0.53666854,0.37930292,-0.70899457,0.1778864,-0.6925042,-0.3006751,0,1,0
0,-1.2547895,-0.4096958,-0.5324422,0.538645,-0.59245664,0.5388189,1.8997831,0,1,0
0,-0.753968,-0.54487896,0.15827379,0.05955111,-1.0798166,0.3580219,0.6995333,1,0,0
0,1.2994031,1.1450647,-1.5768048,1.4070019,-1.3942423,0.76627564,-0.9007995,0,1,0
0,-0.052821014,-0.34209394,2.9045606,-2.1862,-0.71822697,-2.2087538,-0.40069535,0,0,1
0,0.8486668,0.33388352,-0.83635724,1.0476818,1.0739998,0.98625165,-1.2008623,1,0,0
0,-0.10290622,-0.4096958,0.5008689,-0.75890017,-0.85971856,-0.70141065,-0.40069535,0,1,0
0,0.24767493,1.009861,0.6169092,-0.3097499,-0.67106307,0.0905565,0.999596,0,1,0
0,0.34784535,0.46908727,-0.68163687,0.039589178,1.6714087,-0.2722783,-0.0006123865,0,1,0
0,-0.80405325,-0.74768454,1.3407795,-1.6072953,-1.3156358,-1.6996522,0.49949178,1,0,0
0,-1.2047043,-1.1532751,0.42903444,-0.8287681,-1.0798166,-0.8530775,0.6995333,0,1,0
0,-1.3048747,-1.1532751,0.90977275,-1.2679373,-0.67106307,-1.3159298,0.89957476,0,1,0
0,0.24767493,0.4014854,0.00355341,0.66839945,1.5456383,1.1643732,0.09940883,0,1,0
0,1.1992327,0.67187226,-1.1623752,1.4569074,1.0739998,1.227399,-1.4009037,0,1,0
0,-1.2047043,-0.8828677,0.66111505,-0.7888438,-0.92260367,-0.65825695,1.0996172,1,0,0
0,-1.0043788,-0.4096958,-0.27273297,0.049570143,-0.85971856,0.034219485,1.399679,1,0,0
0,1.8503097,1.8210422,-0.38877326,0.8480595,0.6180824,1.0987983,-1.0008208,0,0,1
0,1.1491475,0.6042704,-0.70373976,0.8879841,-1.2527508,0.883988,-1.4009037,0,1,0
0,-0.90420836,-1.4912639,0.48429173,-0.8487304,-0.6867844,-0.8538975,-0.40069535,0,1,0
0,-0.95429355,-0.4096958,-0.9800261,0.75822926,-0.59245664,0.47231647,1.2996587,0,0,1
0,1.3494883,1.6182365,-0.52691644,0.8680218,-1.5514551,1.0085951,-0.3006751,0,1,0
0,-0.4033869,0.26628166,0.3958801,-0.3596555,-1.1898656,-0.13224214,1.1996374,0,1,0
0,0.19758973,0.063496664,-0.455082,-0.4894103,1.3412616,-0.8646202,-0.3006751,0,0,1
0,1.7501394,1.5506347,0.78268105,-1.0184094,-1.2999146,-0.96685433,-1.2008623,0,1,0
0,0.39791524,0.19867977,-0.455082,0.6783804,1.1683275,0.8000835,-0.50071657,1,0,0
0,1.9504648,1.7534404,0.56717765,-0.7688815,0.3036567,-0.67947704,-1.3008834,0,1,0
0,-0.20306134,-0.4096958,-1.1513237,0.63845617,-1.4414061,0.17224441,-0.20065387,0,1,0
0,0.19758973,1.009861,0.31299418,-0.7489192,0.7281314,-0.793401,1.0996172,0,1,0
0,-0.5536425,-1.0180714,-0.39982474,0.46877712,0.4451483,0.54494184,-0.40069535,0,1,0
0,-0.35331696,-0.8828677,-0.018549502,-0.110127576,-0.21514577,-0.023845542,-0.6007378,0,1,0
0,-1.35496,-1.0180714,-0.576648,1.496832,-0.057932902,1.8486371,1.1996374,1,0,0
0,1.2994031,1.212646,-0.62085384,1.0077572,-1.3627998,1.1228409,-0.8007793,0,1,0
0,-0.50355726,0.13109854,-0.25063008,0.05955111,-0.63962054,0.06462916,1.1996374,0,1,0
0,1.7000542,1.0774629,0.9539786,-0.98846596,1.1683275,-0.82648623,-1.8009876,0,1,0
0,-1.35496,-0.8152864,0.13617088,-0.19995777,1.3098191,-0.05493868,1.4997002,1,0,0
0,-0.95429355,-1.626447,-0.23957862,0.4088902,-0.057932902,0.5838768,-0.50071657,1,0,0
0,0.94882196,-0.13930896,1.0202874,-1.247975,0.2879354,-1.2289389,-2.10105,1,0,0
0,1.1491475,0.67187226,0.28536552,-0.7289569,0.99539334,-0.7781959,-1.3008834,0,1,0
0,-1.0043788,-1.0180714,-0.79767716,0.61849385,0.22505026,0.43499297,0.49949178,0,1,0
0,-0.85413843,-1.3560601,0.07538787,0.09947573,-0.8754398,0.35921305,-0.3006751,1,0,0
0,0.29776013,0.13109854,-1.0960665,1.2572851,-1.3627998,1.0294737,-0.40069535,0,1,0
0,0.29776013,1.1450647,-0.28378445,0.76821065,-1.3470784,1.072539,1.0996172,0,1,0
0,0.44800046,1.4154516,0.9484529,-1.1182206,-0.52957153,-1.046638,1.1996374,0,1,0
0,-0.90420836,-1.2208564,2.4790795,-1.8568232,-1.0483739,-1.7042034,-0.0006123865,0,1,0
0,1.8503097,1.8210422,-0.7921514,0.728286,0.7910166,0.5894624,-1.0008208,0,0,1
0,-0.25314656,-0.4772977,2.390668,-2.0664268,1.0897211,-2.142046,-0.20065387,0,1,0
0,0.19758973,1.212646,-1.2121067,1.7862846,0.94822943,1.6047941,1.399679,0,1,0
0,-1.6554406,-1.4236621,-0.637431,1.3770586,0.39798442,1.6226844,1.1996374,1,0,0
0,1.0990776,1.0774629,0.6555893,-0.85871154,-0.2937522,-0.77472943,-0.6007378,0,1,0
0,1.3995582,0.6042704,0.9318757,-1.0184094,-1.0326527,-0.8882818,-1.9010079,0,1,0
0,-0.5536425,-1.0180714,0.08643933,-0.2398824,0.539476,-0.14907733,-0.40069535,0,0,1
0,-1.6053706,-1.6940489,0.8600412,-0.9984471,-1.1741443,-0.89300823,0.6995333,1,0,0
0,1.3494883,1.4830534,-1.0463349,1.8561522,-1.6615041,1.866703,-0.50071657,0,0,1
0,-1.0043788,-1.2884582,-0.7534713,0.4787581,0.6338037,0.27927318,0.09940883,0,0,1
0,-1.2547895,-1.0856733,1.147379,-0.8986359,-0.98548883,-0.5700655,0.89957476,0,1,0
0,0.44800046,0.67187226,-1.2342097,1.6465489,0.19360769,1.4022589,0.09940883,0,1,0
0,0.648326,0.26628166,-0.1787956,-0.090165645,1.356983,-0.10457633,-0.9007995,0,1,0
0,-2.056107,-2.3024244,-0.6926883,1.0177386,-0.8911611,1.0730467,0.6995333,0,1,0
0,0.24767493,0.6042704,-0.51033926,0.64843714,0.46086955,0.71198946,0.39947057,1,0,0
0,-0.80405325,-0.95046955,-0.34456745,0.39890924,0.25649282,0.48762855,0.1994291,0,1,0
0,0.8486668,0.33388352,-0.7755742,1.317172,1.0425571,1.409368,-1.2008623,0,1,0
0,1.0489924,0.53666854,-0.72031695,0.129419,-1.0798166,-0.17605923,-1.3008834,0,0,1
0,-1.35496,-0.95046955,0.8213611,-1.0583339,0.9167869,-1.0124199,1.2996587,1,0,0
0,-0.10290622,-0.4096958,0.38482863,-0.7489192,-1.268472,-0.752142,-0.40069535,0,1,0
0,0.648326,0.063496664,-0.07933251,-0.21992008,1.4355893,-0.22944702,-1.2008623,0,0,1
0,0.14750452,-0.00410521,0.114067964,0.079513416,1.1683275,0.356772,-0.3006751,0,1,0
0,0.19758973,-0.34209394,-0.51033926,-0.070203334,0.036394816,-0.30541226,-0.9007995,0,1,0
0,-2.3065176,-2.8432188,-0.07380678,-0.17999546,1.1526061,-0.16614746,0.39947057,0,0,1
0,-0.7038828,-0.13930896,-0.23405288,0.15936227,0.1621651,0.22271214,1.1996374,0,1,0
0,0.49808568,0.26628166,3.6726367,-2.3359168,1.0582784,-2.2859104,-0.6007378,0,1,0
0,2.0506353,2.091429,2.3740907,-1.9167099,-0.7653908,-1.8592783,-1.0008208,0,1,0
0,-0.0027358106,-0.6124808,-0.36114463,0.5186827,0.6966889,0.6474691,-0.9007995,0,0,1
0,-0.45347208,-1.1532751,-1.2949927,2.1356237,-1.4256848,1.9660175,-0.8007793,0,1,0
0,0.39791524,0.80707604,-0.902666,0.80813485,1.0111146,0.60457957,0.39947057,0,1,0
0,-0.50355726,-0.2068902,-0.6705854,0.46877712,1.5928022,0.33104956,0.6995333,0,0,1
0,0.34784535,1.2802478,-0.42745337,-0.030278714,1.1526061,-0.19073701,1.1996374,0,1,0
0,-1.35496,-0.8828677,0.6390121,-0.5892215,-1.3627998,-0.34756008,1.399679,0,0,1
0,-1.0043788,-0.8828677,-0.8971402,0.8480595,1.1526061,0.6630644,0.6995333,0,0,1
0,0.94882196,0.4014854,0.39035437,-0.65908897,-0.32519478,-0.6074669,-1.3008834,0,1,0
0,-0.80405325,-0.6124808,-0.39982474,-0.040260058,-0.46668637,-0.18567821,0.6995333,0,0,1
0,1.4997287,1.6858385,0.34614855,-0.62914574,0.429427,-0.5866275,-0.50071657,0,0,1
0,-0.4033869,0.26628166,-0.8860888,0.6783804,-1.0798166,0.4436061,1.1996374,0,1,0
0,-1.0043788,-0.95046955,-0.47718492,0.4088902,0.9010656,0.39869487,0.599513,0,0,1
0,1.1491475,1.1450647,-0.4992878,0.4488148,0.6966889,0.43806922,-0.6007378,1,0,0
0,-0.10290622,0.7394741,1.2357907,-1.4475974,0.99539334,-1.4685341,1.2996587,0,0,1
0,-1.5052003,-1.2884582,5.529281,-2.6652937,-0.15226063,-2.5597723,1.0996172,1,0,0
0,0.648326,0.4014854,0.36272573,-0.7489192,-0.7653908,-0.7648368,-0.70075804,1,0,0
0,0.8486668,0.46908727,2.6724799,-1.9067287,-1.6143403,-1.7298374,-1.0008208,0,1,0
0,0.14750452,0.26628166,1.1197504,-1.4076729,-1.5828978,-1.4527822,0.09940883,0,1,0
0,-0.35331696,-0.54487896,-0.41087618,0.14938131,0.3036567,0.078408115,-0.10063361,0,1,0
0,1.2493179,1.009861,2.4625022,-2.1163323,1.2940978,-2.2144663,-1.0008208,0,1,0
0,1.1992327,0.26628166,0.2577369,-0.56925917,0.649525,-0.5463547,-2.001029,0,0,1
0,-0.50355726,-1.0180714,0.3572,-0.52933455,0.8067379,-0.42340827,-0.50071657,0,1,0
0,-0.30323175,0.46908727,-0.26168153,0.5685883,1.7500151,0.79977113,1.2996587,0,0,1
0,0.8987367,0.53666854,1.086596,-1.3477862,-0.81255466,-1.3662409,-1.0008208,0,1,0
0,2.0506353,2.226612,-0.44403055,1.0277195,-1.0798166,1.3078958,-0.8007793,0,1,0
0,-1.2547895,-0.74768454,-0.5711223,0.4787581,-1.6615041,0.42364553,1.399679,0,0,1
0,-0.35331696,-0.95046955,-0.5876995,-0.22990105,-1.0326527,-0.5830435,-0.70075804,0,1,0
0,0.99890715,0.33388352,1.4899743,-1.2878995,1.0582784,-1.0713346,-1.500925,0,1,0
0,0.39791524,0.7394741,-0.16774416,-0.65908897,1.0111146,-0.93689406,0.2994503,0,1,0
0,2.00055,1.9562253,-1.2507868,1.3870399,1.4827532,1.0523343,-1.100842,0,1,0
0,0.8987367,0.7394741,-0.7755742,0.17932458,0.2722141,-0.1480815,-0.70075804,0,0,1
0,-1.8557814,-1.8292526,-0.52691644,0.8979651,-1.48857,1.0508986,0.999596,0,1,0
0,0.047349393,1.009861,-0.37772182,0.71830505,1.467032,0.92152643,1.399679,0,1,0
0,1.0990776,0.53666854,-0.5600708,0.13940035,-0.6553418,-0.04505605,-1.4009037,0,1,0
0,0.14750452,1.009861,-0.062755324,0.089494765,-0.49812892,0.24419585,1.1996374,0,0,1
0,0.34784535,0.4014854,-0.51033926,0.069532454,-0.4038012,-0.10758428,-0.10063361,0,1,0
0,-1.2047043,-0.34209394,0.05328496,-0.50937223,-0.6238992,-0.57952785,1.8997831,0,1,0
0,0.24767493,1.009861,-0.8916145,0.8181162,-0.4038012,0.6274307,0.999596,0,0,1
0,-0.95429355,-1.5588452,-0.83635724,0.029607834,0.02067353,-0.39629933,-0.40069535,0,1,0
0,0.14750452,1.1450647,0.5284976,-0.8187871,0.759574,-0.7813892,1.399679,0,1,0
0,0.99890715,0.8746573,0.15274806,0.10945669,-1.2841933,0.43056938,-0.70075804,0,1,0
0,-0.6037277,-0.8828677,-0.4937621,0.33902267,-0.6553418,0.28665602,-0.10063361,0,1,0
0,-0.35331696,-0.8828677,0.2190568,-0.36963683,1.6242448,-0.2614094,-0.6007378,0,1,0
0,0.6984112,0.063496664,-0.20642425,0.6584181,-1.1112591,0.9764082,-1.3008834,0,1,0
0,1.2493179,1.4830534,1.3020995,-1.2080506,-0.81255466,-1.0226445,-0.3006751,0,1,0
0,2.00055,2.159031,-0.2174757,0.05955111,0.25649282,0.08841779,-0.8007793,0,0,1
0,0.14750452,1.009861,-0.52139074,0.728286,-1.0640953,0.81579584,1.1996374,0,0,1
0,0.39791524,1.2802478,0.114067964,-0.8187871,-1.3627998,-1.014295,1.0996172,0,1,0
0,1.2994031,1.5506347,0.0809136,0.1992869,-0.7811121,0.514972,-0.3006751,0,1,0
0,1.1992327,0.13109854,-0.576648,0.48873943,0.3036567,0.43328407,-2.2010705,1,0,0
0,-1.1546191,-0.4772977,1.9541353,-1.5374274,-1.4571275,-1.3111833,1.5997214,0,1,0
0,0.39791524,0.80707604,-0.7866257,0.8680218,0.052116103,0.78507376,0.39947057,0,1,0
0,0.94882196,0.26628166,1.9320325,-1.846842,-0.24658835,-1.8926468,-1.500925,0,1,0
0,-1.054464,-0.4096958,0.10301651,-0.42952338,-1.0798166,-0.4271384,1.4997002,0,1,0
0,-0.90420836,-1.2208564,-0.40535045,0.23921151,0.8853443,0.21130595,-0.0006123865,0,1,0
0,-0.90420836,-1.5588452,2.2801533,-1.8368609,-0.23086706,-1.7413119,-0.50071657,0,0,1
0,-1.4050299,-1.4236621,-0.05170387,-0.40956107,1.4041468,-0.4948716,0.6995333,0,0,1
0,1.8503097,2.0238273,-0.38877326,-0.0103164045,0.46086955,-0.1349077,-0.70075804,0,0,1
0,1.1491475,0.80707604,-0.84740865,1.0277195,0.036394816,0.9493188,-1.100842,0,1,0
0,-0.90420836,-0.74768454,0.29089126,-0.47942898,0.539476,-0.38633838,0.6995333,0,0,1
0,0.8486668,0.4014854,1.1252762,-1.3777294,-0.5767354,-1.3991895,-1.100842,0,1,0
0,0.19758973,-0.2068902,-0.5490194,0.27913576,-0.057932902,0.15990068,-0.70075804,0,0,1
0,-0.85413843,-1.2884582,1.0092359,-1.1381828,-0.2937522,-1.0493331,-0.20065387,0,0,1
0,-0.4033869,-0.95046955,-0.8750373,0.9977762,1.3412616,0.88430035,-0.6007378,0,1,0
0,-0.45347208,-1.0856733,0.020130593,-0.20993873,0.35082054,-0.14793488,-0.70075804,0,1,0
0,0.34784535,0.8746573,-1.0573864,1.2972097,-1.1427017,1.1180849,0.599513,0,0,1
0,2.0506353,2.226612,1.8988781,-1.5474086,1.2940978,-1.3535948,-0.8007793,0,1,0
0,1.9003797,1.8886235,-0.6595339,0.78817296,1.4513106,0.78352106,-1.0008208,0,0,1
0,-0.10290622,-0.54487896,-0.576648,0.25917345,0.052116103,0.11097609,-0.6007378,1,0,0
0,-0.5536425,-0.6124808,-0.86398584,1.4868511,0.5866399,1.55584,0.1994291,0,1,0
0,0.8486668,0.80707604,0.13064516,-0.54929686,0.49231213,-0.5928674,-0.50071657,0,0,1
0,-0.6037277,0.063496664,-0.880563,0.39890924,-0.81255466,0.07083996,1.2996587,1,0,0
0,-0.45347208,0.33388352,-1.1623752,1.4868511,-0.7811121,1.2663339,1.399679,0,1,0
0,-0.45347208,-0.95046955,-0.72584265,0.66839945,1.3884255,0.5623926,-0.50071657,0,1,0
0,0.39791524,0.33388352,0.86556697,-1.0283904,0.85390174,-0.939765,-0.3006751,0,0,1
0,0.047349393,-0.54487896,-0.47165918,0.43883386,-1.3942423,0.4455982,-0.9007995,0,0,1
0,0.59825605,0.53666854,-0.81425434,1.2572851,-1.3313571,1.2914408,-0.40069535,0,1,0
0,0.097434595,-0.4772977,-0.040652413,0.3190604,-0.85971856,0.60426676,-0.9007995,0,1,0
0,-1.1546191,-1.9644357,0.9705558,-0.9784848,-1.6929468,-0.80091995,-0.6007378,0,1,0
0,0.99890715,0.4014854,-0.5600708,0.3190604,-1.5042913,0.20771243,-1.4009037,1,0,0
0,1.0990776,0.94225913,-0.001972318,-0.4894103,-1.3156358,-0.5835512,-0.8007793,0,0,1
0,0.8486668,0.67187226,-0.16221842,0.77819157,-1.268472,1.1897632,-0.70075804,0,0,1
0,1.8503097,1.6858385,-0.42745337,0.61849385,0.9010656,0.737272,-1.2008623,0,1,0
0,0.49808568,0.6042704,2.0480728,-1.8069175,-1.1112591,-1.7739477,-0.10063361,0,0,1
0,-1.5552855,-1.3560601,-0.14011551,0.09947573,0.19360769,0.20306389,1.0996172,0,1,0
0,-0.20306134,0.6042704,0.6555893,-1.1980695,-0.49812892,-1.3252263,1.2996587,0,1,0
0,-0.50355726,0.13109854,0.13617088,-0.0103164045,-0.16798191,0.23525076,1.1996374,0,0,1
0,1.1491475,0.53666854,-0.1566927,0.80813485,-1.3156358,1.2386978,-1.500925,0,1,0
0,-0.0027358106,-0.34209394,1.0423902,-1.3976917,-1.1112591,-1.4713172,-0.50071657,0,1,0
0,-0.6537976,-0.54487896,-0.7921514,0.4787581,1.1054423,0.24864905,0.49949178,0,1,0
0,1.8002245,1.6858385,-0.44403055,0.8181162,-1.4256848,1.0086925,-1.100842,0,0,1
0,1.4496434,1.4830534,0.76057816,-0.9485415,-0.9697675,-0.86385846,-0.70075804,0,1,0
0,-1.2547895,-0.8152864,-0.035126686,0.14938131,1.8129002,0.35398853,1.2996587,0,1,0
1,0.99890715,-0.13930896,-1.4331359,1.7263976,0.6180824,1.3036283,-2.2010705,1,0,0
0,-1.054464,-0.00410521,-0.5545451,0.16934362,1.2154913,0.0011442618,2.0998256,0,0,1
0,-2.2063472,-2.7080152,-0.6650597,1.1075684,-1.5828978,1.2222724,0.39947057,0,1,0
0,-0.0027358106,-0.54487896,1.2136878,-1.2080506,-1.6143403,-1.0662371,-0.8007793,0,1,0
0,0.7484964,0.4014854,2.5343368,-1.9765965,1.6085235,-1.9174412,-0.9007995,0,1,0
0,1.1491475,1.0774629,0.6555893,-0.7688815,0.6652463,-0.6290093,-0.70075804,0,1,0
0,-1.5052003,-1.2208564,0.20800534,-1.0583339,0.35082054,-1.3311052,1.1996374,0,1,0
0,-0.6037277,-0.13930896,-0.69821405,0.548626,-0.6867844,0.4196126,0.999596,0,0,1
0,-1.054464,-1.3560601,-1.3447242,2.2853405,-1.0483739,2.1018937,0.09940883,0,1,0
0,-0.052821014,0.19867977,-1.4994446,1.327153,0.60236114,0.7411784,0.39947057,0,1,0
0,0.99890715,0.4014854,-1.0021291,1.3071907,1.356983,1.1831034,-1.4009037,0,1,0
0,0.047349393,0.94225913,0.18037671,-0.3796178,1.4355893,-0.30157468,1.2996587,0,1,0
0,0.39791524,-0.13930896,0.6500636,-0.88865477,0.68096757,-0.8263396,-1.0008208,0,1,0
0,-0.10290622,0.6042704,0.031182049,0.069532454,0.9167869,0.2819196,1.0996172,0,1,0
0,-1.5052003,-1.4236621,1.6944262,-1.2679373,1.1211636,-0.9373626,0.89957476,1,0,0
0,1.7501394,1.2802478,-0.2561558,-0.13008988,-1.4728488,-0.21635154,-1.6009462,0,1,0
0,-0.35331696,-0.74768454,0.20800534,-0.50937223,0.82245916,-0.48410013,-0.40069535,0,0,1
0,0.34784535,1.2802478,0.8710927,-1.1781071,1.3098191,-1.1854439,1.1996374,0,0,1
0,1.3494883,1.2802478,-0.83083147,0.64843714,-1.4571275,0.44861573,-0.8007793,0,1,0
0,2.00055,2.091429,-0.41087618,0.09947573,-0.60817796,0.006876499,-0.9007995,0,1,0
0,0.94882196,0.80707604,-0.36114463,0.17932458,-1.4099636,0.15806477,-0.70075804,1,0,0
0,0.34784535,0.4014854,0.5063946,-0.7389382,-1.0169314,-0.66639155,-0.10063361,1,0,0
0,-1.2047043,-1.1532751,-0.007498046,0.019626869,-1.6929468,0.17900206,0.6995333,0,0,1
0,0.14750452,1.1450647,-0.52139074,0.728286,-1.4571275,0.81579584,1.399679,0,1,0
0,0.24767493,-0.13930896,-0.61532813,0.37894693,0.1778864,0.2491959,-0.70075804,0,1,0
0,-1.5052003,-1.4912639,0.07538787,-0.66907036,0.74385273,-0.80854684,0.79955447,0,1,0
1,-1.3048747,-1.1532751,-0.3556189,0.049570143,1.797179,-0.02510546,0.89957476,0,1,0
0,-0.20306134,0.13109854,0.26878834,-0.5892215,-1.0955378,-0.5706706,0.599513,0,1,0
0,-0.5536425,0.46908727,0.54507476,-0.6391271,1.7342938,-0.48414886,1.7997628,0,0,1
0,-0.85413843,-1.4236621,-0.7755742,0.77819157,-0.13653934,0.67162883,-0.40069535,0,1,0
0,0.39791524,-0.2068902,-0.6705854,0.6584181,-1.5042913,0.59415007,-1.100842,0,1,0
0,-0.50355726,-0.8828677,-0.72584265,0.8480595,-1.2999146,0.8098878,-0.3006751,1,0,0
0,-0.25314656,0.46908727,-0.64295673,1.6465489,-1.5828978,1.9926283,1.1996374,0,0,1
0,-1.5552855,-1.4236621,-0.024075229,-0.080184296,0.39798442,0.01732557,0.999596,0,1,0
0,0.34784535,1.2802478,-0.2948359,-0.41954243,-1.1898656,-0.6636377,1.1996374,0,1,0
0,1.0990776,0.33388352,1.6170659,-1.6272573,0.33509928,-1.6187361,-1.7009664,0,0,1
0,-0.95429355,-1.0856733,0.29089126,-0.17999546,1.6242448,0.08005871,0.2994503,0,1,0
0,-0.95429355,-1.4912639,0.37930292,-0.7389382,-0.7968334,-0.73961294,-0.3006751,0,0,1
0,0.94882196,0.67187226,-0.8584601,0.73826736,0.20932898,0.54754955,-0.9007995,0,0,1
0,0.34784535,0.67187226,-0.5711223,0.48873943,0.1778864,0.43766853,0.2994503,0,1,0
0,-1.7055258,-1.7616508,-0.94687176,0.5087014,1.2154913,0.16622895,0.79955447,0,1,0
0,-1.054464,-0.071707085,0.014604866,-0.61916476,-1.1741443,-0.76902634,1.9998044,0,1,0
0,-0.50355726,0.19867977,0.6555893,-1.2379938,-0.60817796,-1.3899908,1.2996587,1,0,0
1,0.7484964,0.26628166,6.0763283,-2.7950482,-1.3627998,-2.7662134,-1.100842,0,0,1
0,0.29776013,-0.27449208,-0.7092655,0.15936227,0.5080334,-0.12665607,-1.0008208,0,1,0
0,-0.50355726,-0.6124808,0.29089126,-0.4993913,1.4513106,-0.41743153,0.09940883,0,1,0
0,0.8987367,0.4014854,-0.48271063,0.8380785,0.036394816,1.0041027,-1.2008623,0,1,0
0,1.1491475,1.1450647,0.55060047,-0.33969358,0.20932898,-0.00070167426,-0.6007378,0,0,1
0,-1.1045492,-1.4236621,0.33509707,-0.64910805,-1.48857,-0.6244587,0.09940883,1,0,0
0,0.6984112,0.4014854,0.08643933,0.32904133,1.6399661,0.7164814,-0.8007793,0,1,0
0,-0.5536425,-0.95046955,-0.69821405,0.64843714,0.22505026,0.55759794,-0.3006751,0,1,0
0,-1.6053706,-1.4236621,-0.69821405,0.64843714,0.20932898,0.55759794,1.0996172,0,1,0
0,0.49808568,0.33388352,-1.6099591,2.1356237,-0.48240766,1.6242471,-0.50071657,0,1,0
0,0.097434595,1.009861,-0.5932252,0.35898462,0.3036567,0.23833658,1.2996587,1,0,0
0,-0.35331696,-0.6800827,-0.6650597,0.6584181,0.7910166,0.5987007,-0.3006751,0,1,0
0,1.0990776,0.26628166,-0.46060774,0.74824834,0.9325082,0.89504266,-1.8009876,0,0,1
0,-1.3048747,-0.4096958,-0.36667037,0.548626,-0.21514577,0.6862087,1.9998044,0,1,0
0,-1.3048747,-1.3560601,-1.0187062,1.506813,-0.70250565,1.4321901,0.599513,0,0,1
0,0.59825605,-0.071707085,-0.8695116,1.2373232,-1.48857,1.2130833,-1.3008834,0,1,0
0,0.24767493,1.1450647,0.44008592,-0.7289569,-0.35663736,-0.68878365,1.1996374,0,1,0
0,0.24767493,-0.13930896,-0.71479124,0.43883386,0.052116103,0.25482067,-0.70075804,0,0,1
0,0.99890715,0.67187226,1.799415,-1.7270685,-0.938325,-1.7244859,-1.0008208,0,1,0
0,-2.2564325,-2.5728114,-0.50481355,0.8879841,-0.67106307,1.0558987,0.6995333,0,1,0
0,-1.2547895,-1.0180714,0.8379383,-0.6890327,-1.5514551,-0.39281282,0.999596,0,1,0
0,0.047349393,0.94225913,-0.5600708,0.2192492,0.49231213,0.0672856,1.2996587,0,1,0
0,0.44800046,-0.2068902,4.5070214,-2.5555015,1.467032,-2.5470772,-1.2008623,0,1,0
0,1.599899,0.94225913,0.37377718,-0.33969358,-1.0169314,-0.11507412,-1.8009876,1,0,0
0,0.648326,0.063496664,0.67769223,-0.8986359,-1.1112591,-0.8273846,-1.2008623,0,1,0
0,0.24767493,-0.2068902,0.42350873,-0.54929686,0.74385273,-0.41430655,-0.8007793,0,1,0
0,-0.30323175,-0.4772977,0.843464,-1.1581451,1.467032,-1.1661667,-0.10063361,0,0,1
0,0.8987367,-0.00410521,0.56717765,-0.7389382,1.467032,-0.6313725,-1.8009876,0,1,0
0,0.047349393,0.94225913,0.49534318,-0.8686927,-1.0483739,-0.8795612,1.2996587,0,1,0
0,0.6984112,0.33388352,0.5174461,-0.050241023,-1.6929468,0.44031495,-0.9007995,0,1,0
0,1.3494883,1.6182365,2.2912047,-1.5174652,-1.48857,-1.12648,-0.3006751,0,1,0
0,-0.15297614,-0.4772977,-0.6761111,1.4569074,0.36654183,1.6966088,-0.40069535,0,1,0
0,-0.15297614,0.53666854,-0.74241984,0.75822926,1.3255403,0.6721953,1.0996172,0,0,1
0,0.14750452,1.2802478,0.38482863,-0.59920245,1.0897211,-0.5164532,1.5997214,0,1,0
0,0.49808568,1.0774629,-0.50481355,0.38892826,0.5866399,0.34888145,0.599513,0,0,1
0,1.8503097,1.4830534,0.15827379,-0.61916476,-0.1837032,-0.68320763,-1.500925,0,1,0
0,1.9504648,1.8210422,0.34614855,-0.60918343,0.9010656,-0.555339,-1.2008623,0,1,0
0,0.7985816,0.26628166,0.32957137,0.16934362,0.13072254,0.6526937,-1.2008623,0,1,0
0,-1.1546191,-1.0856733,1.0976475,-1.2280127,-0.1837032,-1.1573974,0.6995333,1,0,0
0,0.49808568,0.6042704,1.5949631,-1.4875218,0.9167869,-1.3780769,-0.10063361,0,1,0
0,-0.0027358106,-0.4772977,-0.36667037,0.59853154,-1.1427017,0.758131,-0.70075804,0,1,0
0,-0.50355726,-0.00410521,-0.30588734,-0.040260058,1.6399661,-0.11993758,0.999596,0,1,0
0,-0.6037277,-0.13930896,1.1805334,-1.247975,0.35082054,-1.1510595,0.999596,0,1,0
0,-0.95429355,-0.74768454,1.4623456,-1.4875218,0.1621651,-1.4369037,0.79955447,0,0,1
1,0.8486668,-0.34209394,-1.3336728,2.5448494,1.907228,2.4437425,-2.2010705,0,1,0
0,-0.753968,-1.2884582,-0.21194997,-0.080184296,0.3036567,-0.1128284,-0.40069535,0,0,1
0,0.44800046,0.6042704,2.5177596,-1.9765965,-0.04221162,-1.9233588,-0.0006123865,0,1,0
0,-0.5536425,-0.8828677,1.0368645,-1.0583339,0.13072254,-0.90044934,-0.20065387,0,1,0
0,0.097434595,1.009861,-0.062755324,-0.38959914,0.2722141,-0.4720401,1.2996587,0,1,0
0,-1.1045492,-1.7616508,-0.15116698,0.079513416,0.46086955,0.16552547,-0.40069535,0,1,0
0,-0.80405325,-1.4236621,0.025656322,-0.40956107,0.38226312,-0.44579038,-0.50071657,0,1,0
0,-1.1045492,-1.6940489,0.5063946,-0.8686927,0.25649282,-0.87344784,-0.3006751,1,0,0
0,-1.2047043,-0.95046955,-1.0187062,0.63845617,-1.48857,0.2809921,0.999596,0,1,0
0,-0.30323175,-0.6124808,-1.1789523,2.1955101,0.539476,2.169627,-0.3006751,0,0,1
0,1.8002245,1.212646,0.41245726,-0.6790513,0.74385273,-0.62594306,-1.8009876,0,1,0
0,0.7484964,0.46908727,0.15827379,-0.6890327,-1.0955378,-0.79039305,-0.8007793,0,1,0
0,-0.052821014,-0.4096958,-0.16774416,0.27913576,1.2940978,0.44829336,-0.50071657,0,0,1
0,-1.3048747,-0.6800827,-0.23405288,0.17932458,0.57091856,0.2519498,1.5997214,0,0,1
0,0.99890715,0.8746573,-0.16774416,-0.0103164045,-1.2999146,0.020948233,-0.70075804,0,1,0
0,-1.4050299,-1.3560601,-0.3390417,0.24919248,-0.81255466,0.27542558,0.79955447,0,0,1
0,-0.85413843,-0.4096958,0.15827379,-0.41954243,0.5080334,-0.37696347,1.0996172,0,1,0
0,-1.0043788,-1.2884582,-0.47165918,-0.28978798,-1.1427017,-0.5909245,0.09940883,0,1,0
0,0.59825605,1.6182365,-0.79767716,0.77819157,-0.27803093,0.6529573,1.1996374,1,0,0
0,0.44800046,0.7394741,0.036707778,-0.22990105,0.39798442,-0.16702625,0.1994291,0,0,1
0,-0.80405325,-0.95046955,-0.5876995,0.7083237,-0.105096765,0.73237944,0.1994291,0,1,0
0,-1.35496,-0.8828677,-0.18432134,-0.070203334,1.2469339,-0.078981385,1.399679,0,1,0
0,-0.0027358106,-0.34209394,0.56165195,-0.98846596,-1.1427017,-1.0351831,-0.50071657,0,1,0
0,0.8486668,0.7394741,-0.2782587,0.13940035,0.0049522435,0.16113101,-0.6007378,0,0,1
0,0.19758973,-0.13930896,-0.50481355,-0.030278714,-0.010769043,-0.24501318,-0.6007378,1,0,0
0,-0.25314656,0.53666854,0.33509707,-0.75890017,-0.63962054,-0.79633063,1.2996587,1,0,0
0,-0.85413843,-1.5588452,0.98160726,-1.2878995,-1.5828978,-1.3148065,-0.6007378,0,0,1
0,-1.3048747,-1.1532751,-0.27273297,0.25917345,0.8853443,0.33978018,0.89957476,0,1,0
0,0.49808568,-0.2068902,-0.394299,0.1992869,0.5237547,0.1622443,-1.3008834,0,1,0
0,-0.35331696,-0.95046955,-1.2452611,0.8181162,-0.67106307,0.32618657,-0.70075804,0,1,0
0,0.19758973,0.33388352,-0.2174757,0.29909807,-1.5514551,0.43997344,0.09940883,0,0,1
0,0.34784535,0.4014854,0.18037671,-0.15005219,-0.9068824,0.05150453,-0.10063361,0,0,1
0,0.34784535,0.67187226,1.108699,-1.4376162,1.0739998,-1.5088164,0.2994503,0,0,1
0,2.1007204,2.361816,0.036707778,0.13940035,-0.7811121,0.39157566,-0.70075804,1,0,0
0,-0.20306134,-0.54487896,0.3406228,-0.66907036,-1.1741443,-0.65245646,-0.40069535,0,1,0
0,-0.90420836,-1.2884582,-0.42745337,0.9877953,-0.60817796,1.2655234,-0.10063361,0,1,0
0,0.097434595,-0.6124808,-0.73689413,0.2192492,-1.0640953,-0.06458682,-1.100842,0,0,1
0,-0.45347208,0.19867977,-1.692845,1.8960768,-0.4195225,1.2453284,1.1996374,0,0,1
0,-0.35331696,-0.6124808,-0.38324755,0.10945669,0.1621651,0.041250795,-0.20065387,0,1,0
0,1.0489924,1.009861,1.8049407,-1.6871442,0.8067379,-1.6493798,-0.6007378,0,0,1
0,-0.85413843,-0.27449208,-0.068281054,-0.9086171,1.2783765,-1.2509795,1.2996587,0,1,0
0,-1.0043788,-0.8152864,1.3849853,-1.2779183,1.3412616,-1.1041371,0.79955447,0,1,0
0,-0.85413843,-0.6124808,0.5119204,-0.7289569,-1.6929468,-0.64727104,0.79955447,0,0,1
0,-0.6537976,-0.34209394,-0.515865,-0.0003354402,0.82245916,-0.21040438,0.79955447,0,1,0
0,-0.50355726,-0.8828677,3.9268203,-2.3359168,1.577081,-2.2113414,-0.3006751,0,1,0
0,-0.7038828,-1.1532751,-1.4441873,2.0457935,-1.1898656,1.691804,-0.3006751,0,1,0
0,-0.90420836,-1.3560601,-0.7092655,0.23921151,-0.938325,-0.016424004,-0.20065387,0,1,0
0,-1.054464,-1.626447,-1.0794892,1.4269642,0.68096757,1.2680037,-0.3006751,0,1,0
0,-0.85413843,-0.6124808,0.296417,0.009645524,-1.4099636,0.37935942,0.79955447,0,1,0
0,-1.8557814,-1.7616508,-0.41087618,0.7083237,1.68713,0.8795644,1.0996172,0,1,0
1,-0.4033869,0.46908727,1.0921218,-1.2978806,1.8443428,-1.2788403,1.4997002,0,1,0
0,-0.4033869,-1.1532751,-0.71479124,0.29909807,-1.2841933,0.062051047,-0.9007995,0,1,0
0,-0.7038828,-0.27449208,0.00355341,-0.41954243,-1.6143403,-0.47485226,0.999596,0,1,0
0,-0.80405325,-0.4772977,-0.15116698,-0.41954243,-1.4099636,-0.57274103,0.89957476,0,1,0
0,-0.052821014,-0.54487896,-0.26720726,0.4288525,1.6714087,0.5914645,-0.70075804,0,1,0
0,0.19758973,0.26628166,-1.3336728,2.1356237,-1.3942423,1.9240454,-0.0006123865,0,1,0
0,1.1491475,0.7394741,-0.46613345,0.029607834,0.5866399,-0.13262281,-1.2008623,1,0,0
0,-1.1045492,-0.8152864,0.10854224,-0.47942898,-0.6553418,-0.49977374,0.999596,0,1,0
0,1.0990776,0.53666854,0.7384752,-0.70899457,-0.8754398,-0.48367077,-1.4009037,0,1,0
0,1.3494883,1.3478497,-0.21194997,-0.29976895,-0.48240766,-0.4353026,-0.70075804,0,1,0
0,1.1491475,1.1450647,0.600332,-0.7888438,1.4041468,-0.6927387,-0.6007378,0,1,0
0,-1.2047043,-0.95046955,0.25221115,0.1992869,-0.27803093,0.64211804,0.999596,0,0,1
0,1.4496434,1.5506347,1.9320325,-1.7170876,0.6338037,-1.6528368,-0.6007378,0,1,0
0,-0.10290622,0.19867977,1.4678713,-1.6272573,1.4198681,-1.6812252,0.49949178,0,0,1
0,-0.30323175,-0.4772977,-0.7645228,1.8960768,-1.0955378,2.2132783,-0.10063361,0,1,0
0,-0.5536425,-1.2208564,2.6669543,-1.9965588,-1.3313571,-1.9095899,-0.70075804,0,0,1
0,-1.2547895,-1.0180714,-0.42745337,1.2273419,0.6338037,1.6081728,0.999596,0,1,0
1,1.3494883,1.4830534,-0.4937621,1.2073796,1.6556873,1.5185652,-0.50071657,0,1,0
0,0.34784535,0.4014854,-0.28378445,-0.080184296,1.2783765,-0.1625931,-0.10063361,0,0,1
0,1.0990776,0.8746573,-0.3556189,0.85804045,-0.057932902,1.1416194,-0.9007995,0,1,0
0,-0.45347208,0.26628166,-0.08485824,1.137512,-0.6553418,1.790884,1.2996587,0,0,1
0,0.097434595,-0.00410521,0.68874365,-0.9285792,1.1211636,-0.8700788,-0.20065387,0,0,1
0,-0.45347208,-0.95046955,-1.5436504,1.7763033,0.6966889,1.2532384,-0.50071657,0,1,0
1,-0.753968,-0.34209394,-1.3557756,2.6646223,-1.5042913,2.5697944,0.999596,0,1,0
0,-0.35331696,-0.6800827,-0.1566927,0.77819157,0.6338037,1.1944313,-0.3006751,0,1,0
0,-0.20306134,-0.54487896,0.10854224,-0.090165645,0.036394816,0.09397426,-0.40069535,0,1,0
0,1.1491475,1.3478497,1.1418533,-1.1880883,0.9325082,-1.0675558,-0.3006751,0,1,0
0,-0.052821014,-0.34209394,0.15274806,-0.4494857,0.99539334,-0.42636707,-0.40069535,0,1,0
0,-1.2047043,-0.95046955,-0.86398584,0.74824834,-0.5138502,0.55642635,0.999596,0,1,0
0,0.99890715,0.53666854,2.2580504,-2.0265021,-0.6553418,-2.1111875,-1.2008623,0,1,0
0,0.59825605,0.19867977,-1.0076548,1.4469265,-0.92260367,1.3634415,-0.9007995,0,0,1
0,-0.4033869,0.4014854,0.15274806,-0.16003315,1.0111146,0.017403435,1.399679,0,1,0
0,-1.3048747,-1.0856733,0.18590243,-0.54929686,1.5299171,-0.55917704,0.999596,0,1,0
0,-1.2047043,-0.95046955,0.30746844,-0.3097499,-1.2999146,-0.11123654,0.999596,0,0,1
0,1.9003797,2.091429,3.1918983,-2.1362944,-1.3470784,-2.0134745,-0.70075804,0,0,1
0,-1.054464,-1.4236621,-0.3500932,0.5186827,-0.26230964,0.6562972,-0.0006123865,0,1,0
0,-1.35496,-1.1532751,-0.60427666,0.18930593,-0.19942449,-0.007576352,0.999596,0,1,0
0,-1.054464,-1.626447,2.4182966,-1.9765965,1.1683275,-1.958866,-0.3006751,0,1,0
1,-0.30323175,0.53666854,-0.902666,1.3870399,1.68713,1.3839389,1.399679,0,1,0
0,-0.0027358106,0.80707604,-0.8087286,0.30907902,-0.98548883,0.0042692395,1.1996374,1,0,0
0,0.14750452,1.212646,-0.6705854,0.5885506,-0.85971856,0.4972184,1.4997002,0,1,0
0,-0.35331696,-0.4772977,-0.09038396,-0.20993873,1.5141958,-0.22195719,-0.0006123865,0,0,1
0,-1.1546191,-0.6800827,-0.1787956,-0.17999546,-0.21514577,-0.2370252,1.2996587,0,1,0
0,-0.45347208,-0.95046955,-0.5655966,0.15936227,1.1840488,-0.02103338,-0.50071657,0,1,0
0,0.29776013,-0.00410521,-0.1566927,-0.3097499,-0.04221162,-0.4139259,-0.6007378,0,1,0
0,0.34784535,-0.34209394,-0.333516,-0.54929686,1.4041468,-0.8758698,-1.2008623,0,1,0
0,-0.25314656,0.6042704,-0.8916145,0.8680218,0.1778864,0.6947144,1.399679,0,0,1
0,0.39791524,0.6042704,-0.455082,0.76821065,-0.4038012,0.9281375,0.09940883,0,1,0
0,-1.1045492,-1.0180714,-0.28378445,0.18930593,1.3884255,0.229743,0.6995333,0,0,1
0,0.14750452,0.94225913,-0.84740865,0.80813485,0.1778864,0.65155125,1.0996172,0,0,1
0,-1.1546191,-1.2208564,-0.07380678,0.009645524,0.9010656,0.11699155,0.49949178,1,0,0
0,0.29776013,-0.27449208,0.79925823,-0.7189759,-0.85971856,-0.46477428,-1.0008208,0,1,0
0,-1.1045492,-1.4236621,-0.51033926,0.85804045,-0.9697675,1.0087316,0.09940883,0,1,0
0,2.00055,2.091429,0.8545155,-0.85871154,0.13072254,-0.66434073,-0.9007995,0,0,1
0,-0.35331696,-0.54487896,-0.5490194,-0.24986336,0.052116103,-0.5853971,-0.10063361,0,0,1
1,-1.5552855,-1.4912639,-0.7700485,1.7064353,1.4827532,1.9477558,0.89957476,0,1,0
0,-0.5536425,-1.2208564,0.81030965,-0.9585227,-0.85971856,-0.8535168,-0.70075804,0,1,0
0,1.4496434,1.6182365,-1.1347466,1.0876064,-1.6143403,0.7720566,-0.50071657,0,0,1
1,-0.80405325,-1.1532751,-0.5876995,2.2254536,-1.378521,2.859447,-0.10063361,0,1,0
1,0.39791524,-0.4096958,-1.0905406,2.2354348,0.08355868,2.3189209,-1.4009037,0,0,1
0,-0.753968,-1.3560601,-0.43297908,1.1874176,0.7752953,1.5459965,-0.50071657,0,0,1
0,-0.052821014,0.8746573,0.5948063,-1.247975,-1.2841933,-1.4357221,1.399679,0,1,0
0,0.54817086,0.8746573,-1.4994446,1.9958879,-0.85971856,1.5708106,0.1994291,0,1,0
0,0.14750452,1.2802478,-0.60980237,0.15936227,1.1997701,-0.0535326,1.5997214,0,0,1
0,1.1992327,0.13109854,-0.001972318,-0.22990105,-1.2370294,-0.19279741,-2.2010705,0,1,0
0,0.6984112,0.19867977,-0.9137174,0.75822926,1.0739998,0.5280966,-1.100842,0,1,0
0,0.99890715,-0.071707085,1.0810703,-1.2779183,1.3255403,-1.2502278,-2.10105,1,0,0
0,-0.85413843,-0.6124808,-0.79767716,0.9778139,0.39798442,0.9254132,0.79955447,0,1,0
0,-0.7038828,-0.4096958,-0.7313684,0.5087014,1.0739998,0.337993,0.79955447,0,0,1
0,-1.2547895,-0.8828677,-0.515865,1.2972097,0.94822943,1.6253016,1.1996374,0,0,1
0,1.2994031,0.13109854,0.13064516,-0.10014661,-0.16798191,0.09398428,-2.4011126,0,0,1
0,0.29776013,0.19867977,2.10333,-1.7669932,1.8129002,-1.677563,-0.3006751,0,1,0
0,0.19758973,-0.2068902,0.80478394,-0.8686927,0.6966889,-0.70839274,-0.70075804,0,1,0
0,0.34784535,1.212646,-0.5434936,-0.18997681,-1.158423,-0.4973031,1.0996172,0,1,0
0,0.24767493,1.0774629,-0.16774416,0.71830505,1.4827532,1.0966791,1.0996172,0,1,0
0,-0.753968,-0.27449208,-0.5600708,0.4488148,0.25649282,0.3902675,1.0996172,0,0,1
0,-0.5536425,-0.13930896,-0.81425434,0.30907902,1.7342938,6.0104478e-05,0.89957476,0,0,1
0,-1.1045492,-0.13930896,0.7550524,-1.0982583,1.1054423,-1.11234,1.9998044,0,0,1
0,1.0990776,1.009861,-0.9910776,1.2972097,-1.1269804,1.1801928,-0.70075804,0,0,1
0,0.8987367,0.80707604,1.6612718,-1.337805,1.4827532,-1.0791372,-0.6007378,0,1,0
0,0.097434595,0.26628166,-0.1180126,0.17932458,-1.6143403,0.3376706,0.1994291,0,1,0
0,-1.2547895,-1.0180714,0.036707778,0.039589178,0.33509928,0.24060233,0.999596,0,1,0
0,1.4496434,1.6858385,0.06433642,-0.0003354402,-1.378521,0.19974358,-0.40069535,0,0,1
0,1.0489924,0.80707604,0.42350873,-0.4894103,-0.7968334,-0.31962106,-0.9007995,0,0,1
0,0.097434595,1.212646,-0.71479124,1.137512,1.2783765,1.2186688,1.5997214,0,1,0
0,0.7985816,0.46908727,-0.455082,0.039589178,1.6556873,-0.110523485,-0.9007995,0,1,0
0,-1.5052003,-1.4912639,-0.7479456,0.069532454,1.1997701,-0.27848908,0.79955447,1,0,0
0,0.24767493,1.0774629,-0.47165918,0.13940035,0.0049522435,0.019630032,1.0996172,0,0,1
0,-0.052821014,-0.6124808,-0.70373976,0.82809716,1.4198681,0.8012551,-0.8007793,0,1,0
0,-0.85413843,-0.6124808,-0.7534713,0.5087014,0.47659084,0.320376,0.79955447,0,1,0
0,1.0990776,0.6042704,0.3572,0.049570143,-0.6238992,0.4850896,-1.3008834,0,1,0
0,1.2493179,0.13109854,0.9760815,-1.0084282,0.759574,-0.8482436,-2.301092,0,1,0
0,0.34784535,-0.27449208,-0.07933251,-0.34967452,-0.5767354,-0.42304674,-1.100842,0,0,1
0,0.54817086,0.7394741,0.417983,-0.22990105,0.71241015,0.08700169,-0.0006123865,0,0,1
0,0.59825605,0.13109854,-0.8529344,0.22923017,-1.0326527,-0.13760328,-1.0008208,0,1,0
0,-0.45347208,0.19867977,-0.37219608,0.6584181,0.7752953,0.83988726,1.1996374,0,1,0
0,-0.4033869,-0.8152864,-0.74241984,1.137512,1.1840488,1.1935716,-0.40069535,0,1,0
0,0.49808568,0.46908727,0.6500636,-1.0084282,0.6338037,-1.0205153,-0.3006751,0,0,1
0,-1.054464,-0.74768454,0.14722234,0.18930593,-0.9068824,0.54889685,0.999596,0,1,0
0,1.1491475,0.80707604,-0.5932252,0.2691548,-0.6238992,0.11247961,-1.100842,0,0,1
0,0.34784535,0.53666854,-0.333516,0.90794605,-0.5767354,1.232819,0.09940883,0,1,0
0,-1.1546191,-0.74768454,-0.05170387,-0.090165645,0.0049522435,-0.016755944,1.1996374,0,0,1
0,0.097434595,1.009861,-0.13458979,-0.31973127,-1.268472,-0.41430655,1.2996587,1,0,0
0,0.14750452,1.0774629,0.42903444,-0.7489192,0.115001254,-0.7267515,1.2996587,0,0,1
0,1.1491475,1.0774629,-0.5434936,1.3870399,-0.52957153,1.7260709,-0.70075804,1,0,0
0,-0.6037277,-0.13930896,-0.5655966,0.27913576,-1.3313571,0.14736207,0.999596,0,1,0
0,0.19758973,0.7394741,-0.7866257,1.077625,1.2783765,1.0715623,0.6995333,0,1,0
0,-1.4551151,-0.8828677,-0.36114463,0.22923017,-0.6867844,0.23003623,1.5997214,0,1,0
0,0.24767493,0.8746573,-0.27273297,0.17932458,-1.0798166,0.22337602,0.79955447,0,1,0
0,-0.4033869,-1.0856733,-0.6871626,0.34900364,-0.85971856,0.15213719,-0.8007793,0,0,1
0,1.2493179,0.13109854,-0.34456745,0.15936227,-1.4414061,0.14146364,-2.301092,0,1,0
0,-1.4050299,-0.95046955,0.6224349,-0.7888438,-0.8754398,-0.6801997,1.399679,0,1,0
0,-0.45347208,0.46908727,-1.2728897,1.1075684,1.2626551,0.6733573,1.5997214,0,1,0
0,1.0990776,0.53666854,1.1308019,-1.0283904,-1.4414061,-0.80054885,-1.4009037,0,1,0
0,0.49808568,0.6042704,-0.333516,0.4288525,1.356983,0.53955156,-0.10063361,0,1,0
0,0.99890715,0.4014854,-0.001972318,-0.25984433,-0.1837032,-0.23788442,-1.4009037,0,0,1
0,1.3494883,1.5506347,-1.0684378,2.1156614,0.979672,2.1855638,-0.40069535,0,1,0
0,1.1491475,0.80707604,-0.74241984,0.76821065,-0.30947348,0.68591595,-1.100842,0,0,1
0,-0.90420836,-1.4912639,-0.9081917,0.6584181,1.2626551,0.39847037,-0.40069535,0,1,0
0,-0.85413843,-0.00410521,1.7607349,-1.6072953,0.09927996,-1.522273,1.6997416,0,1,0
0,-0.15297614,-0.4096958,-0.9800261,1.1874176,0.14644383,1.0442388,-0.3006751,0,1,0
0,0.49808568,0.7394741,0.417983,-0.43950474,0.7910166,-0.24419266,0.09940883,0,1,0
0,-0.5536425,-0.8152864,-1.4276102,1.3870399,-0.48240766,0.8839001,-0.10063361,0,1,0
0,0.14750452,1.1450647,-0.48271063,0.14938131,1.0111146,0.025723806,1.399679,0,1,0
0,-0.90420836,-0.8828677,0.32957137,-0.3796178,-1.2527508,-0.2061274,0.49949178,0,0,1
0,-0.5536425,-0.071707085,-0.12353833,-0.33969358,0.14644383,-0.43674782,0.999596,0,1,0
0,-0.6037277,-0.13930896,0.5229718,-0.6391271,-1.268472,-0.49727395,0.999596,0,1,0
0,-1.1045492,-1.8968339,-0.22852716,-0.18997681,1.2626551,-0.28522718,-0.6007378,0,1,0
0,0.6984112,0.4014854,0.5229718,-0.88865477,0.99539334,-0.89619195,-0.8007793,0,1,0
0,0.34784535,0.67187226,0.9208242,-1.4975029,0.71241015,-1.6937739,0.2994503,0,0,1
0,-1.9559366,-1.9644357,0.6169092,-0.42952338,0.9325082,-0.10291617,0.999596,0,1,0
0,1.1992327,1.212646,-0.17326988,0.5685883,0.0049522435,0.8711757,-0.6007378,0,1,0
0,-1.3048747,-1.4236621,-0.82530576,0.76821065,0.759574,0.61604404,0.49949178,0,1,0
0,1.9504648,2.294214,-0.5379679,0.8480595,1.0425571,0.97092,-0.50071657,0,1,0
0,-1.2047043,-0.4772977,0.39035437,-0.4993913,-1.598619,-0.3559096,1.6997416,0,1,0
0,-1.3048747,-1.2208564,-0.05170387,-0.7389382,-1.3470784,-0.9879282,0.79955447,0,0,1
0,0.29776013,0.46908727,-0.46613345,0.05955111,-0.4038012,-0.0899969,0.09940883,0,1,0
0,-0.35331696,0.33388352,1.5397058,-1.3976917,-0.08937548,-1.2428058,1.1996374,0,1,0
0,0.34784535,0.67187226,-1.2563125,1.2073796,-0.010769043,0.8164501,0.2994503,0,1,0
0,-0.6537976,-0.2068902,-0.16221842,0.05955111,0.85390174,0.12806535,0.999596,0,1,0
0,1.3494883,1.6858385,-0.068281054,-0.3596555,-1.2841933,-0.43082982,-0.20065387,1,0,0
1,-0.052821014,0.13109854,-1.38893,2.9540749,-0.71822697,2.8954713,0.2994503,0,1,0
0,-0.90420836,-1.1532751,-0.09590969,0.90794605,-1.3470784,1.4389964,0.09940883,0,0,1
0,-0.7038828,-0.4096958,0.70532084,-0.43950474,1.2154913,-0.06341524,0.79955447,0,1,0
0,0.7985816,-0.13930896,-0.37219608,0.24919248,-0.26230964,0.25052413,-1.8009876,0,1,0
0,-1.3048747,-0.8152864,0.5561262,-0.57924014,0.539476,-0.38149497,1.399679,0,1,0
0,-0.10290622,-0.13930896,1.1584306,-0.65908897,0.71241015,-0.15409696,-0.0006123865,0,1,0
0,-0.80405325,-0.4096958,-0.8529344,0.9977762,1.467032,0.9038316,0.999596,0,1,0
0,-0.753968,-0.4096958,0.1416966,-0.62914574,0.6652463,-0.70839274,0.89957476,0,0,1
0,-1.3048747,-1.0856733,-0.9302946,1.736379,-0.8754398,1.8262154,0.999596,0,1,0
0,0.047349393,-0.4096958,3.3245158,-2.2061622,-1.1741443,-2.116236,-0.70075804,0,1,0
0,-1.1045492,-1.5588452,-0.8087286,-0.19995777,-1.2370294,-0.68949676,-0.10063361,0,1,0
0,-0.10290622,0.8746573,0.114067964,-0.45946667,1.1054423,-0.465868,1.4997002,0,1,0
0,-1.2047043,-1.1532751,-0.20642425,0.3190604,0.49231213,0.47770676,0.6995333,0,1,0
0,2.1507905,2.361816,0.2798398,-1.0184094,-1.4256848,-1.2316732,-0.8007793,0,1,0
0,2.0506353,2.361816,-0.38877326,0.4587958,0.08355868,0.5393271,-0.6007378,0,1,0
0,-0.10290622,0.80707604,0.68874365,-1.1681262,1.0268359,-1.2600713,1.399679,0,1,0
0,-1.2047043,-0.54487896,-0.82530576,0.32904133,1.7814577,0.01879039,1.5997214,0,1,0
0,0.59825605,0.063496664,-0.333516,0.548626,-1.0012101,0.7128683,-1.100842,0,0,1
0,0.047349393,-0.2068902,-0.9800261,0.90794605,-1.3313571,0.6718242,-0.40069535,0,1,0
0,-0.20306134,0.53666854,0.5782291,-0.9086171,0.09927996,-0.89792997,1.1996374,0,1,0
0,-1.2547895,-0.54487896,-1.0629121,1.5766809,1.2626551,1.4812225,1.6997416,0,0,1
0,0.29776013,0.19867977,-0.30588734,0.09947573,1.6556873,0.08294919,-0.3006751,0,1,0
0,0.29776013,-0.4096958,5.286149,-2.6453314,0.052116103,-2.5681703,-1.2008623,0,1,0
0,0.19758973,0.67187226,0.30746844,-0.45946667,-1.4571275,-0.3448745,0.599513,0,0,1
0,-0.5536425,0.19867977,-1.6375878,2.2953215,0.869623,1.7884816,1.399679,1,0,0
0,0.14750452,0.4014854,-0.5876995,1.3770586,-0.34091607,1.6699688,0.2994503,0,1,0
0,0.39791524,0.8746573,-0.08485824,0.34900364,-0.5767354,0.61516523,0.49949178,0,1,0
0,0.99890715,0.94225913,0.26326263,-0.40956107,-1.2213081,-0.2950415,-0.6007378,0,0,1
0,0.34784535,1.1450647,0.5284976,-0.75890017,1.6556873,-0.6855904,0.999596,0,1,0
0,-0.6537976,-1.0856733,0.114067964,-0.66907036,-0.85971856,-0.78578365,-0.3006751,1,0,0
0,1.8503097,2.091429,-0.73689413,0.85804045,1.1840488,0.8141457,-0.6007378,0,1,0
0,1.9003797,1.7534404,1.5010257,-1.5074841,1.1840488,-1.4551163,-1.2008623,1,0,0
0,-0.35331696,-0.95046955,-0.50481355,1.2073796,-0.5767354,1.5083897,-0.70075804,0,0,1
0,0.8987367,0.53666854,0.44008592,-0.8986359,-0.49812892,-0.9575577,-1.0008208,0,0,1
0,-0.10290622,0.13109854,0.6334864,-0.7289569,0.8067379,-0.5770185,0.39947057,0,1,0
0,1.1992327,1.009861,0.00355341,0.36896595,-0.4195225,0.7132102,-0.9007995,1,0,0
0,-0.50355726,0.19867977,-0.106961146,0.4987204,0.99539334,0.82082504,1.2996587,0,1,0
0,-1.4050299,-1.0856733,-0.42745337,1.1175497,-0.08937548,1.4511253,1.1996374,0,1,0
0,-0.6037277,-0.95046955,-0.2948359,0.10945669,-1.48857,0.10546833,-0.20065387,0,0,1
0,-0.85413843,-1.2884582,0.5008689,-0.7289569,-0.38807994,-0.6536576,-0.20065387,0,0,1
0,0.44800046,0.53666854,-0.82530576,0.05955111,0.36654183,-0.34770623,-0.10063361,1,0,0
0,-0.6037277,-0.6124808,0.10854224,-0.52933455,-0.19942449,-0.5758952,0.2994503,0,0,1
0,-1.1045492,-0.2068902,0.88766986,-0.8686927,1.4513106,-0.66254395,1.8997831,0,0,1
0,-0.90420836,-0.8152864,-0.22852716,-0.39958012,-1.0798166,-0.59242797,0.599513,0,1,0
0,0.7985816,0.6042704,0.9208242,-1.0483527,1.3412616,-0.94408154,-0.70075804,0,1,0
0,0.8486668,0.53666854,-0.12906405,0.039589178,-0.938325,0.12224522,-0.9007995,0,0,1
1,0.14750452,0.80707604,-0.8750373,2.5149057,0.4451483,2.9341824,0.89957476,0,0,1
0,-1.1045492,-1.4912639,1.2247393,-1.1082394,0.319378,-0.8888187,-0.0006123865,0,1,0
0,-0.5536425,0.063496664,-0.48271063,0.9877953,1.2469339,1.2167938,1.1996374,1,0,0
0,-0.90420836,-1.5588452,0.8213611,-0.75890017,-0.26230964,-0.51789844,-0.50071657,0,1,0
0,1.3494883,1.6182365,-0.47718492,0.728286,-0.71822697,0.8527482,-0.3006751,0,1,0
0,-1.35496,-1.2884582,-0.44955626,0.5685883,1.4827532,0.6480356,0.79955447,0,1,0
0,0.34784535,0.46908727,-0.61532813,0.33902267,-1.2841933,0.19341576,-0.0006123865,1,0,0
0,0.047349393,-0.4096958,0.13064516,0.079513416,-1.2527508,0.36872458,-0.70075804,1,0,0
0,-0.30323175,-0.4772977,-0.50481355,0.85804045,-1.0012101,1.0134777,-0.10063361,0,1,0
0,0.7484964,0.26628166,0.22458252,-0.42952338,0.8381804,-0.35044098,-1.100842,1,0,0
0,2.1007204,2.294214,-0.6540082,0.33902267,-0.81255466,0.16374828,-0.8007793,0,1,0
0,0.29776013,-0.4772977,-0.72031695,-0.13008988,0.115001254,-0.5338061,-1.3008834,0,1,0
0,-1.35496,-0.8828677,-0.51033926,0.4488148,-0.04221162,0.42937773,1.399679,0,0,1
0,0.29776013,0.4014854,-0.50481355,0.46877712,-0.828276,0.462004,-0.0006123865,1,0,0
0,1.7501394,1.6182365,-1.2231581,1.4169832,1.0897211,1.1172649,-1.100842,0,0,1
0,-0.50355726,0.19867977,0.06986214,-0.0103164045,0.09927996,0.18849403,1.2996587,0,1,0
0,0.7985816,0.4014854,2.125433,-1.6372385,1.1526061,-1.424599,-1.0008208,0,0,1
0,-1.4551151,-1.2884582,-0.28931016,-0.5393159,1.577081,-0.8343959,0.999596,0,1,0
0,-0.6037277,0.4014854,0.6169092,-0.66907036,-1.6929468,-0.48986197,1.7997628,0,1,0
0,0.49808568,1.4154516,0.25221115,-0.7688815,-0.9068824,-0.85926867,1.0996172,0,1,0
0,-1.3048747,-0.8828677,-0.60980237,1.736379,-0.1837032,2.151326,1.2996587,0,1,0
0,0.097434595,-0.4096958,-0.5876995,0.87800276,1.3098191,0.9702753,-0.8007793,0,0,1
0,-0.85413843,-0.6124808,-0.84188294,1.2273419,0.82245916,1.2251238,0.79955447,0,1,0
0,0.49808568,0.6042704,-0.7479456,0.17932458,-0.5767354,-0.12767193,-0.10063361,0,1,0
0,0.7484964,0.7394741,-0.62637955,1.2073796,0.20932898,1.3964584,-0.40069535,0,1,0
1,-0.95429355,-1.2208564,-0.6595339,2.3851516,-1.3942423,3.0022278,0.09940883,0,0,1
0,0.7985816,0.46908727,-0.637431,1.0476818,1.6714087,1.1637871,-0.9007995,0,1,0
0,-0.052821014,-0.27449208,-1.4331359,1.92602,0.869623,1.5536234,-0.3006751,0,1,0
0,-0.4033869,-0.8828677,-1.184478,1.0975873,0.99539334,0.7402604,-0.50071657,0,1,0
0,-0.20306134,0.6042704,-0.05170387,-0.12010892,1.4198681,-0.061579317,1.2996587,0,0,1
0,1.599899,1.009861,-0.1787956,-0.080184296,1.8443428,-0.089859836,-1.7009664,0,1,0
0,-0.10290622,-0.54487896,0.18037671,-0.45946667,0.7910166,-0.42438453,-0.6007378,0,1,0
0,0.24767493,-0.071707085,-0.64295673,0.78817296,0.09927996,0.79755414,-0.6007378,0,1,0
0,-2.1562622,-2.5728114,3.4350305,-2.345898,-0.04221162,-2.3767192,0.49949178,1,0,0
0,1.1491475,0.80707604,1.2081621,-1.5573897,-0.6238992,-1.669829,-1.100842,0,1,0
0,1.2493179,0.19867977,0.24668543,-0.4494857,0.7910166,-0.3674328,-2.2010705,0,1,0
0,0.29776013,1.009861,-0.6650597,-0.14007123,-1.2055868,-0.5098713,0.89957476,0,1,0
0,0.34784535,0.53666854,0.37930292,-0.050241023,1.4827532,0.3438814,0.09940883,0,1,0
0,0.59825605,0.26628166,-0.8750373,0.9778139,0.115001254,0.8573285,-0.8007793,0,1,0
0,0.097434595,-0.13930896,-1.0297577,1.9360013,-1.2841933,1.989572,-0.40069535,0,1,0
1,0.19758973,0.13109854,0.7274238,-0.9485415,1.9858344,-0.88172907,-0.20065387,0,0,1
0,0.047349393,0.94225913,-0.60427666,0.089494765,-0.23086706,-0.14722228,1.2996587,0,1,0
0,0.8486668,0.80707604,-0.69821405,0.25917345,-0.45096508,0.019454272,-0.50071657,0,0,1
0,-0.25314656,-0.6124808,1.7275805,-1.7370497,-0.48240766,-1.7713892,-0.40069535,0,1,0
0,0.047349393,0.063496664,-0.62637955,0.2691548,-0.6867844,0.08746067,-0.0006123865,1,0,0
0,1.8503097,1.8886235,-0.95792323,0.728286,-0.92260367,0.45089105,-0.9007995,0,0,1
0,-0.4033869,-1.0856733,1.7496834,-1.7270685,-0.34091607,-1.7444369,-0.8007793,0,0,1
0,-0.7038828,-0.13930896,0.90977275,-1.1681262,-0.6867844,-1.1495264,1.1996374,0,1,0
0,1.0990776,1.009861,-0.62085384,0.37894693,-0.30947348,0.24491847,-0.70075804,0,1,0
0,0.54817086,0.7394741,-0.5711223,0.17932458,0.759574,0.0029505836,-0.0006123865,0,0,1
0,-0.5536425,-0.00410521,0.10854224,-0.65908897,-0.7811121,-0.77381146,1.0996172,0,1,0
0,-1.4050299,-1.1532751,1.4678713,-1.4376162,-0.07365419,-1.3463194,1.0996172,0,1,0
0,1.5498139,1.8886235,4.363353,-2.4856334,0.08355868,-2.424433,-0.3006751,0,1,0
0,1.3494883,1.6858385,-0.6761111,1.147493,-1.3942423,1.2676426,-0.20065387,0,0,1
0,0.44800046,0.4014854,-1.0463349,1.3770586,0.36654183,1.233903,-0.3006751,0,1,0
0,1.9504648,2.091429,1.3849853,-1.3278239,-1.4256848,-1.1915376,-0.8007793,1,0,0
0,0.99890715,0.6042704,0.68321794,-0.8487304,-0.4195225,-0.74315774,-1.100842,0,1,0
0,-0.20306134,-0.6800827,0.600332,-0.6391271,-0.59245664,-0.45133728,-0.6007378,0,1,0
0,-1.3048747,-1.0856733,0.17485097,-0.06022199,-1.6929468,0.185818,0.999596,0,1,0
0,-0.7038828,-0.071707085,1.5397058,-1.5074841,-1.5514551,-1.4380953,1.2996587,0,0,1
0,-0.4033869,-0.95046955,0.2577369,-0.42952338,0.47659084,-0.32952327,-0.6007378,0,0,1
0,1.4496434,1.5506347,1.1860591,-1.3078618,1.5928022,-1.2511457,-0.6007378,1,0,0
0,-0.6537976,0.13109854,0.98160726,-1.2679373,-1.2841933,-1.2812722,1.4997002,0,1,0
0,0.14750452,0.19867977,3.4184532,-2.3159547,-1.1898656,-2.3183315,-0.0006123865,0,1,0
0,-1.5552855,-1.3560601,-1.145798,1.3870399,-1.5828978,1.1523422,1.0996172,0,1,0
0,-1.0043788,-1.0856733,-0.5932252,0.61849385,-1.5200126,0.60192317,0.39947057,0,1,0
0,-0.35331696,-0.8828677,1.4512941,-1.3976917,0.35082054,-1.2834301,-0.6007378,0,1,0
0,-1.35496,-1.2208564,1.6944262,-1.5474086,-1.0483739,-1.4421186,0.89957476,0,0,1
0,0.29776013,0.6042704,-0.37219608,0.75822926,-0.5138502,0.9836344,0.2994503,0,1,0
0,-0.052821014,-0.4772977,-0.48271063,0.18930593,-0.02649033,0.08244149,-0.6007378,0,0,1
0,-0.90420836,-0.8152864,0.36825144,-0.0103164045,-0.85971856,0.39889976,0.599513,1,0,0
0,-1.0043788,-0.34209394,-0.23957862,0.57856923,-0.9697675,0.8322312,1.4997002,0,1,0
0,0.047349393,0.94225913,2.0646498,-1.8069175,-1.4571275,-1.767532,1.2996587,0,0,1
0,1.0489924,0.33388352,0.86556697,-0.9086171,-0.010769043,-0.741019,-1.6009462,0,1,0
0,1.649969,1.6858385,-1.1679009,0.9778139,0.19360769,0.5995795,-0.8007793,1,0,0
0,-0.7038828,-1.0856733,0.12511942,-0.55927783,-1.2999146,-0.61149025,-0.20065387,0,1,0
0,0.24767493,0.4014854,-0.7092655,0.71830505,1.467032,0.64496934,0.09940883,1,0,0
0,0.29776013,0.063496664,0.009079138,0.1992869,-1.3313571,0.4616525,-0.50071657,0,1,0
0,-1.2547895,-1.1532751,0.25221115,-0.70899457,-1.1898656,-0.7663995,0.79955447,0,1,0
1,1.599899,0.80707604,-0.9745004,0.66839945,-1.2370294,0.35717222,-2.001029,0,1,0
0,0.6984112,0.67187226,1.0700189,-1.4276351,1.1683275,-1.5093924,-0.40069535,0,1,0
0,1.649969,0.80707604,0.37377718,-0.8287681,-1.158423,-0.8840335,-2.10105,1,0,0
0,0.14750452,1.0774629,-1.2563125,1.3371344,0.68096757,0.9830097,1.2996587,0,0,1
0,0.097434595,1.1450647,0.08643933,-0.25984433,0.96395075,-0.17944784,1.4997002,0,0,1
0,0.648326,0.26628166,0.8600412,-0.9086171,0.0049522435,-0.74403656,-0.9007995,0,1,0
0,0.29776013,1.4830534,3.5068648,-2.1462755,-0.19942449,-1.9311715,1.5997214,0,0,1
0,-0.50355726,0.063496664,0.2411597,-0.41954243,0.539476,-0.3245232,1.0996172,0,1,0
0,0.49808568,0.80707604,0.34614855,-0.7289569,-1.3942423,-0.7430698,0.1994291,1,0,0
0,0.34784535,-0.34209394,1.716529,-1.5474086,-1.3942423,-1.4325484,-1.2008623,0,1,0
0,1.2493179,0.26628166,-0.28378445,0.8380785,0.4137057,1.1742557,-2.10105,0,1,0
0,-0.45347208,-0.8828677,-0.22852716,-0.110127576,1.1526061,-0.16819829,-0.40069535,0,1,0
0,0.7484964,0.46908727,-0.40535045,0.35898462,-0.81255466,0.3830996,-0.8007793,0,1,0
0,-0.052821014,-0.4096958,-0.31141308,-0.18997681,1.3412616,-0.34103647,-0.50071657,0,0,1
0,0.54817086,0.7394741,-0.4937621,0.32904133,0.94822943,0.27249596,-0.0006123865,0,1,0
0,-0.35331696,-0.6124808,-0.36667037,0.029607834,0.2722141,-0.06178422,-0.20065387,0,1,0
0,1.2493179,0.7394741,-0.007498046,-0.31973127,1.577081,-0.33165196,-1.4009037,0,1,0
0,0.44800046,1.0774629,0.7274238,-0.64910805,0.6338037,-0.3921881,0.6995333,0,1,0
0,-1.2047043,-0.95046955,-0.8695116,0.7083237,-1.5200126,0.49780443,0.999596,0,1,0
0,-0.15297614,0.67187226,-0.576648,1.0077572,0.94822943,1.1619807,1.2996587,0,0,1
0,-0.753968,-0.4772977,0.2798398,-0.60918343,-0.010769043,-0.5950649,0.79955447,0,1,0
0,1.4997287,1.6182365,-0.07380678,-0.38959914,0.539476,-0.47909054,-0.6007378,0,0,1
0,-0.85413843,-0.6800827,-0.8860888,0.3190604,-1.6929468,-0.04118887,0.6995333,1,0,0
0,1.8503097,1.6182365,0.5063946,-1.1481639,0.38226312,-1.3194158,-1.3008834,0,0,1
0,0.7484964,0.67187226,-0.25063008,0.5286637,-0.13653934,0.7503384,-0.50071657,0,1,0
0,-1.3048747,-0.74768454,1.4899743,-1.6172764,0.36654183,-1.6543015,1.4997002,0,1,0
0,0.8987367,0.53666854,0.8379383,-0.65908897,-0.71822697,-0.34327307,-1.0008208,0,0,1
0,-0.5536425,-0.071707085,0.58375484,-0.85871154,-0.34091607,-0.8145919,0.999596,0,0,1
0,0.39791524,0.33388352,-1.1568494,1.8960768,1.2940978,1.8042045,-0.3006751,0,0,1
0,-0.30323175,-0.6800827,-0.5711223,0.78817296,-0.5138502,0.85836345,-0.40069535,0,1,0
0,-0.80405325,0.063496664,2.1364844,-1.6272573,-0.38807994,-1.4011816,1.6997416,0,1,0
0,1.9003797,2.159031,-0.07933251,0.18930593,0.5866399,0.38113663,-0.6007378,0,1,0
0,0.7484964,0.46908727,0.32957137,0.039589178,-0.56101406,0.44969988,-0.8007793,1,0,0
0,0.6984112,0.33388352,-0.3500932,-0.080184296,1.5456383,-0.20852931,-0.9007995,0,1,0
0,-0.7038828,-0.34209394,-0.31141308,0.3190604,-0.24658835,0.39755243,0.89957476,0,1,0
0,-0.95429355,-1.5588452,-0.637431,0.76821065,-0.07365419,0.7744198,-0.40069535,0,0,1
0,-0.052821014,-0.13930896,0.4732403,0.11943804,0.02067353,0.6792266,-0.10063361,0,0,1
0,0.94882196,0.67187226,0.7163723,-0.7788625,1.3098191,-0.61061144,-0.9007995,0,1,0
0,-1.0043788,-1.2884582,1.5452315,-1.6572008,-0.46668637,-1.7021133,0.09940883,0,1,0
0,0.34784535,0.13109854,-1.3999815,2.4849627,0.82245916,2.2916362,-0.50071657,0,1,0
1,1.0990776,0.4014854,-1.0684378,0.9179274,0.4137057,0.6082514,-1.6009462,0,0,1
0,-0.10290622,-0.54487896,-0.333516,0.43883386,1.6714087,0.55399436,-0.6007378,0,1,0
0,-0.6037277,-0.071707085,-0.6871626,1.317172,1.356983,1.4924917,1.0996172,0,0,1
0,1.2493179,1.212646,0.14722234,-0.2398824,-0.84399724,-0.108687565,-0.70075804,0,0,1
0,0.097434595,0.8746573,-0.26720726,-0.26982567,-0.08937548,-0.42775357,1.0996172,0,0,1
0,0.34784535,1.2802478,0.6500636,-0.9086171,0.13072254,-0.85870224,1.1996374,0,0,1
0,-0.5536425,0.063496664,1.5673344,-1.3877106,0.36654183,-1.2123088,1.1996374,0,1,0
0,-0.50355726,-0.13930896,3.871563,-2.4057846,0.57091856,-2.3806741,0.79955447,0,0,1
0,1.7000542,1.9562253,-1.2839411,1.4269642,-0.6238992,1.0718068,-0.50071657,0,0,1
0,-1.1045492,-1.0856733,1.0921218,-1.247975,0.60236114,-1.1940279,0.599513,0,1,0
0,-0.45347208,-1.0856733,-1.1568494,1.3570963,-0.71822697,1.1028507,-0.70075804,0,0,1
0,1.1992327,0.063496664,2.5951197,-2.1063511,-0.7653908,-2.1507862,-2.301092,0,1,0
0,-1.3048747,-1.1532751,0.119593695,-0.1700145,-1.6929468,-0.020339902,0.89957476,0,1,0
0,0.097434595,0.94225913,2.3243592,-1.9067287,-1.378521,-1.8584187,1.1996374,0,0,1
0,0.34784535,1.5506347,-0.60427666,0.71830505,0.36654183,0.7325457,1.5997214,0,0,1
0,-1.5552855,-1.4236621,-0.5434936,0.75822926,-0.74966955,0.8395357,0.999596,0,0,1
0,1.1992327,0.19867977,-0.32799026,0.57856923,0.24077155,0.76067,-2.10105,0,1,0
0,-0.45347208,-0.74768454,0.81030965,-1.0383716,0.0049522435,-0.98523307,-0.20065387,0,1,0
0,0.99890715,0.80707604,-0.7700485,0.9478707,-1.378521,0.9087142,-0.8007793,0,0,1
0,0.99890715,0.26628166,-0.4937621,0.6584181,0.9010656,0.7397723,-1.6009462,0,1,0
0,-0.10290622,-0.4772977,-0.38324755,0.2691548,0.1778864,0.2709337,-0.50071657,0,0,1
0,1.9003797,1.9562253,0.44008592,-0.42952338,1.1683275,-0.21447647,-0.9007995,0,1,0
0,0.59825605,0.4014854,-0.72031695,1.0876064,-0.6553418,1.1448519,-0.6007378,0,1,0
0,-0.95429355,-1.3560601,0.8710927,-0.8986359,0.8853443,-0.7214295,-0.10063361,0,1,0
0,-0.6037277,-0.2068902,-0.43297908,1.506813,0.1621651,2.0025501,0.89957476,1,0,0
0,0.39791524,1.5506347,-0.024075229,0.029607834,-0.5767354,0.18221493,1.4997002,0,0,1
0,0.648326,0.67187226,0.56165195,-0.6990136,0.5866399,-0.57045615,-0.3006751,0,0,1
0,1.1491475,0.6042704,1.1197504,-1.0283904,0.46086955,-0.8063499,-1.4009037,0,0,1
0,-1.3048747,-1.0180714,-0.70373976,0.548626,-0.92260367,0.41516897,1.0996172,0,0,1
0,-0.5536425,0.063496664,-1.1900038,1.4569074,1.2154913,1.2007395,1.1996374,1,0,0
0,-0.50355726,0.4014854,1.3684082,-1.7769742,1.3255403,-1.9846467,1.5997214,0,0,1
0,-1.0043788,-1.626447,1.3960369,-1.3976917,0.1778864,-1.3088201,-0.40069535,0,0,1
0,0.34784535,0.13109854,0.56717765,-0.7389382,-1.2841933,-0.6313725,-0.50071657,0,1,0
0,1.649969,0.94225913,2.3133078,-1.846842,-1.6929468,-1.7477764,-1.9010079,0,1,0
0,0.49808568,0.53666854,-0.9081917,1.7164167,-1.378521,1.8217822,-0.20065387,0,1,0
0,1.8503097,1.4154516,-0.5324422,0.5885506,-0.52957153,0.60927683,-1.6009462,0,1,0
0,0.44800046,1.2802478,-0.32799026,0.089494765,-1.2527508,0.052480772,0.999596,0,0,1
0,0.24767493,1.2802478,1.8546722,-1.7869554,-0.12081805,-1.8121797,1.399679,0,0,1
0,-1.4050299,-1.0856733,0.36272573,-0.9984471,1.1840488,-1.1566747,1.1996374,0,1,0
0,-0.85413843,-0.27449208,-0.04617814,0.009645524,-0.4195225,0.13657103,1.2996587,0,0,1
1,-0.45347208,-0.8152864,-1.2121067,2.7444715,-1.378521,2.84227,-0.3006751,0,1,0
0,-1.1546191,-0.54487896,0.88766986,-1.2579561,1.0739998,-1.3099922,1.4997002,0,0,1
0,0.648326,0.53666854,-0.16774416,0.009645524,-1.2999146,0.050420374,-0.50071657,0,0,1
1,1.0489924,0.46908727,-0.9966033,0.92790836,-1.0483739,0.68398213,-1.4009037,0,1,0
0,-0.90420836,-0.4096958,-0.5324422,0.538645,1.2469339,0.5388189,1.1996374,0,1,0
0,1.0990776,0.94225913,-0.007498046,-0.25984433,-1.1112591,-0.24153668,-0.8007793,0,0,1
0,-1.4050299,-1.0180714,1.2523679,-1.417654,-1.5828978,-1.4093262,1.2996587,0,1,0
0,0.29776013,1.212646,-0.001972318,-0.29976895,1.2469339,-0.29800028,1.1996374,0,1,0
0,-0.052821014,-0.54487896,0.7937325,-0.9485415,-1.48857,-0.84598786,-0.70075804,0,0,1
0,1.1491475,0.67187226,-0.4937621,0.5685883,1.0582784,0.61233306,-1.3008834,0,0,1
0,0.7484964,0.4014854,-0.27273297,0.80813485,-0.4195225,1.1400572,-0.9007995,0,1,0
0,0.6984112,0.46908727,0.36272573,-0.57924014,-0.21514577,-0.49838725,-0.70075804,0,1,0
0,-0.95429355,-1.3560601,-0.46060774,0.23921151,-0.7653908,0.16990034,-0.10063361,0,1,0
0,-1.6053706,-1.4236621,0.7937325,-0.8187871,-0.49812892,-0.63232964,1.0996172,0,0,1
0,-1.7055258,-1.7616508,0.5063946,-0.4993913,0.94822943,-0.28413346,0.79955447,0,1,0
0,0.34784535,0.53666854,-0.11248688,0.38892826,-0.828276,0.6532601,0.09940883,0,1,0
0,0.44800046,0.53666854,-0.758997,0.80813485,-1.3470784,0.72670597,-0.10063361,0,0,1
0,-0.20306134,-0.34209394,1.4568199,-1.2280127,0.8067379,-0.9815708,-0.10063361,0,1,0
1,-0.50355726,0.26628166,-0.96344894,0.90794605,1.8600641,0.6862087,1.399679,0,1,0
0,-0.85413843,-0.74768454,-1.4883931,1.2672665,-1.0012101,0.67717576,0.599513,0,1,0
0,1.9003797,2.091429,-1.2728897,1.5766809,1.3412616,1.2741562,-0.70075804,0,1,0
0,1.9003797,1.7534404,1.2634194,-1.6072953,0.649525,-1.7323277,-1.2008623,0,0,1
0,0.7484964,0.26628166,2.0922785,-1.8168987,-1.5514551,-1.7755687,-1.100842,0,1,0
0,-0.10290622,0.26628166,0.8545155,-0.96850383,1.5141958,-0.8463098,0.599513,0,1,0
0,0.24767493,-0.071707085,1.3297281,-1.3477862,-0.105096765,-1.2523761,-0.6007378,0,0,1
0,-1.2047043,-0.8828677,-0.902666,1.985907,-0.52957153,2.1901736,1.0996172,0,0,1
0,1.7501394,1.1450647,2.3188334,-1.7669932,0.7752953,-1.592633,-1.8009876,0,1,0
0,-0.95429355,-1.4236621,3.4350305,-2.2460866,-1.6143403,-2.1656883,-0.20065387,0,1,0
0,-1.9058514,-1.8968339,-0.52139074,0.17932458,-1.378521,0.03968808,0.999596,0,1,0
0,-0.85413843,-0.00410521,-0.43850482,0.75822926,-0.105096765,0.92785424,1.6997416,0,1,0
0,0.097434595,0.94225913,1.9430839,-1.7370497,-0.34091607,-1.6853168,1.1996374,0,1,0
0,-0.85413843,-1.2884582,0.7329495,0.129419,-1.6929468,0.8846519,-0.20065387,0,1,0
0,-1.2547895,-1.0180714,-1.2894669,1.0676441,-1.0955378,0.60737216,0.999596,0,1,0
0,-1.8557814,-1.8292526,-0.5545451,0.14938131,1.577081,-0.026960958,0.999596,0,1,0
0,-1.2547895,-0.34209394,-0.50481355,0.36896595,-0.9697675,0.32060048,1.9998044,0,0,1
0,-1.1045492,-0.6800827,-1.1015922,1.6864735,-1.598619,1.587021,1.1996374,0,1,0
0,-0.85413843,-0.54487896,-0.9966033,1.137512,-1.3627998,0.96267796,0.89957476,0,0,1
0,-1.1546191,-1.8968339,-0.1180126,-0.41954243,1.3727041,-0.551765,-0.50071657,0,1,0
0,2.1507905,2.361816,3.8991916,-2.4856334,1.0111146,-2.548298,-0.8007793,0,0,1
0,-0.6037277,-1.0180714,-0.79767716,0.43883386,-1.1741443,0.18978308,-0.3006751,0,1,0
0,-0.7038828,-0.071707085,0.5008689,-0.93856037,-1.6615041,-0.9879282,1.2996587,0,1,0
0,-0.6037277,-0.071707085,-0.07380678,0.20926785,-1.2213081,0.41503236,1.0996172,1,0,0
0,0.39791524,1.212646,-0.6761111,0.33902267,1.8129002,0.14679563,0.999596,0,1,0
0,-0.80405325,-1.0180714,-0.7811,0.7083237,0.22505026,0.5713964,0.09940883,1,0,0
0,0.94882196,0.19867977,2.390668,-1.8668044,-0.63962054,-1.7568972,-1.6009462,0,1,0
0,-0.90420836,-0.6800827,-0.69821405,0.78817296,-0.16798191,0.7507778,0.79955447,0,0,1
0,-1.35496,-1.2884582,-0.93582034,1.8761145,1.4355893,2.0079112,0.79955447,0,0,1
0,-0.95429355,-1.0856733,-0.13458979,0.37894693,-1.598619,0.6213173,0.2994503,1,0,0
0,-1.9058514,-2.0320377,-0.12906405,-0.2398824,-1.2999146,-0.29227805,0.79955447,0,0,1
0,0.29776013,-0.00410521,-0.2948359,0.11943804,0.3036567,0.11997947,-0.6007378,0,0,1
0,0.19758973,1.009861,-0.5434936,0.4587958,-0.1837032,0.41737598,1.0996172,0,1,0
0,0.54817086,0.7394741,-0.38324755,0.089494765,0.2722141,0.012540435,-0.0006123865,0,1,0
0,-0.95429355,-1.5588452,-0.24510434,0.80813485,0.052116103,1.163543,-0.40069535,0,1,0
0,-0.90420836,-0.8828677,-0.106961146,-0.42952338,-1.0640953,-0.5596164,0.49949178,1,0,0
0,0.14750452,1.009861,-0.515865,0.4987204,-0.4038012,0.4956361,1.1996374,0,1,0
0,-2.106192,-2.3700264,-0.2561558,0.049570143,-0.27803093,0.046084654,0.6995333,0,1,0
0,0.34784535,0.53666854,1.5176028,-1.8568232,-0.7653908,-2.067829,0.09940883,0,1,0
0,-0.95429355,-0.54487896,1.4512941,-1.3078618,-0.38807994,-1.1250544,1.0996172,0,1,0
0,0.39791524,0.80707604,-0.60427666,1.4369456,-0.35663736,1.7379948,0.39947057,0,1,0
0,-0.15297614,-0.27449208,0.99818444,-1.2878995,0.60236114,-1.3068671,-0.10063361,0,1,0
0,0.44800046,0.80707604,-0.37219608,-0.0003354402,-0.23086706,-0.10884375,0.2994503,0,0,1
0,-0.95429355,-1.0856733,-0.5600708,0.5586069,-0.04221162,0.5447369,0.2994503,0,1,0
0,0.7484964,0.33388352,-0.83083147,1.4868511,1.2469339,1.5880072,-1.0008208,0,1,0
0,0.24767493,1.0774629,0.009079138,0.77819157,0.759574,1.3344674,1.0996172,0,1,0
0,-1.9058514,-1.9644357,-0.69821405,1.3371344,1.4984745,1.5096984,0.89957476,0,1,0
0,1.1491475,0.6042704,0.44561163,-0.96850383,0.067837395,-1.0652704,-1.4009037,0,1,0
0,0.44800046,0.46908727,-0.83083147,0.9977762,1.6714087,0.9233624,-0.20065387,0,1,0
0,0.94882196,0.67187226,-0.902666,0.48873943,1.2312126,0.17458802,-0.9007995,0,1,0
0,-1.755611,-1.8968339,-0.32246453,-0.17999546,0.82245916,-0.33401516,0.6995333,0,1,0
0,0.99890715,0.6042704,0.036707778,-0.55927783,-1.5828978,-0.6652391,-1.100842,0,1,0
0,-0.85413843,-1.0856733,-0.52691644,0.74824834,1.1054423,0.83937955,0.09940883,0,0,1
0,-0.95429355,-0.00410521,-0.8087286,0.30907902,-0.67106307,0.0042692395,1.8997831,0,0,1
0,1.8002245,1.4154516,0.48429173,-0.7489192,-1.5828978,-0.69501406,-1.500925,0,0,1
0,0.24767493,0.26628166,0.04775923,-0.26982567,-0.67106307,-0.22013083,-0.10063361,0,0,1
0,-1.35496,-1.1532751,-1.0960665,1.1874176,-0.8911611,0.9378052,0.999596,0,0,1
0,0.19758973,1.0774629,0.744001,-0.6990136,1.0111146,-0.4641104,1.1996374,0,1,0
0,0.39791524,0.33388352,-0.31693882,-0.10014661,-0.95404625,-0.21450606,-0.3006751,0,1,0
0,0.99890715,0.4014854,-0.95792323,0.76821065,1.5456383,0.5042493,-1.4009037,0,1,0
0,-0.5536425,-0.8828677,0.10301651,0.11943804,0.036394816,0.40966165,-0.20065387,0,1,0
0,1.8503097,1.8210422,0.13617088,0.019626869,0.6652463,0.2810704,-1.0008208,1,0,0
1,0.14750452,-0.071707085,-0.80320287,0.66839945,1.6085235,0.49854663,-0.40069535,1,0,0
0,-0.90420836,-1.2884582,0.43456018,-0.52933455,-1.0798166,-0.37596762,-0.10063361,0,1,0
0,0.047349393,-0.4772977,1.6667975,-1.6971253,0.2722141,-1.7237537,-0.8007793,0,1,0
0,0.34784535,0.53666854,0.82688683,-1.1082394,-0.12081805,-1.0920178,0.09940883,0,1,0
0,0.24767493,-0.4096958,-0.9910776,0.61849385,-0.23086706,0.27708575,-1.100842,1,0,0
0,0.19758973,0.7394741,2.6172228,-1.9865776,1.3727041,-1.9075094,0.6995333,0,1,0
0,0.39791524,0.46908727,0.27431408,-0.56925917,0.57091856,-0.5363063,-0.10063361,0,1,0
0,0.8987367,-0.071707085,-0.6705854,1.1275307,0.13072254,1.2449769,-1.9010079,1,0,0
0,-0.6037277,0.19867977,-0.062755324,-0.28978798,-0.13653934,-0.32282436,1.4997002,0,0,1
0,-0.0027358106,-0.27449208,-0.34456745,-0.18997681,-1.48857,-0.36336026,-0.40069535,0,0,1
0,0.047349393,1.009861,-0.58217376,0.079513416,-0.4352438,-0.1452493,1.399679,0,1,0
0,-2.106192,-2.4376283,-0.7755742,0.75822926,-0.37235865,0.64430547,0.599513,0,1,0
0,1.5498139,1.7534404,-0.14011551,0.20926785,0.47659084,0.3656975,-0.50071657,0,1,0
0,0.49808568,0.80707604,-0.10143542,-0.41954243,-1.48857,-0.5412768,0.1994291,0,0,1
0,0.39791524,0.8746573,-0.41087618,0.3190604,0.08355868,0.32161635,0.49949178,0,0,1
0,1.8503097,1.7534404,-0.40535045,0.24919248,1.1840488,0.22562219,-1.100842,0,1,0
0,1.0489924,0.8746573,0.5229718,-0.93856037,-0.9068824,-0.97597516,-0.8007793,0,1,0
0,-0.753968,-0.4096958,0.7274238,-0.8187871,0.0049522435,-0.6695944,0.89957476,1,0,0
0,-0.7038828,-1.0856733,0.10854224,-0.33969358,1.2626551,-0.28663325,-0.20065387,0,1,0
0,0.097434595,0.4014854,-0.59875095,0.22923017,0.08355868,0.052412473,0.39947057,0,1,0
0,1.8503097,2.0238273,1.1805334,-1.0982583,-1.0326527,-0.8942777,-0.70075804,0,1,0
0,-0.5536425,-1.2208564,-0.7092655,1.1275307,-1.0169314,1.2099096,-0.70075804,0,0,1
0,-0.15297614,0.6042704,-0.8584601,0.8181162,1.2626551,0.655672,1.1996374,0,1,0
0,-0.85413843,-0.54487896,-0.86398584,1.2073796,-1.2841933,1.1776835,0.89957476,0,1,0
0,0.24767493,1.2802478,-0.1566927,0.4488148,-1.2213081,0.7074976,1.399679,0,0,1
0,0.39791524,1.3478497,-0.5324422,1.327153,0.68096757,1.6520491,1.1996374,0,0,1
0,0.14750452,0.67187226,0.40693155,-0.52933455,0.539476,-0.39291072,0.6995333,0,1,0
0,-0.15297614,0.13109854,-0.38877326,-0.050241023,-1.2841933,-0.19228971,0.49949178,0,1,0
0,0.49808568,0.6042704,-0.16221842,0.4488148,-0.6553418,0.7031518,-0.10063361,0,0,1
0,-1.2547895,-1.0180714,-1.1292208,0.7981539,0.36654183,0.3989585,0.999596,0,1,0
0,1.8002245,2.0238273,-0.7921514,-0.17999546,0.14644383,-0.6510991,-0.6007378,0,0,1
0,0.24767493,1.2802478,-0.86398584,1.0476818,-1.1427017,0.9615938,1.399679,0,1,0
0,-0.30323175,-0.54487896,-0.2782587,0.22923017,0.09927996,0.29199758,-0.20065387,0,1,0
0,1.0489924,0.6042704,-0.48271063,0.24919248,1.4198681,0.16751756,-1.2008623,1,0,0
0,-1.9058514,-2.0320377,-0.6926883,0.82809716,0.85390174,0.81068873,0.79955447,0,1,0
0,-0.6037277,-1.0180714,-0.52691644,0.2192492,-0.38807994,0.09201131,-0.3006751,0,1,0
0,-0.80405325,-0.95046955,-0.26720726,0.1992869,0.19360769,0.25657874,0.1994291,0,1,0
0,0.047349393,-0.54487896,1.3463053,-1.2679373,0.1621651,-1.1053187,-0.9007995,0,1,0
0,0.047349393,-0.2068902,0.77715534,-0.61916476,0.5080334,-0.3135273,-0.40069535,0,1,0
0,1.3995582,1.7534404,-0.42745337,-0.06022199,-1.3470784,-0.23356828,-0.20065387,0,1,0
0,1.1992327,1.212646,1.0368645,-1.3477862,1.6556873,-1.3895317,-0.6007378,0,1,0
0,0.8486668,0.53666854,-0.20642425,-0.55927783,0.7752953,-0.8130488,-0.9007995,0,0,1
0,0.99890715,0.67187226,0.81030965,-0.7489192,-1.2999146,-0.5077617,-1.0008208,0,1,0
0,0.39791524,1.212646,-1.1955296,2.10568,1.1054423,2.035186,0.999596,0,1,0
0,0.8486668,0.67187226,0.036707778,0.29909807,-1.3313571,0.63313377,-0.70075804,0,1,0
0,0.44800046,0.6042704,0.417983,-0.7988248,1.1840488,-0.81195503,-0.0006123865,0,1,0
0,0.14750452,-0.54487896,0.18037671,-0.7988248,1.0268359,-0.94632727,-1.100842,0,1,0
0,1.5498139,0.80707604,-0.7755742,0.9179274,0.052116103,0.86289454,-1.9010079,0,1,0
0,-0.7038828,-1.2208564,-1.184478,1.3970209,-1.0483739,1.1284361,-0.40069535,0,1,0
0,-0.80405325,-1.4236621,0.36272573,-0.8986359,-1.4099636,-0.99993956,-0.50071657,1,0,0
0,-0.4033869,-1.0180714,-0.95792323,0.967833,-0.52957153,0.7710412,-0.70075804,0,1,0
0,-0.50355726,0.063496664,-0.51033926,0.27913576,-0.057932902,0.1891579,1.0996172,0,1,0
0,0.94882196,0.67187226,-1.0131805,0.5685883,0.1778864,0.19282974,-0.9007995,0,1,0
0,0.49808568,0.80707604,-0.39982474,0.538645,-1.1269804,0.6452234,0.1994291,0,1,0
0,-1.35496,-1.4236621,-0.43297908,-0.24986336,0.8381804,-0.5084944,0.599513,1,0,0
0,-0.30323175,-0.8828677,0.78268105,-0.91859823,0.99539334,-0.8026976,-0.70075804,0,1,0
0,-0.5536425,0.063496664,-0.30588734,-0.20993873,-0.5452928,-0.36629993,1.1996374,0,0,1
1,1.3494883,0.4014854,-1.0518606,1.1175497,-1.598619,0.8861363,-2.10105,0,0,1
0,0.19758973,1.1450647,-0.7811,0.25917345,1.0739998,-0.042946927,1.2996587,0,0,1
0,1.8002245,1.7534404,0.00355341,-0.020297749,-1.3627998,0.12669842,-1.0008208,0,1,0
0,0.648326,0.19867977,0.08643933,0.11943804,0.36654183,0.3975916,-1.0008208,0,1,0
0,0.24767493,-0.071707085,-0.8695116,0.64843714,0.4137057,0.4168291,-0.6007378,0,1,0
0,-1.2547895,-1.4236621,0.025656322,-0.20993873,0.4451483,-0.1442339,0.39947057,0,0,1
0,0.29776013,-0.071707085,-0.32799026,0.36896595,0.71241015,0.4571606,-0.70075804,0,1,0
0,1.3494883,1.0774629,-0.21194997,-0.12010892,0.99539334,-0.17145987,-1.100842,0,0,1
0,1.7501394,1.9562253,-0.5600708,0.27913576,-0.02649033,0.1515416,-0.6007378,0,0,1
0,1.3995582,1.6182365,-0.057229597,-0.31973127,2.0329983,-0.36399502,-0.40069535,0,1,0
0,-1.6053706,-1.3560601,-1.2618383,1.8561522,-1.3942423,1.6435237,1.1996374,1,0,0
0,-1.2547895,-1.0180714,-0.50481355,1.4269642,-0.38807994,1.8194773,0.999596,0,1,0
0,1.0990776,1.0774629,-1.0076548,0.41887155,0.539476,-0.0014825772,-0.6007378,1,0,0
0,1.7501394,1.3478497,-0.5434936,1.6764921,-0.30947348,2.1341588,-1.500925,0,1,0
0,-1.1045492,-1.8968339,-0.46060774,-0.040260058,1.4355893,-0.22821671,-0.6007378,0,0,1
0,1.0489924,0.67187226,1.108699,-0.91859823,1.1683275,-0.62524,-1.100842,0,1,0
0,-0.20306134,-0.6800827,-1.6265364,2.3951325,0.19360769,1.9223661,-0.6007378,0,0,1
0,-1.054464,-1.2884582,-0.8087286,1.0277195,1.3412616,0.9837027,0.1994291,0,1,0
0,1.7501394,1.4154516,-0.09590969,-0.3596555,-0.010769043,-0.44860297,-1.4009037,0,1,0
0,-1.5552855,-1.4236621,2.6006455,-2.1063511,-0.34091607,-2.1489406,0.999596,0,0,1
0,1.1491475,0.53666854,0.6113835,-0.75890017,-1.2841933,-0.6381306,-1.500925,0,1,0
0,0.648326,0.46908727,-0.19537279,0.71830505,-0.52957153,1.0736326,-0.6007378,0,1,0
0,-1.2047043,-0.95046955,-1.0408092,1.0975873,-1.1112591,0.8697501,0.999596,0,1,0
0,1.9003797,2.0238273,-0.48271063,-0.14007123,-0.56101406,-0.38547918,-0.8007793,0,1,0
0,-2.1562622,-2.5728114,-0.44955626,0.05955111,-0.07365419,-0.07810258,0.49949178,0,1,0
0,0.54817086,1.0774629,-1.510496,1.5467377,1.6085235,1.0027554,0.49949178,0,0,1
0,0.24767493,-0.13930896,-1.2949927,1.1674553,1.4827532,0.72986007,-0.70075804,0,1,0
0,0.34784535,-0.34209394,-0.8087286,0.38892826,-0.4195225,0.11309523,-1.2008623,0,0,1
0,-0.80405325,-1.2208564,0.39035437,-0.4993913,-1.3156358,-0.3559096,-0.20065387,0,0,1
0,-1.054464,-0.95046955,-0.394299,-0.39958012,0.94822943,-0.697895,0.6995333,0,1,0
0,-1.054464,-1.3560601,-0.21194997,-0.3297122,-1.6300616,-0.4792763,0.09940883,0,1,0
0,-0.10290622,0.7394741,0.12511942,-0.42952338,0.979672,-0.41319326,1.2996587,0,0,1
0,2.0506353,2.159031,0.16379952,-0.41954243,0.60236114,-0.37346783,-0.9007995,0,1,0
0,-1.3048747,-1.0856733,0.13617088,-0.4993913,-0.04221162,-0.51313287,0.999596,0,0,1
0,-1.0043788,-1.5588452,-0.6484825,0.5586069,0.5080334,0.4734885,-0.3006751,0,1,0
0,-0.95429355,-1.5588452,-0.22852716,-0.1700145,-0.4195225,-0.25596994,-0.40069535,0,0,1
0,-1.0043788,-1.4912639,0.4621888,-1.0084282,-1.3156358,-1.1197907,-0.20065387,0,1,0
1,1.9504648,2.159031,-0.6484825,0.7981539,1.68713,0.8067629,-0.70075804,0,0,1
0,0.7985816,0.26628166,-0.12353833,0.10945669,0.9325082,0.22988962,-1.2008623,0,1,0
0,-0.50355726,0.13109854,-1.3336728,1.7164167,-1.5357338,1.3916732,1.1996374,0,0,1
0,0.14750452,0.94225913,-1.0850149,1.7663223,0.539476,1.7086105,1.0996172,0,1,0
0,-1.35496,-1.0856733,-0.5434936,0.33902267,-1.4728488,0.24851245,1.0996172,0,1,0
0,-0.25314656,0.063496664,0.66111505,-0.8487304,-1.0012101,-0.7554619,0.599513,0,0,1
0,0.047349393,-0.4096958,-1.0518606,1.6166055,0.3036567,1.544815,-0.70075804,0,0,1
0,1.3995582,1.5506347,-0.31141308,0.71830505,1.8129002,0.9768376,-0.50071657,1,0,0
0,-1.0043788,-1.2884582,1.3131509,-1.5673709,1.4513106,-1.6419096,0.09940883,0,1,0
0,1.3494883,1.5506347,-0.6540082,0.8480595,-1.6929468,0.87145895,-0.40069535,0,1,0
0,-0.6037277,-0.2068902,-1.7370509,2.335246,-1.1112591,1.7255924,0.89957476,0,1,0
0,1.4496434,0.67187226,0.09196506,-0.34967452,-1.0012101,-0.31255102,-1.9010079,0,0,1
0,-0.6537976,0.063496664,0.05328496,0.24919248,-0.73394823,0.5700978,1.399679,0,0,1
0,0.097434595,-0.4772977,-0.18432134,-0.43950474,-0.70250565,-0.6231309,-0.9007995,1,0,0
0,0.19758973,-0.2068902,-0.029600957,0.24919248,0.3036567,0.50784326,-0.70075804,0,1,0
0,-1.3048747,-1.4236621,0.48429173,-0.56925917,0.9167869,-0.40902373,0.49949178,0,0,1
0,-2.2063472,-2.5728114,-0.515865,0.9877953,0.39798442,1.1875561,0.599513,0,1,0
0,-1.35496,-1.2208564,-0.48271063,-0.17999546,-1.0012101,-0.44219685,0.89957476,0,0,1
1,1.4997287,0.80707604,-0.9855519,0.75822926,-0.02649033,0.46766794,-1.8009876,0,1,0
0,-1.3048747,-0.8828677,0.4621888,-0.61916476,0.3036567,-0.5016684,1.2996587,1,0,0
0,0.7484964,0.46908727,-0.80320287,0.66839945,0.35082054,0.49854663,-0.8007793,1,0,0
0,0.6984112,0.46908727,2.4846053,-1.8168987,-1.3942423,-1.6244197,-0.70075804,0,1,0
0,0.29776013,0.26628166,-0.333516,-0.43950474,0.6652463,-0.7169959,-0.20065387,1,0,0
1,0.7985816,0.53666854,-1.0187062,1.7763033,1.3727041,1.7894588,-0.8007793,0,1,0
0,-0.80405325,-1.4236621,4.6506906,-2.5754635,0.8853443,-2.5570183,-0.50071657,0,1,0
0,-0.0027358106,-0.34209394,0.7495267,-0.9784848,-1.5200126,-0.91888636,-0.50071657,0,1,0
0,-0.95429355,-0.34209394,-0.05170387,0.019626869,-0.67106307,0.1475961,1.399679,1,0,0
0,1.7501394,1.8210422,3.1863728,-2.3259356,-0.98548883,-2.4079,-0.8007793,0,0,1
0,-1.6053706,-1.3560601,-0.47718492,1.0975873,-1.3156358,1.3777477,1.1996374,1,0,0
0,-0.90420836,-0.6124808,0.6169092,-1.1182206,1.2312126,-1.2153845,0.89957476,0,0,1
0,1.8503097,1.5506347,0.36825144,-0.25984433,-0.07365419,0.0068177604,-1.4009037,0,1,0
0,-1.0043788,-1.4912639,-1.2452611,0.77819157,-1.3942423,0.2748596,-0.20065387,1,0,0
0,-1.3048747,-1.1532751,0.04775923,0.6584181,-1.5828978,1.1857398,0.89957476,0,1,0
0,-1.1045492,-0.74768454,0.6113835,-0.7788625,1.3727041,-0.6703562,1.0996172,1,0,0
0,-0.753968,-1.2884582,0.13617088,-0.88865477,-1.158423,-1.1087852,-0.40069535,0,1,0
0,0.49808568,0.67187226,0.5561262,-0.2398824,0.1621651,0.16302566,-0.0006123865,1,0,0
0,0.54817086,0.33388352,-0.040652413,-0.24986336,0.1778864,-0.24848968,-0.6007378,0,1,0
0,-0.10290622,0.7394741,-0.40535045,0.6085125,-0.7811121,0.7410026,1.2996587,0,1,0
0,1.1992327,0.13109854,-0.20089853,-0.3796178,0.9167869,-0.5454955,-2.2010705,0,1,0
0,-0.15297614,-0.54487896,0.58375484,-0.91859823,0.46086955,-0.9109767,-0.50071657,0,1,0
0,0.49808568,0.6042704,-0.9966033,1.3371344,1.1368849,1.2281026,-0.10063361,0,0,1
0,-0.5536425,-0.95046955,-0.32246453,0.069532454,0.25649282,0.027549708,-0.3006751,0,1,0
0,-1.8557814,-1.8968339,-1.3723528,1.8561522,-1.2370294,1.529073,0.89957476,0,1,0
0,2.0506353,2.4294178,0.3958801,-0.85871154,0.57091856,-0.9188477,-0.50071657,0,1,0
0,-0.4033869,-0.8152864,0.014604866,-0.080184296,1.1211636,0.044121698,-0.40069535,0,1,0
0,-0.50355726,0.33388352,-1.123695,1.6764921,0.4451483,1.5517483,1.4997002,1,0,0
0,0.34784535,0.7394741,-0.62637955,0.61849385,-0.16798191,0.57485336,0.39947057,0,1,0
0,-1.2547895,-0.95046955,-0.60980237,1.0476818,0.33509928,1.188445,1.0996172,0,0,1
0,0.19758973,-0.2068902,-1.2452611,1.0177386,1.1211636,0.5828222,-0.70075804,0,1,0
0,-0.6037277,-0.13930896,1.9651868,-1.7969364,0.4137057,-1.7875218,0.999596,0,1,0
0,0.097434595,1.1450647,0.3185199,-0.050241023,-0.6238992,0.30145082,1.4997002,0,0,1
0,0.6984112,0.67187226,-0.62085384,0.3190604,-1.48857,0.16130677,-0.40069535,0,0,1
0,-1.0043788,-1.2208564,-0.40535045,0.25917345,-1.6615041,0.23993799,0.1994291,0,0,1
0,1.1992327,1.212646,-1.2121067,1.6365678,-0.12081805,1.4114385,-0.6007378,0,1,0
0,1.3494883,0.33388352,1.8823009,-1.7270685,1.5613596,-1.6912345,-2.2010705,0,0,1
0,-0.052821014,-0.54487896,0.19142815,-0.34967452,1.0897211,-0.24839178,-0.70075804,0,0,1
0,0.8987367,0.7394741,0.5948063,-0.83874923,-1.598619,-0.77629167,-0.70075804,0,0,1
1,-0.753968,-0.4096958,-0.9910776,2.0857182,1.2469339,2.2293909,0.89957476,0,1,0
0,-0.90420836,-0.74768454,-1.145798,0.43883386,-0.12081805,-0.08337584,0.6995333,0,1,0
0,0.24767493,1.0774629,-1.0408092,1.3471153,-0.46668637,1.1995775,1.0996172,1,0,0
0,-0.7038828,-0.34209394,-0.09038396,-0.57924014,0.1778864,-0.77224874,0.89957476,1,0,0
0,1.1491475,0.94225913,-0.1566927,-0.52933455,-0.5138502,-0.73854834,-0.9007995,0,1,0
0,-1.1546191,-0.74768454,-0.333516,0.089494765,-0.32519478,0.04848701,1.1996374,1,0,0
0,0.24767493,-0.13930896,0.14722234,-0.40956107,1.5141958,-0.36866313,-0.70075804,0,0,1
0,0.8486668,0.6042704,0.9152985,-0.8786736,0.60236114,-0.66391134,-0.8007793,0,1,0
0,-1.2047043,-0.95046955,0.07538787,0.049570143,0.429427,0.2833844,0.999596,0,1,0
0,-0.10290622,-0.4096958,-0.3556189,0.33902267,-0.8911611,0.39261112,-0.40069535,0,1,0
0,0.6984112,0.46908727,0.7384752,-1.2180318,1.1526061,-1.3168864,-0.70075804,0,1,0
0,-0.45347208,-1.2208564,-0.72031695,0.63845617,-1.5042913,0.5256747,-0.9007995,0,1,0
0,-0.15297614,0.4014854,0.7495267,-0.8686927,0.33509928,-0.7389586,0.89957476,0,1,0
0,0.99890715,-0.00410521,0.68874365,-1.1381828,1.2940978,-1.211322,-2.001029,0,1,0
0,-0.50355726,0.19867977,-0.1787956,-0.3297122,1.0268359,-0.45777255,1.2996587,0,1,0
0,-1.2547895,-0.8828677,-0.9745004,1.3570963,1.356983,1.2755818,1.1996374,0,0,1
0,0.34784535,0.4014854,-0.26720726,0.3190604,1.2469339,0.43130153,-0.10063361,0,1,0
0,-1.6554406,-1.4912639,-1.3999815,2.0457935,-1.6929468,1.7390689,1.0996172,0,0,1
0,-1.7055258,-1.7616508,-0.5711223,0.27913576,0.759574,0.14318253,0.79955447,0,1,0
0,-1.3048747,-0.95046955,0.5284976,-0.9485415,0.8067379,-0.98895365,1.1996374,0,1,0
0,1.2994031,1.0774629,2.285679,-1.757012,1.1368849,-1.5866271,-1.0008208,0,1,0
0,-0.753968,-0.8152864,-1.2949927,1.8661335,-1.2841933,1.6219326,0.2994503,0,1,0
0,-1.9058514,-2.1672413,0.6390121,-0.88865477,0.4451483,-0.8324138,0.599513,0,1,0
0,-0.6037277,-0.13930896,-0.17326988,-0.36963683,-0.60817796,-0.5130937,0.999596,0,1,0
1,1.0489924,-0.00410521,-1.0187062,0.5087014,-1.598619,0.10897397,-2.10105,0,0,1
0,-0.95429355,-0.6124808,-0.50481355,1.2473042,0.6652463,1.5649513,0.999596,0,0,1
0,-0.30323175,0.4014854,-1.0573864,1.4469265,-1.3470784,1.3155417,1.1996374,0,1,0
0,0.648326,0.19867977,-0.7700485,0.4288525,-0.95404625,0.19779064,-1.0008208,0,1,0
0,1.5498139,0.80707604,-0.2782587,0.4488148,-1.268472,0.61189365,-1.9010079,0,0,1
0,0.047349393,0.7394741,0.42350873,-0.47942898,1.1840488,-0.30383998,0.999596,0,0,1
0,-1.3048747,-1.2208564,-0.018549502,-0.5393159,-1.6300616,-0.6688331,0.79955447,0,0,1
0,-1.4050299,-1.2884582,-0.515865,-0.15005219,0.8853443,-0.42221665,0.89957476,0,1,0
0,-1.3048747,-0.4772977,-0.22300144,-0.31973127,-0.30947348,-0.4718056,1.8997831,0,0,1
0,0.8486668,0.67187226,-1.0850149,0.9179274,-1.2999146,0.59383726,-0.70075804,0,1,0
0,1.2493179,1.3478497,0.28536552,-1.0583339,1.3255403,-1.2909104,-0.50071657,0,0,1
0,-0.753968,-1.2208564,0.13617088,-0.24986336,-1.4571275,-0.1313046,-0.3006751,0,0,1
0,-0.4033869,0.46908727,-0.024075229,0.25917345,-1.4256848,0.5269833,1.4997002,0,1,0
0,0.29776013,1.2802478,0.3572,-0.9485415,-0.98548883,-1.0812855,1.2996587,1,0,0
0,-1.4050299,-1.1532751,0.3572,-0.06022199,-1.5514551,0.31278828,1.0996172,0,0,1
0,0.097434595,1.0774629,-0.515865,0.728286,-0.6553418,0.8204152,1.399679,0,1,0
0,0.29776013,0.063496664,0.64453787,-0.7289569,-1.0012101,-0.5706319,-0.50071657,0,1,0
0,0.047349393,0.33388352,-1.1623752,1.736379,-0.13653934,1.5907903,0.39947057,0,0,1
0,1.9003797,1.8210422,0.31299418,-0.33969358,0.4137057,-0.15438974,-1.100842,0,1,0
0,-0.4033869,-1.0856733,-0.52139074,0.34900364,1.8286215,0.27957597,-0.8007793,0,1,0
0,1.1992327,0.063496664,0.9374014,-0.8187871,-0.12081805,-0.55158925,-2.301092,0,1,0
0,1.2994031,1.4830534,0.8600412,-1.2878995,-1.1898656,-1.373028,-0.40069535,0,1,0
0,0.8486668,0.53666854,-0.08485824,0.129419,0.6180824,0.28774974,-0.9007995,0,0,1
0,-0.5536425,-0.8828677,0.18037671,-0.5892215,-0.4352438,-0.62395096,-0.20065387,0,1,0
0,-0.753968,-1.1532751,-0.44955626,0.39890924,-1.0012101,0.40598983,-0.20065387,0,1,0
0,0.24767493,-0.2068902,0.27431408,-0.9485415,1.4198681,-1.1259627,-0.8007793,0,1,0
1,0.99890715,-0.2068902,-0.84740865,2.2653782,0.539476,2.6276448,-2.301092,0,0,1
0,-0.80405325,-0.4096958,-0.15116698,-0.469448,-0.8911611,-0.6465676,0.999596,1,0,0
0,-0.90420836,-1.3560601,0.28536552,-0.62914574,-1.1898656,-0.6228281,-0.20065387,0,0,1
0,1.0489924,0.94225913,1.9320325,-1.7270685,1.356983,-1.6712838,-0.70075804,0,1,0
0,-0.85413843,-0.27449208,0.036707778,-0.3796178,1.0897211,-0.39348674,1.2996587,1,0,0
0,0.59825605,0.4014854,0.20247962,-0.040260058,0.02067353,0.23583677,-0.6007378,0,0,1
0,-0.35331696,-1.0180714,-0.30036163,0.46877712,-0.46668637,0.6235148,-0.8007793,0,1,0
0,-1.5552855,-1.5588452,0.64453787,-0.91859823,1.1526061,-0.8778915,0.79955447,1,0,0
0,-1.6554406,-1.3560601,-0.024075229,-0.31973127,1.6085235,-0.34243298,1.2996587,0,1,0
0,2.0506353,2.226612,-0.6871626,0.9977762,1.1997701,1.050313,-0.8007793,0,1,0
0,-0.10290622,-0.34209394,-0.6595339,0.66839945,0.4451483,0.6171182,-0.3006751,1,0,0
0,1.3494883,0.33388352,-0.106961146,-0.070203334,-0.5452928,-0.025252078,-2.2010705,0,1,0
0,0.19758973,1.212646,3.9876032,-2.5055957,-1.6143403,-2.5688639,1.399679,0,1,0
0,-1.6554406,-1.4912639,-0.8695116,0.74824834,-1.1112591,0.5517874,1.0996172,0,1,0
0,-1.054464,-0.6124808,0.020130593,-0.33969358,-1.378521,-0.34381995,1.1996374,0,1,0
0,-1.4551151,-1.2884582,1.5673344,-1.5673709,1.7500151,-1.5327517,0.999596,0,0,1
0,1.2994031,0.33388352,-0.43297908,0.538645,-1.6929468,0.6186222,-2.10105,0,1,0
0,-1.4551151,-1.0856733,0.020130593,-0.040260058,1.5299171,0.10822222,1.2996587,0,1,0
0,-1.1045492,-0.13930896,-0.035126686,-0.31973127,1.4198681,-0.34962046,1.9998044,0,1,0
0,0.6984112,0.4014854,0.600332,-0.9285792,-0.27803093,-0.9180468,-0.8007793,0,1,0
0,-0.10290622,-0.00410521,0.8710927,-0.39958012,1.0582784,0.1071672,0.1994291,0,1,0
0,0.54817086,0.7394741,1.9320325,-1.6172764,0.979672,-1.4683679,-0.0006123865,0,1,0
0,1.9504648,2.159031,0.00355341,0.43883386,0.1778864,0.8184814,-0.70075804,0,1,0
0,-0.052821014,-0.54487896,-0.07933251,-0.6790513,-1.6929468,-0.91449195,-0.70075804,1,0,0
0,0.24767493,0.8746573,-0.1787956,0.33902267,-1.0483739,0.52823323,0.79955447,0,0,1
0,-1.5052003,-1.1532751,-0.26168153,0.80813485,0.46086955,1.1494517,1.2996587,0,1,0
0,-1.4551151,-1.0856733,-0.6484825,0.20926785,0.6338037,-0.012537248,1.2996587,0,1,0
0,-0.30323175,-0.8828677,0.07538787,0.2691548,0.319378,0.6170303,-0.70075804,0,1,0
0,0.047349393,-0.54487896,1.0644932,-0.62914574,1.7342938,-0.15880378,-0.9007995,0,0,1
0,0.14750452,-0.34209394,-1.2121067,2.2154725,0.539476,2.1590805,-0.8007793,0,0,1
0,0.49808568,0.80707604,-0.80320287,0.129419,-1.4414061,-0.2365562,0.1994291,0,0,1
0,-0.90420836,-1.1532751,-1.7094222,1.9559633,0.85390174,1.3001127,0.09940883,0,1,0
0,-0.95429355,-0.6800827,1.3684082,-1.2379938,-0.95404625,-1.0423023,0.89957476,0,1,0
0,0.6984112,0.53666854,0.77715534,-0.85871154,1.2154913,-0.70726943,-0.6007378,0,1,0
0,0.24767493,0.4014854,-0.8916145,1.147493,0.9167869,1.071504,0.09940883,1,0,0
0,-1.4050299,-0.95046955,2.086753,-1.587333,-0.84399724,-1.34713,1.399679,0,1,0
0,1.0489924,0.94225913,-0.6650597,-0.3796178,-0.95404625,-0.8424426,-0.70075804,0,0,1
0,-0.5536425,0.063496664,-0.14564124,0.14938131,-0.4352438,0.2729358,1.1996374,0,0,1
0,-1.2047043,-0.34209394,-0.91924316,1.0576627,-0.828276,0.92568636,1.8997831,0,1,0
0,-0.95429355,-1.5588452,-0.576648,0.089494765,0.6180824,-0.12725165,-0.40069535,0,0,1
0,0.24767493,-0.4772977,-0.001972318,-0.090165645,1.7028512,0.017608792,-1.2008623,0,0,1
0,-0.10290622,-0.34209394,-0.3500932,0.43883386,-1.4728488,0.5409868,-0.3006751,0,1,0
0,0.24767493,0.94225913,2.9432406,-2.1163323,-0.5138502,-2.054743,0.89957476,0,0,1
0,-1.1546191,-0.8152864,-1.024232,1.0177386,-0.07365419,0.7789122,1.0996172,0,1,0
0,-1.0043788,-1.6940489,1.3960369,-1.2080506,1.7185725,-0.9763267,-0.50071657,0,1,0
0,-0.30323175,-0.95046955,-0.46613345,0.2691548,1.1840488,0.20838633,-0.8007793,0,0,1
0,0.44800046,0.53666854,0.8600412,-0.9784848,1.2626551,-0.8599034,-0.10063361,0,0,1
0,-1.9559366,-2.0996394,2.2746274,-1.667182,-1.0955378,-1.4195312,0.79955447,0,0,1
0,-1.4050299,-1.4236621,-0.38877326,0.8181162,0.57091856,1.055762,0.6995333,0,1,0
0,1.2994031,0.13109854,1.8436208,-1.8668044,-0.32519478,-1.962821,-2.4011126,1,0,0
0,1.2994031,1.1450647,-0.37772182,0.82809716,-1.2999146,1.0795406,-0.9007995,1,0,0
0,0.097434595,-0.54487896,-0.60427666,0.33902267,-1.3156358,0.20189232,-1.0008208,0,1,0
0,0.39791524,1.7534404,-0.6484825,0.9977762,0.14644383,1.084492,1.7997628,0,1,0
1,-1.5552855,-1.4912639,0.05328496,-0.41954243,1.5456383,-0.44338802,0.89957476,1,0,0
0,-1.6554406,-1.7616508,0.00355341,-0.13008988,-0.98548883,-0.03872823,0.6995333,0,0,1
0,-0.20306134,-0.34209394,0.16932525,-0.4494857,1.2783765,-0.41596672,-0.10063361,0,1,0
0,0.097434595,1.212646,-0.8860888,1.0975873,-0.9697675,1.0092002,1.5997214,0,1,0
0,-0.50355726,-0.8152864,-0.24510434,-0.16003315,-0.5138502,-0.25259134,-0.20065387,0,1,0
0,-1.0043788,-1.4236621,1.1639563,-1.337805,-0.63962054,-1.3129218,-0.10063361,0,0,1
0,0.19758973,-0.27449208,-0.018549502,-0.54929686,0.7281314,-0.68383276,-0.8007793,0,1,0
0,0.7985816,0.6042704,0.19695388,0.009645524,0.49231213,0.30887237,-0.70075804,0,0,1
0,0.648326,0.33388352,-0.73689413,0.7083237,-0.38807994,0.6081927,-0.8007793,0,1,0
0,-0.7038828,-0.54487896,0.014604866,0.8380785,-1.0326527,1.4294848,0.599513,0,1,0
0,-0.90420836,-0.6800827,-0.8971402,1.7763033,-1.5671765,1.9136356,0.79955447,0,1,0
0,-0.753968,-1.3560601,0.9595043,-1.417654,0.7281314,-1.5428587,-0.50071657,0,0,1
0,-1.35496,-1.3560601,-0.6595339,0.64843714,-0.5452928,0.5893845,0.6995333,0,1,0
0,1.9504648,2.091429,0.55060047,-1.0982583,-0.19942449,-1.217123,-0.8007793,0,1,0
0,-0.85413843,-1.1532751,0.3185199,-0.75890017,-0.60817796,-0.80582255,-0.0006123865,0,1,0
1,1.1491475,1.212646,-0.94134605,1.6166055,1.577081,1.6545784,-0.50071657,0,1,0
0,1.2994031,0.26628166,-0.72031695,1.327153,-0.8754398,1.47508,-2.2010705,1,0,0
0,-1.5552855,-1.3560601,-1.0850149,0.4488148,-1.4571275,-0.0225665,1.0996172,0,1,0
0,-2.2063472,-2.5728114,0.16379952,-0.4894103,0.5080334,-0.48072153,0.599513,0,1,0
0,-0.35331696,-0.6124808,-0.8529344,0.5586069,-1.158423,0.30872574,-0.20065387,0,0,1
0,0.047349393,0.94225913,-0.515865,0.05955111,0.6180824,-0.12567937,1.2996587,0,1,0
0,-0.20306134,0.4014854,0.56717765,-0.4894103,0.649525,-0.23050159,0.999596,0,1,0
0,0.39791524,0.26628166,0.16932525,-0.47942898,-1.3313571,-0.4619621,-0.40069535,0,1,0
0,1.4997287,1.6182365,0.58375484,-1.0383716,0.33509928,-1.1037464,-0.6007378,0,0,1
0,0.39791524,-0.2068902,-0.43297908,0.4288525,0.7910166,0.46168208,-1.100842,0,1,0
0,0.44800046,0.53666854,2.4790795,-2.0265021,0.4451483,-2.0342357,-0.10063361,0,0,1
0,-1.5052003,-1.5588452,1.8104664,-1.7170876,0.1621651,-1.7018205,0.6995333,0,1,0
0,0.19758973,-0.34209394,-1.0518606,1.0377009,-1.2213081,0.78074807,-0.9007995,0,1,0
0,-0.6537976,0.063496664,-0.7645228,0.5286637,-0.63962054,0.33893052,1.399679,0,1,0
0,-0.6037277,-0.6800827,1.6004888,-1.7071065,1.0111146,-1.768567,0.1994291,0,1,0
0,-0.85413843,-0.6800827,1.4512941,-1.247975,-0.5767354,-1.0194703,0.6995333,0,0,1
0,0.648326,0.46908727,-1.3226212,1.8262088,-0.24658835,1.5424908,-0.6007378,0,0,1
0,0.59825605,0.6042704,-0.39982474,-0.28978798,0.71241015,-0.5438258,-0.3006751,0,1,0
0,0.94882196,0.67187226,-1.3723528,2.355208,0.46086955,2.159432,-0.9007995,1,0,0
0,0.24767493,-0.34209394,0.6279607,-1.2379938,-0.71822697,-1.4034669,-1.0008208,0,1,0
0,-1.1546191,-0.74768454,-1.1734266,2.3651893,-1.3627998,2.3959794,1.1996374,0,0,1
0,0.29776013,0.33388352,0.56717765,-1.0084282,-0.12081805,-1.0643133,-0.10063361,0,1,0
0,-0.45347208,-0.00410521,0.6500636,-0.6890327,1.2469339,-0.50271297,0.89957476,1,0,0
0,-0.95429355,-1.0856733,-1.1292208,0.019626869,0.02067353,-0.6179159,0.2994503,0,1,0
0,1.0489924,0.7394741,-0.64295673,-0.31973127,-0.4352438,-0.7449254,-1.0008208,0,0,1
0,-1.1045492,-1.0856733,-0.333516,0.34900364,0.5551973,0.42400706,0.599513,0,0,1
0,0.34784535,-0.27449208,-1.1623752,1.4269642,-0.4352438,1.1884645,-1.100842,0,1,0
0,0.44800046,0.46908727,0.86556697,-1.2679373,-0.49812892,-1.3372573,-0.20065387,0,0,1
0,-0.50355726,0.33388352,1.191585,-1.2080506,-0.81255466,-1.0771356,1.4997002,0,1,0
0,-1.755611,-1.6940489,-1.1015922,1.9060577,-0.2937522,1.8749064,0.999596,0,1,0
0,1.7501394,2.0238273,2.003867,-1.8368609,-0.74966955,-1.8467784,-0.50071657,0,0,1
0,1.1491475,1.212646,-0.28931016,0.3190604,1.5456383,0.41442677,-0.50071657,0,1,0
0,0.14750452,1.1450647,-1.6762679,1.74636,-1.5042913,1.0815624,1.399679,0,0,1
0,-1.0043788,-1.2884582,1.8657237,-1.5673709,-1.6929468,-1.4046093,0.09940883,0,1,0
0,2.1507905,2.361816,6.098431,-2.7251801,-1.3627998,-2.5808558,-0.8007793,0,1,0
0,0.7484964,0.6042704,0.7274238,-0.88865477,0.979672,-0.7838207,-0.6007378,0,1,0
0,0.54817086,0.7394741,0.43456018,-1.0483527,0.82245916,-1.1975923,-0.0006123865,1,0,0
0,-0.753968,-0.27449208,-0.9689747,1.8661335,0.24077155,1.9601392,1.0996172,0,0,1
0,-0.90420836,-1.4912639,0.21353106,-0.54929686,0.3036567,-0.5423314,-0.40069535,0,0,1
0,1.7000542,1.212646,-0.13458979,0.25917345,1.5141958,0.44378188,-1.6009462,0,0,1
0,-1.0043788,-0.8828677,0.41245726,-0.9285792,-0.02649033,-1.0199785,0.6995333,0,0,1
0,0.29776013,0.063496664,-0.24510434,0.22923017,0.38226312,0.31678247,-0.50071657,0,1,0
0,0.648326,0.46908727,0.37930292,-0.85871154,-0.34091607,-0.9280464,-0.6007378,0,1,0
0,0.6984112,0.46908727,-0.902666,1.0576627,-1.2999146,0.94051033,-0.70075804,0,1,0
0,-1.3048747,-1.1532751,0.17485097,-0.22990105,0.85390174,-0.074987166,0.89957476,0,1,0
0,-1.5052003,-1.4912639,-0.10143542,0.019626869,1.2940978,0.11226515,0.79955447,0,1,0
0,-1.1546191,-0.4096958,-0.81425434,0.4088902,0.5080334,0.13599503,1.6997416,0,1,0
0,-0.45347208,0.063496664,-1.123695,2.1256423,-0.21514577,2.1388462,0.999596,0,1,0
0,-0.45347208,0.063496664,0.60585773,-0.83874923,-1.0483739,-0.7701201,0.999596,0,0,1
0,1.7000542,1.5506347,-0.20642425,-0.39958012,-0.60817796,-0.5783658,-1.100842,0,1,0
0,-1.35496,-1.2208564,-0.515865,1.3471153,-1.5828978,1.6959057,0.89957476,0,1,0
0,0.6984112,0.33388352,-1.7812567,2.0557745,-0.07365419,1.3432955,-0.9007995,0,0,1
0,-1.9559366,-1.9644357,-0.5876995,-0.15005219,-1.4728488,-0.47109252,0.999596,0,0,1
0,-0.95429355,-0.74768454,-1.1955296,1.1674553,-0.30947348,0.8207371,0.79955447,0,0,1
0,1.2493179,1.009861,0.76057816,-1.078296,-0.92260367,-1.0767545,-1.0008208,0,1,0
0,-0.7038828,-0.00410521,-0.15116698,-0.24986336,-1.268472,-0.32173017,1.399679,0,0,1
0,0.14750452,0.94225913,-1.0684378,1.1075684,0.6180824,0.85799235,1.0996172,0,1,0
0,-0.5536425,-1.0180714,-0.46060774,0.9977762,0.759574,1.2505043,-0.40069535,0,0,1
0,-0.15297614,0.7394741,0.0809136,0.09947573,1.3255403,0.36321685,1.399679,0,1,0
0,0.097434595,-0.4096958,-0.46060774,0.87800276,1.5299171,1.0798826,-0.8007793,0,0,1
0,-1.3048747,-0.74768454,-0.902666,-0.10014661,1.1526061,-0.6182087,1.4997002,0,0,1
0,0.29776013,-0.2068902,0.55060047,-0.9585227,0.20932898,-0.9930453,-0.9007995,0,1,0
0,-1.2547895,-0.8828677,-0.46060774,0.46877712,-1.2370294,0.49692518,1.1996374,0,1,0
0,-1.35496,-0.8828677,-0.5600708,0.61849385,-1.4414061,0.6289929,1.399679,1,0,0
1,1.1491475,0.6042704,-0.8860888,0.92790836,-1.158423,0.7802695,-1.4009037,0,1,0
0,-2.2564325,-2.7080152,0.56165195,-0.33969358,-1.3627998,0.006446661,0.49949178,0,0,1
0,0.7484964,0.7394741,0.34614855,-0.56925917,-0.12081805,-0.49276203,-0.40069535,0,1,0
0,1.4997287,1.4830534,0.46771455,-1.1182206,0.14644383,-1.2913206,-0.8007793,1,0,0
0,-0.45347208,0.33388352,-0.5655966,0.30907902,-1.0640953,0.18946071,1.399679,0,1,0
0,-0.25314656,0.46908727,0.27431408,-0.64910805,-1.6143403,-0.66044444,1.1996374,0,1,0
0,-0.30323175,-0.8828677,-0.07933251,-0.10014661,-0.27803093,-0.050739564,-0.70075804,0,1,0
0,-1.1045492,-1.4912639,-0.48271063,-0.020297749,-1.3627998,-0.21532612,-0.0006123865,0,1,0
0,0.8486668,0.4014854,-0.18984707,0.4488148,0.60236114,0.6814236,-1.100842,0,0,1
0,0.49808568,1.0774629,-0.47165918,-0.0003354402,0.5080334,-0.17915507,0.599513,0,0,1
0,-0.80405325,-0.54487896,3.1974242,-2.2261243,1.6085235,-2.1978066,0.79955447,0,1,0
0,-1.1546191,-0.74768454,0.78268105,-1.1681262,0.13072254,-1.2130896,1.1996374,0,0,1
0,1.1992327,0.13109854,-0.52139074,0.63845617,0.2722141,0.6887964,-2.2010705,0,1,0
0,-0.052821014,-0.00410521,-0.30588734,0.20926785,1.1683275,0.24235994,0.09940883,0,0,1
0,-0.80405325,-0.4772977,2.4569767,-2.0764077,0.38226312,-2.138804,0.89957476,1,0,0
0,-0.4033869,-1.0856733,-0.758997,0.76821065,-1.3156358,0.6719412,-0.8007793,0,1,0
0,0.047349393,0.8746573,-0.1180126,0.019626869,0.35082054,0.10048786,1.1996374,0,0,1
0,0.39791524,1.6182365,-0.2561558,-0.090165645,-0.45096508,-0.15803243,1.5997214,0,1,0
0,-1.7055258,-1.3560601,2.4238222,-1.7669932,1.577081,-1.551257,1.399679,0,1,0
0,0.6984112,0.26628166,0.2190568,-0.3097499,0.39798442,-0.16889177,-1.0008208,0,1,0
0,1.3995582,1.4830534,-0.48271063,1.0277195,-0.74966955,1.2735114,-0.6007378,0,0,1
0,-0.25314656,-0.74768454,-0.106961146,-0.1700145,0.22505026,-0.17368646,-0.6007378,0,1,0
0,-1.0043788,-1.3560601,0.44561163,-1.0583339,-0.5138502,-1.2076507,-0.0006123865,0,0,1
0,0.29776013,0.13109854,0.600332,-0.8287681,-0.9697675,-0.75711244,-0.40069535,0,1,0
0,-1.3048747,-1.0180714,0.16379952,-0.57924014,-0.56101406,-0.61861897,1.0996172,0,1,0
0,0.7484964,0.53666854,-0.2174757,0.09947573,0.1621651,0.14701055,-0.70075804,0,1,0
0,1.7000542,1.212646,-0.22300144,0.4987204,-1.4414061,0.72854185,-1.6009462,0,1,0
0,-1.2047043,-0.8828677,-0.81425434,0.11943804,1.1054423,-0.25821614,1.0996172,0,0,1
0,0.24767493,1.2802478,-0.7534713,0.5685883,-0.84399724,0.40258163,1.399679,0,1,0
0,-0.6537976,-0.54487896,-0.64295673,0.8879841,1.2469339,0.9365161,0.49949178,0,0,1
1,1.2493179,0.6042704,-1.0131805,1.5467377,-0.105096765,1.4905387,-1.6009462,1,0,0
0,0.097434595,0.94225913,-0.18432134,-0.38959914,0.5237547,-0.5495972,1.1996374,1,0,0
1,1.9003797,2.091429,5.291675,-2.695237,-1.6143403,-2.6887736,-0.70075804,0,1,0
0,0.8987367,-0.00410521,-0.2561558,0.029607834,1.2154913,0.016924875,-1.8009876,0,1,0
0,-1.2547895,-1.2208564,-0.6650597,0.8480595,0.0049522435,0.8619866,0.6995333,0,1,0
0,0.99890715,-0.13930896,0.60585773,-0.8986359,0.6966889,-0.8667394,-2.2010705,0,1,0
0,-0.7038828,-0.6124808,-1.1071179,1.1075684,-1.158423,0.82306165,0.49949178,0,0,1
0,-1.2047043,-1.2884582,-0.5655966,0.62847483,0.649525,0.63851446,0.49949178,0,1,0
0,0.19758973,-0.54487896,-0.062755324,-0.27980664,1.8915067,-0.3079025,-1.2008623,0,0,1
0,-1.6053706,-1.3560601,0.24668543,0.039589178,1.8757854,0.3905211,1.1996374,0,1,0
0,-0.6037277,0.063496664,0.25221115,-0.8686927,0.6180824,-1.014051,1.2996587,0,0,1
0,-0.0027358106,-0.27449208,0.43456018,-1.1282016,-0.85971856,-1.3239956,-0.40069535,0,1,0
0,-1.35496,-1.4236621,-0.6761111,0.17932458,1.2312126,-0.07460651,0.599513,0,1,0
0,0.14750452,-0.071707085,-0.16774416,0.6584181,0.2722141,1.0082631,-0.40069535,1,0,0
0,-1.2047043,-0.95046955,4.667268,-2.5555015,0.99539334,-2.5062966,0.999596,0,1,0
0,1.9003797,1.8210422,0.08643933,-0.65908897,0.319378,-0.7868578,-1.100842,0,0,1
0,-0.50355726,-0.8828677,2.2138445,-2.00654,-0.15226063,-2.088688,-0.3006751,1,0,0
0,0.59825605,0.063496664,0.10301651,-0.7389382,-1.158423,-0.89878917,-1.100842,0,0,1
0,0.39791524,0.19867977,-0.44955626,0.33902267,-1.6929468,0.32056177,-0.50071657,0,0,1
0,1.7501394,1.5506347,0.24668543,-0.47942898,-0.52957153,-0.413838,-1.2008623,0,1,0
0,-0.45347208,-0.74768454,-1.184478,0.8380785,1.7657363,0.40384108,-0.20065387,0,0,1
0,-0.052821014,0.13109854,-0.333516,0.62847483,1.0268359,0.8284128,0.2994503,0,1,0
0,0.94882196,0.46908727,-0.60980237,1.0975873,-0.49812892,1.258219,-1.2008623,0,1,0
0,-0.6037277,-0.2068902,0.38482863,0.039589178,0.96395075,0.4891521,0.89957476,0,1,0
0,0.94882196,0.80707604,-0.576648,0.41887155,-1.4414061,0.3351904,-0.70075804,0,1,0
0,1.4997287,0.67187226,-0.72031695,0.16934362,0.19360769,-0.12102128,-2.001029,0,0,1
0,-0.0027358106,-0.27449208,-0.26720726,0.1992869,-1.2370294,0.25657874,-0.40069535,0,0,1
0,1.3494883,1.3478497,2.2359474,-1.8568232,-0.5767354,-1.7961545,-0.70075804,0,0,1
0,-0.80405325,-0.6124808,-0.9800261,0.6085125,-1.1112591,0.27280876,0.6995333,0,1,0
0,0.54817086,0.8746573,-0.22852716,-0.2398824,-1.5200126,-0.3583702,0.1994291,0,1,0
0,-0.90420836,-0.8152864,-0.9800261,1.7263976,-1.2527508,1.7624669,0.599513,0,1,0
0,1.1491475,0.94225913,-0.58217376,0.029607834,0.39798442,-0.21526784,-0.9007995,0,1,0
0,-1.5552855,-1.4912639,0.6279607,-1.0283904,0.46086955,-1.0644795,0.89957476,0,1,0
1,-0.6537976,-0.13930896,-1.9801829,2.584774,1.4984745,1.7415004,1.0996172,0,1,0
0,0.047349393,1.009861,-0.22300144,0.33902267,-0.67106307,0.49432793,1.399679,0,1,0
0,-0.20306134,0.6042704,-0.28931016,0.24919248,0.8853443,0.3127787,1.2996587,0,1,0
0,-1.5552855,-1.626447,-0.48271063,0.5685883,0.22505026,0.62125903,0.6995333,0,1,0
0,2.1007204,2.361816,-0.82530576,0.77819157,-0.38807994,0.6296181,-0.70075804,0,0,1
0,-1.3048747,-1.4236621,-1.1126436,0.8480595,0.7910166,0.4783515,0.49949178,0,0,1
0,0.648326,0.53666854,-0.6705854,0.538645,-0.7653908,0.42798123,-0.50071657,0,0,1
0,2.00055,2.294214,-0.83083147,0.57856923,0.24077155,0.3536666,-0.6007378,0,0,1
0,-1.1546191,-1.2208564,-0.93582034,1.3371344,0.85390174,1.2854645,0.49949178,0,0,1
0,-0.4033869,-0.8152864,0.88766986,-0.64910805,1.2154913,-0.29731682,-0.40069535,0,0,1
0,0.44800046,0.8746573,0.35167426,-0.8187871,1.2940978,-0.8807624,0.39947057,0,0,1
0,-0.95429355,-1.2208564,-0.31693882,-0.20993873,-1.4256848,-0.37370187,0.09940883,0,1,0
0,0.39791524,0.67187226,0.21353106,0.43883386,-0.34091607,0.9832437,0.1994291,0,1,0
0,1.7000542,1.4830534,2.390668,-1.6472197,-0.7653908,-1.333234,-1.2008623,0,0,1
0,-0.90420836,-1.1532751,-0.7700485,0.8680218,1.356983,0.7993413,0.09940883,0,1,0
0,0.44800046,0.80707604,1.3794596,-1.4475974,0.09927996,-1.4037893,0.2994503,0,1,0
0,-1.8056961,-1.8968339,2.9377148,-2.0564456,1.1840488,-1.9352336,0.79955447,0,0,1
0,1.4496434,1.5506347,-0.13458979,0.079513416,1.1840488,0.1774785,-0.6007378,0,1,0
0,0.24767493,1.1450647,-1.4939189,2.3951325,-0.32519478,2.0723634,1.1996374,0,0,1
0,1.0990776,0.8746573,1.2081621,-1.3577673,-1.6300616,-1.3264762,-0.9007995,1,0,0
0,1.649969,1.7534404,-0.31693882,0.43883386,-0.5452928,0.567002,-0.70075804,0,0,1
0,-1.2547895,-1.1532751,-0.83635724,0.85804045,-1.268472,0.7287176,0.79955447,0,1,0
1,-0.25314656,-0.4096958,-0.82530576,1.8761145,1.3727041,2.1227527,-0.10063361,0,1,0
0,-0.85413843,-0.4096958,0.036707778,-0.38959914,-0.21514577,-0.40858433,1.0996172,0,1,0
0,0.8486668,0.7394741,-0.18432134,-0.050241023,0.7910166,-0.049567983,-0.6007378,0,0,1
0,0.7985816,0.80707604,-0.79767716,0.6783804,-0.19942449,0.5167296,-0.40069535,1,0,0
0,-1.6053706,-1.626447,-0.58217376,0.82809716,0.47659084,0.90502274,0.79955447,0,1,0
0,-0.20306134,-0.54487896,-0.4937621,0.30907902,0.82245916,0.24417627,-0.40069535,0,1,0
0,0.34784535,0.4014854,-0.5545451,0.16934362,1.1997701,0.0011442618,-0.10063361,0,0,1
0,0.49808568,0.6042704,-0.4937621,0.5885506,-1.1427017,0.6406532,-0.10063361,0,1,0
1,1.649969,0.94225913,-0.23405288,0.59853154,1.9858344,0.86594164,-1.9010079,0,1,0
0,-0.5536425,-0.8828677,0.13617088,-0.5892215,-0.13653934,-0.6505909,-0.20065387,0,1,0
0,-1.6053706,-1.4912639,-0.91924316,0.2891171,-0.52957153,-0.10672507,0.999596,0,1,0
0,1.4496434,1.6858385,0.7937325,-0.7888438,-0.35663736,-0.5830239,-0.40069535,0,1,0
0,-0.753968,-0.8152864,0.09749078,-0.39958012,-1.3627998,-0.38501018,0.2994503,0,0,1
0,1.4997287,1.6858385,-0.1787956,-0.20993873,0.869623,-0.28117466,-0.50071657,1,0,0
0,-0.5536425,-1.0180714,0.22458252,-0.090165645,0.1778864,0.17415819,-0.40069535,0,1,0
0,0.29776013,-0.27449208,-0.20089853,-0.16003315,-0.6238992,-0.22259194,-1.0008208,0,0,1
0,-0.35331696,0.4014854,0.38482863,-0.85871154,-0.13653934,-0.92498016,1.2996587,0,0,1
0,1.8503097,1.6858385,0.721898,-1.3877106,0.49231213,-1.6022716,-1.2008623,0,1,0
0,-0.6037277,0.063496664,0.37377718,-0.050241023,-0.04221162,0.34002423,1.2996587,0,1,0
0,-1.3048747,-1.0856733,0.26878834,-0.7489192,1.5613596,-0.81879103,0.999596,0,1,0
0,-0.85413843,-1.3560601,-0.42192763,0.24919248,1.2940978,0.213171,-0.3006751,0,0,1
0,-0.45347208,-0.95046955,-0.5434936,-0.3796178,0.96395075,-0.764671,-0.50071657,0,0,1
0,0.19758973,-0.071707085,-0.6871626,-0.8187871,1.3255403,-1.4645791,-0.50071657,0,0,1
0,-0.45347208,0.063496664,-0.91924316,1.5567186,0.0049522435,1.5960835,0.999596,0,1,0
0,0.34784535,0.46908727,-1.1402723,2.095699,1.0897211,2.0818353,-0.0006123865,0,1,0
0,-0.25314656,-0.4772977,-0.106961146,0.22923017,0.649525,0.420052,-0.20065387,0,1,0
0,0.39791524,0.13109854,-1.3005184,1.2473042,0.7752953,0.8266843,-0.6007378,0,0,1
0,0.24767493,1.3478497,0.10301651,-0.3297122,0.08355868,-0.27499303,1.4997002,0,1,0
0,2.0506353,2.091429,0.6997951,-0.5393159,-1.1741443,-0.22958364,-1.0008208,0,1,0
1,-0.45347208,-0.00410521,-0.9523975,1.6265866,1.4984745,1.6569512,0.89957476,0,1,0
0,0.29776013,0.26628166,0.37930292,-0.080184296,1.7814577,0.29677317,-0.20065387,0,1,0
0,0.047349393,0.19867977,-1.0463349,0.87800276,-0.9068824,0.57473636,0.1994291,0,0,1
0,-0.7038828,-0.2068902,-1.2452611,0.967833,0.4451483,0.5186634,1.0996172,0,0,1
0,0.8987367,0.67187226,1.655746,-1.6372385,-1.2213081,-1.6204938,-0.8007793,0,0,1
1,-1.054464,-1.7616508,0.3572,-0.38959914,1.8443428,-0.20411572,-0.50071657,1,0,0
0,-1.4050299,-0.95046955,-0.14564124,-0.10014661,-0.46668637,-0.09644174,1.399679,0,0,1
0,-1.3048747,-1.0856733,-0.8916145,-0.0103164045,-0.70250565,-0.48948085,0.999596,0,1,0
0,-0.753968,-0.13930896,0.296417,-0.4894103,1.4984745,-0.39845717,1.2996587,0,1,0
0,1.8503097,1.8210422,0.00355341,0.4787581,1.3884255,0.8786364,-1.0008208,0,1,0
0,1.8503097,1.6858385,-0.7866257,0.5685883,1.2469339,0.37580463,-1.2008623,0,1,0
0,0.44800046,0.46908727,0.18590243,-0.8786736,-1.6615041,-1.066091,-0.20065387,0,1,0
0,1.8002245,1.4830534,0.86556697,-0.9285792,-1.6143403,-0.7741434,-1.4009037,0,1,0
0,0.8486668,0.8746573,0.9318757,-0.9485415,-0.48240766,-0.77152616,-0.40069535,0,1,0
0,0.7985816,0.4014854,0.32957137,-0.38959914,1.577081,-0.22174227,-1.0008208,0,0,1
0,1.0489924,0.94225913,-0.515865,-0.030278714,-0.19942449,-0.25276712,-0.70075804,0,1,0
0,1.3494883,0.7394741,1.0534418,-1.1880883,0.429427,-1.1114607,-1.6009462,0,1,0
0,-0.80405325,0.063496664,-1.1292208,1.7763033,-0.1837032,1.6765698,1.6997416,0,0,1
0,0.7985816,-0.071707085,-0.64295673,1.3570963,-0.19942449,1.5896382,-1.7009664,1,0,0
0,2.0506353,2.226612,0.77715534,-1.068315,0.7910166,-1.0517943,-0.8007793,0,0,1
0,-1.1045492,-1.0856733,3.258207,-2.0764077,0.6338037,-1.8669344,0.599513,0,1,0
0,-1.5052003,-1.2884582,-1.0187062,1.137512,-0.49812892,0.9426003,1.0996172,0,0,1
0,-0.6537976,-0.27449208,0.6942694,-0.88865477,1.1054423,-0.80204326,0.89957476,0,1,0
0,0.34784535,0.67187226,-1.123695,1.327153,-0.6238992,1.0951169,0.2994503,0,1,0
0,1.9504648,2.159031,0.5008689,-1.068315,-0.057932902,-1.194858,-0.70075804,0,0,1
0,1.4997287,1.6182365,0.48429173,-0.28978798,0.94822943,0.0358505,-0.6007378,1,0,0
0,1.7501394,1.8210422,-0.8087286,0.92790836,-0.4038012,0.8476703,-0.8007793,0,1,0
0,-1.3048747,-1.0180714,-0.23957862,-0.3596555,0.2879354,-0.5410227,1.0996172,0,1,0
0,1.0990776,1.1450647,0.09196506,-0.14007123,0.5866399,0.0065445583,-0.50071657,0,1,0
0,1.8503097,1.5506347,-0.9081917,0.61849385,-0.15226063,0.3447602,-1.4009037,0,1,0
0,1.7501394,1.2802478,-0.74241984,0.5586069,-1.5357338,0.39778647,-1.6009462,0,1,0
0,-0.85413843,-1.4236621,1.2523679,-1.3477862,0.5866399,-1.2886059,-0.40069535,0,1,0
0,0.8987367,0.6042704,1.8878266,-1.9067287,-1.3313571,-2.0196557,-0.9007995,0,0,1
0,-0.95429355,-0.4772977,1.1750077,-1.4775406,-0.48240766,-1.5472533,1.1996374,0,0,1
0,2.00055,2.159031,0.24668543,-0.13008988,-0.057932902,0.12755764,-0.8007793,0,1,0
0,0.24767493,0.4014854,0.45113736,-0.7988248,1.1997701,-0.7932056,0.09940883,0,0,1
0,0.19758973,0.80707604,-0.37219608,-0.26982567,1.2469339,-0.49696115,0.79955447,0,1,0
0,0.648326,0.8746573,-0.36114463,1.0676441,-1.5357338,1.4391531,-0.0006123865,0,1,0
0,1.4997287,0.80707604,-0.11248688,-0.19995777,0.49231213,-0.2219276,-1.8009876,0,0,1
0,0.24767493,0.33388352,0.13617088,-0.17999546,1.4355893,-0.024392402,-0.0006123865,0,1,0
0,1.9504648,2.0238273,-0.32799026,-0.0103164045,1.0739998,-0.09204728,-0.9007995,0,1,0
0,-0.7038828,-0.8152864,0.14722234,-0.090165645,-1.1269804,0.12070209,0.1994291,1,0,0
1,1.4997287,0.80707604,-1.0960665,1.0975873,1.0425571,0.8199462,-1.8009876,0,1,0
0,0.99890715,-0.00410521,-0.4992878,0.87800276,1.1526061,1.0465237,-2.001029,0,1,0
0,1.4496434,1.4830534,-1.1015922,1.7763033,-0.27803093,1.704792,-0.70075804,0,1,0
0,-1.4050299,-1.1532751,0.8489898,-1.1980695,1.2626551,-1.229525,1.0996172,0,1,0
0,1.1491475,0.67187226,-1.1623752,1.147493,0.7281314,0.8250733,-1.3008834,0,1,0
0,0.44800046,0.94225913,-0.040652413,0.14938131,0.2879354,0.349936,0.49949178,0,0,1
0,-1.8056961,-1.7616508,0.2577369,-0.4494857,-1.6929468,-0.36049938,0.999596,1,0,0
0,1.5498139,0.8746573,0.6500636,-0.8187871,1.7185725,-0.71307045,-1.8009876,0,1,0
0,0.29776013,-0.00410521,-1.3115698,2.2853405,-0.32519478,2.1387486,-0.6007378,0,0,1
0,-1.35496,-1.0856733,-0.28378445,-0.25984433,-0.60817796,-0.42415002,1.0996172,0,1,0
1,-0.50355726,0.13109854,-0.8971402,2.245416,-0.24658835,2.545645,1.1996374,0,1,0
1,0.19758973,1.212646,-1.4773417,1.916039,1.4198681,1.4948745,1.399679,0,1,0
0,0.29776013,0.46908727,-0.455082,-0.3297122,1.3412616,-0.63696814,0.09940883,0,0,1
0,0.39791524,0.46908727,-0.84740865,0.20926785,0.979672,-0.16054225,-0.10063361,0,0,1
0,0.097434595,0.13109854,-0.5490194,0.2891171,1.3098191,0.17396285,-0.0006123865,0,1,0
0,-0.7038828,-0.00410521,0.78268105,-0.4494857,-1.0012101,-0.031160075,1.399679,0,0,1
0,0.047349393,-0.13930896,-0.18432134,-0.47942898,-1.3627998,-0.6819577,-0.3006751,0,1,0
0,0.94882196,0.6042704,0.3185199,-0.3097499,-0.9068824,-0.10402947,-1.0008208,0,1,0
0,1.4496434,0.7394741,0.09196506,0.5286637,0.429427,1.0246102,-1.8009876,0,1,0
0,-0.052821014,-0.13930896,-0.34456745,0.76821065,0.067837395,1.0212998,-0.10063361,0,1,0
0,-0.4033869,-1.0180714,0.3019427,-0.41954243,0.82245916,-0.2860668,-0.70075804,0,0,1
0,-2.2063472,-2.5728114,-0.6926883,0.24919248,-0.60817796,0.009806137,0.599513,1,0,0
1,1.0489924,0.46908727,-1.184478,0.5087014,1.577081,-0.023152519,-1.4009037,0,1,0
0,-1.6053706,-1.2884582,1.6778489,-1.5773518,1.6399661,-1.5032891,1.2996587,0,0,1
0,-0.90420836,-0.6800827,1.0147616,-1.337805,0.94822943,-1.3830574,0.79955447,0,0,1
0,1.0489924,0.94225913,-0.81978005,0.9179274,-0.8754398,0.8244581,-0.70075804,0,1,0
0,-1.755611,-1.7616508,-1.3668271,1.2473042,-0.71822697,0.76516235,0.89957476,0,1,0
0,1.2493179,1.2802478,-0.7645228,0.48873943,1.4984745,0.28420493,-0.6007378,0,1,0
0,0.24767493,0.94225913,0.9374014,-0.7688815,-0.6867844,-0.4681433,0.89957476,0,1,0
0,1.1491475,0.6042704,-0.09038396,0.3190604,1.6085235,0.56629896,-1.4009037,0,0,1
0,-1.3048747,-1.0180714,-0.23405288,-0.3596555,-0.81255466,-0.5374684,1.0996172,0,0,1
0,2.1007204,2.159031,-0.880563,0.8680218,-1.4256848,0.70422596,-1.0008208,0,0,1
0,-0.95429355,-0.95046955,0.9760815,-0.9285792,0.1778864,-0.71418375,0.49949178,0,0,1
0,-1.2547895,-1.3560601,-0.60427666,0.4488148,1.1054423,0.35550252,0.49949178,0,0,1
0,-0.6537976,-1.1532751,-1.0518606,0.6584181,-0.52957153,0.28015244,-0.40069535,0,0,1
0,1.1992327,1.0774629,0.4566631,-0.4993913,-0.6238992,-0.31489465,-0.8007793,0,1,0
0,-1.1045492,-1.8968339,1.8823009,-1.6971253,1.0739998,-1.6361578,-0.6007378,0,1,0
0,-0.6037277,-0.2068902,0.23563398,0.4987204,-1.5200126,1.0932809,0.89957476,0,1,0
0,0.49808568,1.4830534,-0.22300144,0.14938131,0.5080334,0.21619855,1.1996374,0,0,1
0,-0.25314656,-0.4772977,-1.1402723,1.4070019,0.6180824,1.1836402,-0.20065387,0,1,0
0,1.649969,1.212646,0.04775923,-0.64910805,-0.5138502,-0.7945726,-1.500925,0,0,1
0,0.24767493,0.80707604,-0.7866257,0.5186827,-1.6615041,0.30759332,0.6995333,1,0,0
0,0.047349393,-0.54487896,-0.8529344,0.6085125,0.19360769,0.37635148,-0.9007995,0,0,1
0,0.19758973,0.063496664,0.025656322,0.18930593,1.1997701,0.45887902,-0.3006751,0,1,0
0,-0.30323175,-0.6124808,-0.2174757,0.32904133,-1.5357338,0.48391756,-0.3006751,0,0,1
0,1.0990776,1.212646,2.4403994,-1.8168987,-1.1269804,-1.6414506,-0.40069535,0,1,0
0,-1.8557814,-1.9644357,0.67769223,-0.70899457,1.2940978,-0.51901174,0.79955447,0,1,0
0,0.648326,0.6042704,1.2192135,-1.6072953,-0.49812892,-1.7509992,-0.40069535,0,1,0
0,0.7484964,0.46908727,1.3849853,-1.3777294,-1.5671765,-1.2789382,-0.8007793,1,0,0
1,1.1992327,0.67187226,-1.1126436,2.7544527,1.356983,2.9739861,-1.4009037,0,1,0
0,-0.95429355,-1.6940489,0.79925823,-0.6890327,1.4513106,-0.41543943,-0.6007378,0,1,0
0,-0.30323175,-0.54487896,-0.52691644,0.8181162,-1.3156358,0.9380884,-0.20065387,0,1,0
0,-0.4033869,-0.6124808,-0.84188294,0.8680218,-1.6300616,0.7375161,-0.10063361,0,1,0
0,1.1491475,1.009861,-0.52139074,0.4787581,-0.67106307,0.46301988,-0.8007793,0,0,1
0,0.047349393,-0.27449208,0.009079138,-0.29976895,-0.1837032,-0.29077408,-0.50071657,0,1,0
0,0.7484964,0.063496664,0.55060047,-0.65908897,-0.95404625,-0.51287884,-1.4009037,0,1,0
0,1.0489924,0.80707604,-0.26168153,0.4987204,0.85390174,0.69778067,-0.9007995,0,1,0
0,0.7484964,0.4014854,0.21353106,-0.5892215,0.19360769,-0.60397077,-0.9007995,0,1,0
0,1.0489924,0.8746573,-0.10143542,-0.8487304,1.4827532,-1.1799653,-0.8007793,0,1,0
0,0.097434595,1.0774629,-0.035126686,0.63845617,-1.3156358,1.0875386,1.399679,0,0,1
0,-0.4033869,0.13109854,0.8710927,-0.93856037,-1.5042913,-0.78771746,0.999596,0,1,0
0,0.648326,0.26628166,0.20800534,0.82809716,-0.46668637,1.5795115,-0.9007995,0,0,1
1,0.24767493,-0.071707085,-0.7866257,0.5885506,1.6085235,0.4030893,-0.6007378,1,0,0
0,0.34784535,1.4830534,-1.1292208,0.8979651,-0.71822697,0.5293269,1.4997002,1,0,0
0,1.1491475,1.1450647,-0.024075229,-0.1700145,-1.6143403,-0.11758394,-0.6007378,0,0,1
0,0.7985816,0.6042704,0.10854224,0.019626869,1.3098191,0.26144174,-0.70075804,0,1,0
0,-0.90420836,-0.6124808,-0.39982474,0.4488148,-0.4352438,0.5162902,0.89957476,0,1,0
0,-0.5536425,-0.8152864,-0.057229597,-0.7289569,-0.85971856,-0.97618055,-0.10063361,0,1,0
0,-1.1045492,-1.1532751,0.15274806,-0.43950474,0.36654183,-0.41106457,0.49949178,0,0,1
0,-2.2564325,-2.775617,-0.1180126,0.4088902,1.356983,0.678621,0.39947057,0,0,1
0,0.29776013,1.0774629,0.5008689,-0.8187871,-0.8754398,-0.7969162,0.999596,0,0,1
0,-0.20306134,-0.34209394,-0.47718492,0.13940035,0.94822943,0.015587095,-0.10063361,0,1,0
0,-0.052821014,-0.27449208,-0.71479124,1.1175497,-0.15226063,1.1911305,-0.3006751,1,0,0
0,-0.6037277,-0.071707085,-0.31693882,-0.090165645,-0.98548883,-0.20003362,1.0996172,0,1,0
0,0.7484964,0.4014854,-0.11248688,0.069532454,1.577081,0.17858179,-0.9007995,0,1,0
0,0.097434595,-0.4096958,2.4403994,-1.8568232,-1.0012101,-1.7188319,-0.8007793,0,1,0
0,-0.753968,-0.4772977,-0.6540082,1.0277195,0.25649282,1.1212391,0.79955447,1,0,0
0,-0.10290622,-0.4096958,3.9599745,-2.4057846,1.467032,-2.355831,-0.40069535,0,1,0
0,1.9003797,1.6858385,-0.95792323,0.5087014,0.5551973,0.15742046,-1.3008834,0,0,1
0,-0.052821014,0.33388352,0.20247962,-0.06022199,1.1840488,0.205056,0.599513,0,0,1
0,-1.4551151,-1.0856733,0.05881069,-0.29976895,0.9325082,-0.25825527,1.2996587,0,1,0
1,0.99890715,0.6042704,-0.8916145,1.3071907,1.6399661,1.2868123,-1.100842,0,1,0
0,-1.0043788,-1.2208564,-0.44403055,0.20926785,0.60236114,0.139579,0.1994291,0,1,0
0,0.59825605,0.67187226,-0.637431,0.13940035,0.36654183,-0.10165671,-0.20065387,0,0,1
0,-1.8056961,-1.7616508,-0.7534713,0.8380785,-0.59245664,0.772506,0.999596,0,1,0
1,-0.45347208,-0.13930896,-0.7811,1.5367566,1.7185725,1.7045189,0.6995333,0,1,0
0,0.29776013,-0.4096958,-0.10143542,-0.27980664,-0.27803093,-0.3333317,-1.2008623,0,0,1
0,0.648326,0.67187226,-0.71479124,1.2672665,0.8381804,1.3976691,-0.3006751,0,0,1
0,2.1007204,2.361816,-0.040652413,0.129419,0.8381804,0.32001492,-0.70075804,0,0,1
0,0.39791524,0.4014854,-0.68163687,0.2192492,1.8443428,-0.023377,-0.20065387,0,1,0
0,0.34784535,1.6182365,0.2798398,-0.20993873,-0.15226063,0.026016587,1.6997416,0,1,0
0,0.29776013,-0.4096958,-0.394299,0.4088902,-0.49812892,0.46329308,-1.2008623,0,1,0
0,1.7501394,1.5506347,-0.84740865,0.8979651,-1.1427017,0.77336526,-1.2008623,1,0,0
0,-0.052821014,0.80707604,-0.24510434,-0.41954243,1.0582784,-0.6321735,1.2996587,1,0,0
0,-0.50355726,-0.4096958,0.119593695,-0.26982567,-0.59245664,-0.17277807,0.39947057,0,0,1
0,-1.4551151,-1.0856733,0.26878834,-0.65908897,1.5141958,-0.6792234,1.2996587,0,0,1
0,-0.6537976,-0.27449208,-0.20642425,0.66839945,1.4198681,0.991076,0.89957476,0,1,0
0,1.1491475,0.8746573,-1.1900038,0.77819157,0.36654183,0.32153803,-1.0008208,0,1,0
0,-1.054464,-0.74768454,-0.68163687,-0.040260058,-0.98548883,-0.38290104,0.999596,1,0,0
0,-0.753968,-0.27449208,-0.26168153,0.16934362,-0.12081805,0.21696989,1.0996172,0,0,1
0,-1.2547895,-0.4096958,-1.2231581,1.8162279,0.60236114,1.6320984,1.8997831,0,1,0
0,-0.30323175,-0.071707085,0.15274806,0.05955111,-0.32519478,0.35405728,0.49949178,0,0,1
0,-0.6037277,-0.95046955,0.77715534,-1.0583339,-0.19942449,-1.035388,-0.20065387,0,1,0
0,-1.4551151,-1.0180714,0.9539786,-0.7888438,-0.938325,-0.49211773,1.399679,0,1,0
0,-1.4050299,-0.8828677,-0.16774416,-0.070203334,-0.6553418,-0.067467734,1.4997002,0,1,0
0,-1.1546191,-1.0180714,0.10854224,-0.47942898,0.3036567,-0.49977374,0.79955447,0,0,1
0,-1.5052003,-1.4236621,0.5284976,-0.83874923,0.6180824,-0.8133224,0.89957476,0,1,0
0,-0.4033869,-0.8828677,0.6113835,-0.9485415,-0.23086706,-0.94427687,-0.50071657,0,1,0
1,1.7501394,1.6182365,-1.4110329,3.0538862,-0.21514577,2.993673,-1.100842,0,1,0
0,1.5498139,1.6182365,-0.8916145,1.0077572,-0.057932902,0.8831092,-0.70075804,0,0,1
0,-1.1546191,-0.8828677,1.6004888,-1.5074841,-1.4256848,-1.4113474,0.999596,0,1,0
0,1.3494883,1.009861,-0.25063008,0.13940035,0.649525,0.18134569,-1.2008623,0,1,0
0,0.097434595,-0.2068902,0.76610386,-0.9485415,0.539476,-0.8608801,-0.50071657,0,1,0
0,0.7985816,0.4014854,3.1145382,-2.0265021,-1.5042913,-1.8129997,-1.0008208,0,1,0
0,-0.80405325,-0.4772977,0.014604866,-0.45946667,1.577081,-0.52809346,0.89957476,0,1,0
0,-0.90420836,-0.4772977,-1.0187062,0.37894693,0.539476,-0.06304414,1.0996172,0,1,0
0,-0.6037277,-0.54487896,-1.2894669,1.4469265,-0.9068824,1.0920115,0.39947057,1,0,0
0,1.2493179,0.26628166,-0.48823637,1.3570963,1.356983,1.7361976,-2.10105,0,0,1
0,0.34784535,0.53666854,-0.3556189,0.1992869,0.6180824,0.19095467,0.09940883,0,1,0
0,0.59825605,0.67187226,1.2247393,-1.0882771,1.3727041,-0.8544248,-0.20065387,0,1,0
0,0.24767493,1.2802478,1.1639563,-1.1681262,1.5613596,-1.0223999,1.399679,0,1,0
0,0.24767493,1.0774629,1.1308019,-1.317843,-0.21514577,-1.2944456,1.0996172,0,1,0
0,-0.4033869,-1.0856733,0.22458252,-0.7389382,0.539476,-0.8287515,-0.8007793,0,1,0
0,-1.3048747,-1.0180714,1.3407795,-1.4076729,-0.84399724,-1.3516122,1.0996172,0,1,0
0,1.8503097,1.8210422,-0.040652413,0.2691548,1.356983,0.5294635,-1.0008208,0,0,1
0,0.7985816,0.4014854,0.8379383,-0.98846596,-1.0640953,-0.8882135,-1.0008208,0,0,1
0,1.7501394,1.6182365,-0.20089853,-0.34967452,1.3098191,-0.50146306,-1.100842,0,1,0
0,-0.95429355,-0.8152864,-0.5876995,0.8181162,-0.71822697,0.886312,0.6995333,0,0,1
0,0.097434595,1.009861,-0.24510434,-0.15005219,-0.60817796,-0.23799188,1.2996587,0,1,0
0,-0.10290622,-0.00410521,-0.43850482,-0.28978798,0.96395075,-0.5691862,0.1994291,0,0,1
0,-0.5536425,-0.4772977,0.23010825,-0.9285792,-0.67106307,-1.1189119,0.39947057,0,0,1
1,1.2994031,0.13109854,-1.184478,2.2354348,-0.24658835,2.2153292,-2.4011126,0,1,0
0,-1.5552855,-1.3560601,-0.72031695,1.0676441,-1.0169314,1.1173332,1.0996172,0,0,1
0,-0.7038828,0.063496664,0.31299418,-0.6990136,-1.4571275,-0.7154728,1.4997002,0,0,1
0,-1.0043788,-1.626447,-0.6595339,0.57856923,0.6652463,0.49231625,-0.40069535,1,0,0
0,-1.35496,-0.95046955,-0.59875095,1.2972097,0.82245916,1.5476662,1.2996587,0,0,1
0,-0.15297614,-0.54487896,-0.3390417,-0.12010892,1.4355893,-0.25860682,-0.50071657,0,1,0
0,-0.15297614,-0.54487896,0.0809136,0.15936227,-0.71822697,0.45427012,-0.50071657,1,0,0
0,-0.052821014,-0.6124808,-0.14564124,0.37894693,1.2626551,0.61276287,-0.8007793,0,0,1
0,-0.50355726,-0.00410521,-0.28378445,0.62847483,1.4198681,0.8691053,0.999596,0,0,1
0,-0.6537976,-1.0180714,0.025656322,-0.47942898,0.8067379,-0.5513352,-0.20065387,0,1,0
0,-1.0043788,-1.2208564,-1.0076548,0.8181162,-1.5828978,0.5285847,0.1994291,0,1,0
0,-1.8056961,-1.6940489,0.31299418,-0.4894103,-0.5138502,-0.3881743,1.0996172,1,0,0
0,-0.15297614,-0.27449208,-1.206581,1.3371344,0.9167869,1.0299422,-0.10063361,0,1,0
0,1.7000542,1.0774629,-0.6319053,0.538645,1.1997701,0.45901608,-1.8009876,0,0,1
0,0.34784535,-0.34209394,-0.43297908,0.9877953,-1.6929468,1.2606505,-1.2008623,0,1,0
0,-0.35331696,-1.0180714,-0.84740865,0.2192492,-1.2213081,-0.14700736,-0.8007793,0,0,1
0,0.7484964,0.33388352,-0.47718492,0.41887155,0.33509928,0.4128841,-1.0008208,0,1,0
0,-0.5536425,-0.27449208,0.036707778,-0.469448,1.2940978,-0.5293629,0.6995333,1,0,0
0,-0.5536425,-0.8828677,0.036707778,0.33902267,0.09927996,0.6935228,-0.20065387,0,1,0
0,2.2008755,2.4294178,0.25221115,-0.110127576,-1.5514551,0.16229348,-0.8007793,0,1,0
0,-1.9058514,-1.8968339,-0.8695116,1.1973985,1.467032,1.1590998,0.999596,0,1,0
0,0.19758973,0.94225913,-1.0187062,1.6166055,0.22505026,1.577744,0.999596,0,0,1
0,-1.3048747,-0.8152864,-0.007498046,0.11943804,0.2879354,0.32919407,1.399679,0,1,0
0,0.44800046,0.26628166,-0.018549502,-0.57924014,-0.98548883,-0.72883195,-0.50071657,0,1,0
0,0.29776013,-0.4096958,-0.36114463,0.069532454,-0.32519478,-0.00027183618,-1.2008623,0,1,0
0,-0.50355726,0.13109854,0.8324126,-0.9285792,2.1430473,-0.79213107,1.1996374,0,1,0
0,-1.755611,-1.626447,-0.15116698,0.35898462,-0.24658835,0.57895505,1.0996172,0,1,0
0,0.24767493,0.26628166,1.2247393,-1.3477862,-1.5042913,-1.3015451,-0.10063361,0,1,0
0,-0.90420836,-0.6800827,-0.9910776,1.6764921,-0.010769043,1.6848706,0.79955447,1,0,0
0,-0.7038828,-1.2208564,-0.28378445,0.39890924,-1.0169314,0.53489345,-0.40069535,0,0,1
0,-1.755611,-1.626447,-0.59875095,0.5186827,-0.27803093,0.4576683,1.0996172,0,1,0
0,1.1491475,1.1450647,-0.12353833,-0.2398824,0.25649282,-0.28860623,-0.6007378,0,0,1
0,-0.25314656,-0.6800827,-0.7755742,0.967833,1.5613596,0.9312037,-0.50071657,0,0,1
0,-0.15297614,-0.54487896,1.3352538,-1.0383716,1.467032,-0.7106289,-0.50071657,0,1,0
1,1.3494883,0.33388352,-1.0408092,0.17932458,-1.5357338,-0.34401527,-2.2010705,0,1,0
0,-1.0043788,-0.071707085,-0.7534713,0.76821065,-1.0169314,0.6765993,1.8997831,0,1,0
0,1.8002245,1.6182365,-0.83635724,0.18930593,1.7814577,-0.17942871,-1.2008623,0,1,0
0,0.49808568,0.46908727,1.0368645,-0.54929686,0.3036567,-0.040339667,-0.3006751,0,1,0
0,-1.9559366,-2.2348225,-0.72031695,0.27913576,0.4137057,0.030333182,0.599513,0,1,0
0,1.3494883,0.7394741,-0.5490194,-0.050241023,0.60236114,-0.3041528,-1.6009462,0,1,0
0,0.14750452,1.009861,-0.4164019,0.09947573,-1.2370294,0.0028727208,1.1996374,1,0,0
0,0.8486668,0.80707604,-0.12353833,0.23921151,0.08355868,0.42247346,-0.50071657,0,1,0
0,-0.6537976,-0.2068902,-0.42745337,0.6783804,-1.6300616,0.82293457,0.999596,0,1,0
